season,batter,pp_balls,pp_runs,pp_sr,pp_boundary_pct,pp_dot_pct,mid_balls,mid_runs,mid_sr,mid_boundary_pct,mid_dot_pct,death_balls,death_runs,death_sr,death_boundary_pct,death_dot_pct,total_balls,total_runs,avg_batting_position,rapa
2008,A Chopra,35.0,23.0,65.7143,8.5714,60.0,15.0,18.0,120.0,13.3333,33.3333,2.0,1.0,50.0,0.0,50.0,52,42,2.6346,-21.1206
2008,A Kumble,0.0,0.0,0.0,0.0,0.0,0.0,0.0,0.0,0.0,0.0,17.0,13.0,76.4706,5.8824,41.1765,17,13,10.0,-13.3868
2008,A Mishra,0.0,0.0,0.0,0.0,0.0,31.0,31.0,100.0,9.6774,32.2581,11.0,6.0,54.5455,0.0,54.5455,42,37,7.119,-18.7181
2008,A Mukund,0.0,0.0,0.0,0.0,0.0,0.0,0.0,0.0,0.0,0.0,1.0,0.0,0.0,0.0,100.0,1,0,8.0,-1.5522
2008,A Nehra,0.0,0.0,0.0,0.0,0.0,0.0,0.0,0.0,0.0,0.0,13.0,3.0,23.0769,0.0,69.2308,13,3,10.5385,-17.1781
2008,A Symonds,19.0,23.0,121.0526,21.0526,57.8947,65.0,91.0,140.0,20.0,36.9231,21.0,47.0,223.8095,33.3333,19.0476,105,161,4.0,24.9467
2008,AA Noffke,0.0,0.0,0.0,0.0,0.0,10.0,9.0,90.0,10.0,40.0,0.0,0.0,0.0,0.0,0.0,10,9,8.0,-3.4659
2008,AB Agarkar,13.0,20.0,153.8462,23.0769,53.8462,20.0,22.0,110.0,15.0,45.0,13.0,12.0,92.3077,7.6923,23.0769,46,54,6.4565,-6.4564
2008,AB Dinda,0.0,0.0,0.0,0.0,0.0,1.0,1.0,100.0,0.0,0.0,3.0,1.0,33.3333,0.0,33.3333,4,2,10.25,-3.9031
2008,AB de Villiers,30.0,28.0,93.3333,10.0,53.3333,59.0,56.0,94.9153,3.3898,30.5085,9.0,11.0,122.2222,11.1111,33.3333,98,95,3.398,-27.9332
2008,AC Gilchrist,214.0,274.0,128.0374,22.4299,47.1963,104.0,162.0,155.7692,21.1538,31.7308,0.0,0.0,0.0,0.0,0.0,318,436,1.0,53.7284
2008,AD Mascarenhas,0.0,0.0,0.0,0.0,0.0,6.0,3.0,50.0,0.0,50.0,2.0,6.0,300.0,50.0,50.0,8,9,6.0,-1.5839
2008,AM Nayar,0.0,0.0,0.0,0.0,0.0,93.0,107.0,115.0538,10.7527,27.957,45.0,99.0,220.0,33.3333,17.7778,138,206,5.0797,20.2197
2008,AM Rahane,17.0,4.0,23.5294,5.8824,94.1176,0.0,0.0,0.0,0.0,0.0,0.0,0.0,0.0,0.0,0.0,17,4,1.8235,-16.0684
2008,AS Yadav,0.0,0.0,0.0,0.0,0.0,10.0,10.0,100.0,10.0,40.0,29.0,39.0,134.4828,20.6897,37.931,39,49,7.0256,-8.4786
2008,Abdur Razzak,0.0,0.0,0.0,0.0,0.0,0.0,0.0,0.0,0.0,0.0,2.0,0.0,0.0,0.0,100.0,2,0,11.0,-3.1043
2008,B Akhil,0.0,0.0,0.0,0.0,0.0,6.0,5.0,83.3333,16.6667,66.6667,25.0,41.0,164.0,24.0,28.0,31,46,7.2903,-0.2836
2008,B Chipli,28.0,20.0,71.4286,10.7143,60.7143,0.0,0.0,0.0,0.0,0.0,0.0,0.0,0.0,0.0,0.0,28,20,1.3571,-13.0539
2008,B Lee,0.0,0.0,0.0,0.0,0.0,0.0,0.0,0.0,0.0,0.0,13.0,17.0,130.7692,23.0769,46.1538,13,17,8.0,-3.1781
2008,BB McCullum,39.0,71.0,182.0513,33.3333,38.4615,32.0,58.0,181.25,21.875,21.875,21.0,59.0,280.9524,38.0952,14.2857,92,188,1.9783,69.4743
2008,BJ Hodge,17.0,12.0,70.5882,11.7647,64.7059,0.0,0.0,0.0,0.0,0.0,0.0,0.0,0.0,0.0,0.0,17,12,2.5294,-8.0684
2008,CK Kapugedera,0.0,0.0,0.0,0.0,0.0,3.0,1.0,33.3333,0.0,66.6667,20.0,15.0,75.0,0.0,25.0,23,16,5.913,-18.783
2008,CL White,14.0,7.0,50.0,7.1429,71.4286,78.0,90.0,115.3846,11.5385,33.3333,10.0,17.0,170.0,20.0,10.0,102,114,4.9902,-15.2827
2008,CRD Fernando,0.0,0.0,0.0,0.0,0.0,0.0,0.0,0.0,0.0,0.0,1.0,2.0,200.0,0.0,0.0,1,2,10.0,0.4478
2008,D Kalyankrishna,0.0,0.0,0.0,0.0,0.0,0.0,0.0,0.0,0.0,0.0,8.0,3.0,37.5,0.0,50.0,8,3,9.0,-9.4173
2008,D Salunkhe,0.0,0.0,0.0,0.0,0.0,7.0,8.0,114.2857,14.2857,28.5714,17.0,25.0,147.0588,23.5294,35.2941,24,33,8.0,-2.1129
2008,DB Das,32.0,35.0,109.375,21.875,62.5,42.0,49.0,116.6667,14.2857,40.4762,20.0,19.0,95.0,5.0,25.0,94,103,4.617,-18.176
2008,DB Ravi Teja,7.0,10.0,142.8571,28.5714,42.8571,36.0,38.0,105.5556,11.1111,38.8889,39.0,61.0,156.4103,23.0769,30.7692,82,109,5.561,-4.6751
2008,DJ Bravo,19.0,24.0,126.3158,26.3158,52.6316,75.0,92.0,122.6667,16.0,37.3333,40.0,62.0,155.0,17.5,20.0,134,178,5.2015,-0.0103
2008,DJ Hussey,29.0,20.0,68.9655,10.3448,68.9655,162.0,174.0,107.4074,11.7284,37.037,68.0,125.0,183.8235,20.5882,22.0588,259,319,4.7259,-22.7292
2008,DJ Thornely,20.0,4.0,20.0,0.0,75.0,33.0,35.0,106.0606,12.1212,33.3333,0.0,0.0,0.0,0.0,0.0,53,39,3.1132,-25.7474
2008,DNT Zoysa,0.0,0.0,0.0,0.0,0.0,1.0,1.0,100.0,0.0,0.0,8.0,10.0,125.0,12.5,12.5,9,11,8.0,-2.6639
2008,DP Vijaykumar,0.0,0.0,0.0,0.0,0.0,0.0,0.0,0.0,0.0,0.0,1.0,1.0,100.0,0.0,0.0,1,1,11.0,-0.5522
2008,DPMD Jayawardene,21.0,39.0,185.7143,28.5714,14.2857,68.0,95.0,139.7059,19.1176,39.7059,42.0,45.0,107.1429,7.1429,28.5714,131,179,5.0076,4.2506
2008,DR Smith,12.0,18.0,150.0,25.0,50.0,21.0,19.0,90.4762,9.5238,38.0952,7.0,8.0,114.2857,14.2857,28.5714,40,45,3.35,-6.2095
2008,DS Kulkarni,0.0,0.0,0.0,0.0,0.0,0.0,0.0,0.0,0.0,0.0,16.0,2.0,12.5,0.0,87.5,16,2,10.0,-22.8346
2008,DS Lehmann,3.0,4.0,133.3333,33.3333,33.3333,15.0,14.0,93.3333,13.3333,46.6667,0.0,0.0,0.0,0.0,0.0,18,18,5.0,-4.2404
2008,DT Patil,0.0,0.0,0.0,0.0,0.0,12.0,9.0,75.0,0.0,41.6667,1.0,4.0,400.0,100.0,0.0,13,13,7.0769,-3.5113
2008,DW Steyn,0.0,0.0,0.0,0.0,0.0,0.0,0.0,0.0,0.0,0.0,5.0,2.0,40.0,0.0,60.0,5,2,11.0,-5.7608
2008,G Gambhir,216.0,300.0,138.8889,23.1481,37.037,147.0,210.0,142.8571,15.6463,19.7279,16.0,24.0,150.0,18.75,18.75,379,534,1.0,70.9294
2008,GC Smith,176.0,181.0,102.8409,16.4773,48.8636,155.0,204.0,131.6129,15.4839,28.3871,31.0,56.0,180.6452,29.0323,22.5806,362,441,1.1989,-8.106
2008,GD McGrath,0.0,0.0,0.0,0.0,0.0,0.0,0.0,0.0,0.0,0.0,5.0,4.0,80.0,20.0,80.0,5,4,11.0,-3.7608
2008,H Das,0.0,0.0,0.0,0.0,0.0,0.0,0.0,0.0,0.0,0.0,5.0,2.0,40.0,0.0,60.0,5,2,7.0,-5.7608
2008,HH Gibbs,98.0,98.0,100.0,15.3061,54.0816,55.0,69.0,125.4545,18.1818,49.0909,0.0,0.0,0.0,0.0,0.0,153,167,2.2484,-17.2511
2008,Harbhajan Singh,0.0,0.0,0.0,0.0,0.0,1.0,0.0,0.0,0.0,100.0,16.0,30.0,187.5,25.0,31.25,17,30,8.0,3.9188
2008,I Sharma,0.0,0.0,0.0,0.0,0.0,5.0,4.0,80.0,20.0,60.0,6.0,7.0,116.6667,0.0,16.6667,11,11,10.0,-4.5459
2008,IK Pathan,4.0,7.0,175.0,0.0,25.0,44.0,26.0,59.0909,4.5455,54.5455,68.0,98.0,144.1176,19.1176,30.8824,116,131,6.181,-34.1191
2008,Iqbal Abdulla,0.0,0.0,0.0,0.0,0.0,0.0,0.0,0.0,0.0,0.0,2.0,1.0,50.0,0.0,50.0,2,1,8.0,-2.1043
2008,J Arunkumar,23.0,23.0,100.0,21.7391,60.8696,0.0,0.0,0.0,0.0,0.0,0.0,0.0,0.0,0.0,0.0,23,23,1.0,-4.1514
2008,JA Morkel,0.0,0.0,0.0,0.0,0.0,86.0,135.0,156.9767,23.2558,37.2093,77.0,106.0,137.6623,15.5844,31.1688,163,241,5.4294,14.2766
2008,JDP Oram,0.0,0.0,0.0,0.0,0.0,7.0,7.0,100.0,0.0,14.2857,5.0,11.0,220.0,40.0,40.0,12,18,6.0,1.513
2008,JH Kallis,85.0,95.0,111.7647,20.0,54.1176,77.0,77.0,100.0,9.0909,25.974,21.0,27.0,128.5714,14.2857,23.8095,183,199,3.1475,-29.9251
2008,JR Hopes,103.0,145.0,140.7767,23.301,43.6893,45.0,76.0,168.8889,24.4444,26.6667,0.0,0.0,0.0,0.0,0.0,148,221,2.0,43.3123
2008,Joginder Sharma,0.0,0.0,0.0,0.0,0.0,2.0,0.0,0.0,0.0,100.0,9.0,16.0,177.7778,22.2222,11.1111,11,16,8.0,-0.4626
2008,K Goel,64.0,61.0,95.3125,14.0625,57.8125,14.0,15.0,107.1429,14.2857,50.0,0.0,0.0,0.0,0.0,0.0,78,76,1.6282,-17.004
2008,KC Sangakkara,72.0,134.0,186.1111,34.7222,41.6667,97.0,138.0,142.268,17.5258,20.6186,29.0,48.0,165.5172,24.1379,20.6897,198,320,2.8737,69.0722
2008,KD Karthik,0.0,0.0,0.0,0.0,0.0,78.0,100.0,128.2051,14.1026,29.4872,29.0,45.0,155.1724,20.6897,27.5862,107,145,5.8224,2.7532
2008,Kamran Akmal,41.0,51.0,124.3902,24.3902,53.6585,20.0,51.0,255.0,40.0,20.0,17.0,26.0,152.9412,17.6471,29.4118,78,128,2.6667,28.2811
2008,L Balaji,0.0,0.0,0.0,0.0,0.0,0.0,0.0,0.0,0.0,0.0,4.0,0.0,0.0,0.0,75.0,4,0,9.0,-6.2087
2008,L Ronchi,32.0,34.0,106.25,21.875,65.625,0.0,0.0,0.0,0.0,0.0,0.0,0.0,0.0,0.0,0.0,32,34,1.0,-3.7759
2008,LA Pomersbach,21.0,35.0,166.6667,23.8095,38.0952,54.0,76.0,140.7407,18.5185,24.0741,24.0,41.0,170.8333,29.1667,29.1667,99,152,3.2525,22.6418
2008,LPC Silva,7.0,9.0,128.5714,28.5714,57.1429,9.0,8.0,88.8889,11.1111,33.3333,10.0,23.0,230.0,30.0,0.0,26,40,4.9231,4.9956
2008,LR Shukla,2.0,1.0,50.0,0.0,50.0,48.0,54.0,112.5,14.5833,37.5,72.0,108.0,150.0,20.8333,18.0556,122,163,6.5984,-10.9531
2008,LRPL Taylor,44.0,94.0,213.6364,38.6364,31.8182,36.0,55.0,152.7778,16.6667,19.4444,1.0,0.0,0.0,0.0,100.0,81,149,2.8148,50.6287
2008,M Kaif,38.0,22.0,57.8947,10.5263,65.7895,104.0,117.0,112.5,11.5385,37.5,29.0,37.0,127.5862,13.7931,41.3793,171,176,4.2047,-43.517
2008,M Kartik,0.0,0.0,0.0,0.0,0.0,12.0,17.0,141.6667,16.6667,25.0,15.0,13.0,86.6667,6.6667,33.3333,27,30,8.037,-8.2415
2008,M Muralitharan,0.0,0.0,0.0,0.0,0.0,0.0,0.0,0.0,0.0,0.0,3.0,0.0,0.0,0.0,100.0,3,0,10.0,-4.6565
2008,M Ntini,0.0,0.0,0.0,0.0,0.0,0.0,0.0,0.0,0.0,0.0,18.0,11.0,61.1111,11.1111,77.7778,18,11,10.6667,-16.9389
2008,M Rawat,2.0,0.0,0.0,0.0,100.0,10.0,10.0,100.0,10.0,50.0,27.0,24.0,88.8889,11.1111,44.4444,39,34,7.4615,-22.7353
2008,MA Khote,0.0,0.0,0.0,0.0,0.0,7.0,6.0,85.7143,0.0,28.5714,15.0,18.0,120.0,20.0,33.3333,22,24,8.0909,-8.0086
2008,MEK Hussey,24.0,24.0,100.0,20.8333,58.3333,50.0,78.0,156.0,16.0,20.0,26.0,66.0,253.8462,38.4615,19.2308,100,168,3.0,36.9823
2008,MF Maharoof,0.0,0.0,0.0,0.0,0.0,16.0,14.0,87.5,6.25,37.5,63.0,111.0,176.1905,25.3968,30.1587,79,125,7.0633,7.2683
2008,MK Pandey,3.0,0.0,0.0,0.0,100.0,0.0,0.0,0.0,0.0,0.0,6.0,3.0,50.0,0.0,50.0,9,3,5.6667,-9.8545
2008,MK Tiwary,12.0,14.0,116.6667,25.0,50.0,54.0,58.0,107.4074,14.8148,38.8889,19.0,32.0,168.4211,26.3158,10.5263,85,104,4.7059,-6.973
2008,ML Hayden,64.0,77.0,120.3125,23.4375,51.5625,46.0,69.0,150.0,17.3913,13.0435,21.0,43.0,204.7619,33.3333,14.2857,131,189,2.0,23.5096
2008,MM Patel,0.0,0.0,0.0,0.0,0.0,0.0,0.0,0.0,0.0,0.0,1.0,0.0,0.0,0.0,100.0,1,0,11.0,-1.5522
2008,MS Dhoni,1.0,0.0,0.0,0.0,100.0,204.0,229.0,112.2549,13.2353,42.6471,105.0,185.0,176.1905,24.7619,16.1905,310,414,4.6194,-4.4622
2008,MS Gony,0.0,0.0,0.0,0.0,0.0,1.0,0.0,0.0,0.0,100.0,22.0,35.0,159.0909,22.7273,36.3636,23,35,8.0435,-0.3942
2008,MV Boucher,24.0,22.0,91.6667,12.5,54.1667,88.0,89.0,101.1364,12.5,37.5,65.0,114.0,175.3846,24.6154,20.0,177,225,4.9435,-13.9225
2008,Misbah-ul-Haq,19.0,27.0,142.1053,26.3158,36.8421,42.0,48.0,114.2857,11.9048,35.7143,20.0,42.0,210.0,30.0,30.0,81,117,4.1481,11.1705
2008,Mohammad Asif,0.0,0.0,0.0,0.0,0.0,3.0,2.0,66.6667,0.0,33.3333,3.0,1.0,33.3333,0.0,66.6667,6,3,9.1667,-5.3963
2008,Mohammad Hafeez,36.0,28.0,77.7778,13.8889,63.8889,38.0,26.0,68.4211,5.2632,47.3684,9.0,10.0,111.1111,22.2222,55.5556,83,64,4.4337,-39.8378
2008,NK Patel,34.0,35.0,102.9412,20.5882,55.8824,25.0,31.0,124.0,12.0,24.0,22.0,37.0,168.1818,18.1818,18.1818,81,103,3.4444,-2.4492
2008,P Kumar,5.0,6.0,120.0,20.0,60.0,36.0,33.0,91.6667,13.8889,61.1111,57.0,73.0,128.0702,17.5439,40.3509,98,112,7.3571,-27.253
2008,PA Patel,199.0,198.0,99.4975,17.0854,54.7739,98.0,104.0,106.1224,11.2245,34.6939,0.0,0.0,0.0,0.0,0.0,297,302,1.0,-55.0846
2008,PJ Sangwan,0.0,0.0,0.0,0.0,0.0,0.0,0.0,0.0,0.0,0.0,5.0,2.0,40.0,0.0,60.0,5,2,8.4,-5.7608
2008,PM Sarvesh Kumar,0.0,0.0,0.0,0.0,0.0,0.0,0.0,0.0,0.0,0.0,2.0,1.0,50.0,0.0,50.0,2,1,10.0,-2.1043
2008,PP Chawla,0.0,0.0,0.0,0.0,0.0,15.0,12.0,80.0,6.6667,53.3333,44.0,78.0,177.2727,27.2727,34.0909,59,90,7.8814,3.006
2008,PP Ojha,0.0,0.0,0.0,0.0,0.0,0.0,0.0,0.0,0.0,0.0,4.0,2.0,50.0,0.0,25.0,4,2,9.5,-4.2087
2008,PR Shah,1.0,0.0,0.0,0.0,100.0,22.0,19.0,86.3636,9.0909,36.3636,12.0,15.0,125.0,16.6667,33.3333,35,34,5.7143,-13.2315
2008,Pankaj Singh,0.0,0.0,0.0,0.0,0.0,0.0,0.0,0.0,0.0,0.0,8.0,5.0,62.5,0.0,50.0,8,5,9.0,-7.4173
2008,R Bhatia,0.0,0.0,0.0,0.0,0.0,10.0,5.0,50.0,0.0,30.0,18.0,29.0,161.1111,22.2222,27.7778,28,34,7.0,-6.4048
2008,R Dravid,46.0,37.0,80.4348,10.8696,52.1739,194.0,221.0,113.9175,11.3402,29.3814,58.0,113.0,194.8276,32.7586,32.7586,298,371,4.3926,-15.1669
2008,R Vinay Kumar,0.0,0.0,0.0,0.0,0.0,7.0,8.0,114.2857,14.2857,42.8571,15.0,17.0,113.3333,13.3333,40.0,22,25,8.9091,-7.0086
2008,RA Jadeja,0.0,0.0,0.0,0.0,0.0,62.0,79.0,127.4194,16.129,33.871,41.0,56.0,136.5854,17.0732,31.7073,103,135,6.1942,-5.9273
2008,RG Sharma,19.0,16.0,84.2105,15.7895,57.8947,183.0,232.0,126.776,14.7541,32.2404,71.0,156.0,219.7183,38.0282,28.169,273,404,4.1465,43.2408
2008,RP Singh,0.0,0.0,0.0,0.0,0.0,0.0,0.0,0.0,0.0,0.0,24.0,27.0,112.5,12.5,29.1667,24,27,8.7917,-10.2519
2008,RR Powar,0.0,0.0,0.0,0.0,0.0,4.0,0.0,0.0,0.0,100.0,17.0,28.0,164.7059,29.4118,29.4118,21,28,9.0,-3.3731
2008,RR Raje,0.0,0.0,0.0,0.0,0.0,0.0,0.0,0.0,0.0,0.0,9.0,8.0,88.8889,11.1111,44.4444,9,8,9.0,-5.9695
2008,RR Sarwan,40.0,45.0,112.5,17.5,45.0,35.0,28.0,80.0,0.0,34.2857,0.0,0.0,0.0,0.0,0.0,75,73,3.3333,-17.8505
2008,RT Ponting,15.0,5.0,33.3333,0.0,66.6667,38.0,34.0,89.4737,7.8947,36.8421,0.0,0.0,0.0,0.0,0.0,53,39,3.0,-26.0779
2008,RV Uthappa,52.0,54.0,103.8462,17.3077,48.0769,188.0,212.0,112.766,13.8298,38.8298,39.0,54.0,138.4615,20.5128,30.7692,279,320,3.6237,-36.2793
2008,S Anirudha,7.0,1.0,14.2857,0.0,71.4286,0.0,0.0,0.0,0.0,0.0,0.0,0.0,0.0,0.0,0.0,7,1,2.0,-7.2635
2008,S Badrinath,33.0,34.0,103.0303,18.1818,60.6061,49.0,61.0,124.4898,18.3673,42.8571,48.0,97.0,202.0833,29.1667,16.6667,130,192,4.8538,17.4569
2008,S Chanderpaul,31.0,25.0,80.6452,12.9032,58.0645,0.0,0.0,0.0,0.0,0.0,0.0,0.0,0.0,0.0,0.0,31,25,1.3548,-11.5954
2008,S Dhawan,84.0,65.0,77.381,11.9048,60.7143,158.0,198.0,125.3165,14.557,30.3797,53.0,77.0,145.283,18.8679,28.3019,295,340,3.4034,-38.3877
2008,S Sohal,0.0,0.0,0.0,0.0,0.0,0.0,0.0,0.0,0.0,0.0,8.0,4.0,50.0,0.0,62.5,8,4,7.0,-8.4173
2008,S Sreesanth,0.0,0.0,0.0,0.0,0.0,0.0,0.0,0.0,0.0,0.0,3.0,0.0,0.0,0.0,66.6667,3,0,10.0,-4.6565
2008,S Vidyut,76.0,103.0,135.5263,23.6842,44.7368,30.0,42.0,140.0,20.0,36.6667,3.0,0.0,0.0,0.0,100.0,109,145,2.1284,13.2281
2008,SA Asnodkar,135.0,208.0,154.0741,26.6667,35.5556,98.0,103.0,105.102,13.2653,33.6735,0.0,0.0,0.0,0.0,0.0,233,311,2.0,29.4671
2008,SB Bangar,0.0,0.0,0.0,0.0,0.0,26.0,15.0,57.6923,0.0,46.1538,23.0,32.0,139.1304,17.3913,34.7826,49,47,7.0816,-21.1111
2008,SB Joshi,0.0,0.0,0.0,0.0,0.0,13.0,6.0,46.1538,0.0,53.8462,1.0,0.0,0.0,0.0,100.0,14,6,9.2857,-11.7578
2008,SB Styris,13.0,8.0,61.5385,0.0,30.7692,88.0,77.0,87.5,9.0909,42.0455,22.0,27.0,122.7273,13.6364,27.2727,123,112,3.8374,-47.194
2008,SC Ganguly,121.0,128.0,105.7851,16.5289,47.9339,165.0,159.0,96.3636,11.5152,49.697,21.0,62.0,295.2381,42.8571,9.5238,307,349,2.3811,-32.123
2008,SD Chitnis,0.0,0.0,0.0,0.0,0.0,0.0,0.0,0.0,0.0,0.0,10.0,18.0,180.0,20.0,10.0,10,18,7.6,2.4784
2008,SE Marsh,178.0,212.0,119.1011,17.4157,43.2584,226.0,353.0,156.1947,21.2389,26.9912,37.0,51.0,137.8378,16.2162,35.1351,441,616,1.0,66.7121
2008,SK Raina,68.0,93.0,136.7647,23.5294,44.1176,193.0,281.0,145.5959,16.5803,23.8342,34.0,47.0,138.2353,14.7059,23.5294,295,421,3.4915,47.3607
2008,SK Trivedi,0.0,0.0,0.0,0.0,0.0,0.0,0.0,0.0,0.0,0.0,12.0,5.0,41.6667,0.0,58.3333,12,5,10.0,-13.626
2008,SK Warne,0.0,0.0,0.0,0.0,0.0,10.0,9.0,90.0,10.0,40.0,49.0,61.0,124.4898,16.3265,36.7347,59,70,7.6102,-18.5219
2008,SM Katich,21.0,35.0,166.6667,33.3333,42.8571,32.0,41.0,128.125,15.625,37.5,16.0,20.0,125.0,6.25,6.25,69,96,2.7391,6.4841
2008,SM Pollock,6.0,1.0,16.6667,0.0,83.3333,63.0,66.0,104.7619,11.1111,36.5079,42.0,80.0,190.4762,30.9524,28.5714,111,147,5.6937,-3.8091
2008,SP Fleming,110.0,120.0,109.0909,17.2727,51.8182,55.0,76.0,138.1818,20.0,30.9091,0.0,0.0,0.0,0.0,0.0,165,196,2.1333,-2.4171
2008,SP Goswami,45.0,34.0,75.5556,6.6667,53.3333,39.0,48.0,123.0769,17.9487,41.0256,1.0,0.0,0.0,0.0,100.0,85,82,2.4941,-21.2915
2008,SR Tendulkar,83.0,92.0,110.8434,18.0723,49.3976,82.0,75.0,91.4634,10.9756,41.4634,12.0,21.0,175.0,33.3333,33.3333,177,188,2.0,-30.8276
2008,SR Watson,51.0,58.0,113.7255,17.6471,50.9804,226.0,351.0,155.3097,21.6814,29.2035,34.0,63.0,185.2941,23.5294,8.8235,311,472,3.865,77.2916
2008,SS Tiwary,0.0,0.0,0.0,0.0,0.0,10.0,17.0,170.0,30.0,40.0,10.0,9.0,90.0,10.0,40.0,20,26,6.5,-1.9875
2008,ST Jayasuriya,215.0,350.0,162.7907,28.8372,45.5814,94.0,164.0,174.4681,27.6596,30.8511,0.0,0.0,0.0,0.0,0.0,309,514,1.3269,143.0138
2008,Salman Butt,98.0,104.0,106.1224,19.3878,54.0816,57.0,73.0,128.0702,15.7895,26.3158,6.0,16.0,266.6667,66.6667,33.3333,161,193,1.0,-3.0573
2008,Shahid Afridi,18.0,43.0,238.8889,38.8889,27.7778,18.0,16.0,88.8889,11.1111,55.5556,10.0,22.0,220.0,40.0,40.0,46,81,4.1304,21.7908
2008,Shoaib Akhtar,0.0,0.0,0.0,0.0,0.0,5.0,2.0,40.0,0.0,60.0,2.0,0.0,0.0,0.0,100.0,7,2,9.0,-7.3373
2008,Shoaib Malik,13.0,17.0,130.7692,23.0769,30.7692,27.0,27.0,100.0,3.7037,25.9259,7.0,8.0,114.2857,14.2857,28.5714,47,52,4.5745,-7.8695
2008,Sohail Tanvir,8.0,13.0,162.5,25.0,37.5,10.0,11.0,110.0,20.0,50.0,11.0,12.0,109.0909,0.0,9.0909,29,36,6.0,-2.9837
2008,T Kohli,12.0,7.0,58.3333,8.3333,83.3333,0.0,0.0,0.0,0.0,0.0,3.0,3.0,100.0,0.0,0.0,15,10,2.0,-8.8224
2008,T Taibu,0.0,0.0,0.0,0.0,0.0,18.0,19.0,105.5556,11.1111,38.8889,8.0,12.0,150.0,12.5,25.0,26,31,5.0,-3.8559
2008,TM Dilshan,9.0,8.0,88.8889,22.2222,77.7778,55.0,64.0,116.3636,18.1818,43.6364,15.0,32.0,213.3333,33.3333,13.3333,79,104,4.9873,1.5306
2008,TM Srivastava,0.0,0.0,0.0,0.0,0.0,4.0,2.0,50.0,0.0,50.0,6.0,6.0,100.0,0.0,33.3333,10,8,6.2,-6.2993
2008,U Kaul,0.0,0.0,0.0,0.0,0.0,0.0,0.0,0.0,0.0,0.0,1.0,0.0,0.0,0.0,100.0,1,0,10.0,-1.5522
2008,Umar Gul,0.0,0.0,0.0,0.0,0.0,0.0,0.0,0.0,0.0,0.0,19.0,39.0,205.2632,31.5789,31.5789,19,39,8.4211,9.5089
2008,V Kohli,68.0,53.0,77.9412,11.7647,58.8235,76.0,90.0,118.4211,13.1579,31.5789,13.0,22.0,169.2308,30.7692,23.0769,157,165,3.6752,-30.1928
2008,V Sehwag,142.0,236.0,166.1972,27.4648,30.2817,78.0,170.0,217.9487,35.8974,19.2308,0.0,0.0,0.0,0.0,0.0,220,406,2.0,141.1355
2008,VRV Singh,0.0,0.0,0.0,0.0,0.0,0.0,0.0,0.0,0.0,0.0,3.0,4.0,133.3333,33.3333,33.3333,3,4,10.3333,-0.6565
2008,VS Yeligati,0.0,0.0,0.0,0.0,0.0,0.0,0.0,0.0,0.0,0.0,2.0,2.0,100.0,0.0,50.0,2,2,11.0,-1.1043
2008,VVS Laxman,72.0,78.0,108.3333,19.4444,50.0,54.0,74.0,137.037,16.6667,20.3704,6.0,3.0,50.0,0.0,33.3333,132,155,2.0909,-6.6246
2008,VY Mahesh,0.0,0.0,0.0,0.0,0.0,8.0,3.0,37.5,0.0,62.5,19.0,12.0,63.1579,0.0,42.1053,27,15,9.3704,-24.4638
2008,W Jaffer,72.0,62.0,86.1111,11.1111,54.1667,32.0,53.0,165.625,21.875,18.75,0.0,0.0,0.0,0.0,0.0,104,115,2.0481,-9.8866
2008,WA Mota,0.0,0.0,0.0,0.0,0.0,15.0,12.0,80.0,6.6667,46.6667,12.0,14.0,116.6667,8.3333,16.6667,27,26,7.1111,-11.3248
2008,WP Saha,33.0,37.0,112.1212,21.2121,57.5758,46.0,49.0,106.5217,10.8696,41.3043,40.0,73.0,182.5,17.5,15.0,119,159,5.6639,0.6139
2008,WPUJC Vaas,0.0,0.0,0.0,0.0,0.0,2.0,2.0,100.0,0.0,50.0,16.0,19.0,118.75,6.25,31.25,18,21,8.3889,-6.3278
2008,Y Venugopal Rao,42.0,35.0,83.3333,9.5238,59.5238,93.0,112.0,120.4301,11.828,33.3333,75.0,141.0,188.0,29.3333,22.6667,210,288,4.5143,6.074
2008,YK Pathan,73.0,115.0,157.5342,27.3973,43.8356,118.0,207.0,175.4237,25.4237,27.1186,52.0,113.0,217.3077,34.6154,21.1538,243,435,3.7819,121.0136
2008,YV Takawale,43.0,32.0,74.4186,6.9767,65.1163,9.0,9.0,100.0,11.1111,33.3333,13.0,29.0,223.0769,38.4615,7.6923,65,70,2.4,-12.1588
2008,Younis Khan,7.0,3.0,42.8571,0.0,57.1429,0.0,0.0,0.0,0.0,0.0,0.0,0.0,0.0,0.0,0.0,7,3,3.0,-5.2635
2008,Yuvraj Singh,16.0,27.0,168.75,25.0,50.0,115.0,163.0,141.7391,19.1304,32.1739,53.0,109.0,205.6604,32.0755,28.3019,184,299,4.1576,54.4895
2008,Z Khan,0.0,0.0,0.0,0.0,0.0,13.0,4.0,30.7692,0.0,69.2308,30.0,30.0,100.0,13.3333,40.0,43,34,9.186,-28.7706
2009,A Chopra,4.0,4.0,100.0,25.0,75.0,15.0,7.0,46.6667,6.6667,66.6667,0.0,0.0,0.0,0.0,0.0,19,11,5.0,-9.5964
2009,A Flintoff,13.0,14.0,107.6923,15.3846,53.8462,23.0,23.0,100.0,8.6957,26.087,17.0,25.0,147.0588,17.6471,23.5294,53,62,4.566,-1.4068
2009,A Kumble,0.0,0.0,0.0,0.0,0.0,5.0,1.0,20.0,0.0,80.0,14.0,15.0,107.1429,14.2857,35.7143,19,16,10.0,-9.2977
2009,A Mishra,0.0,0.0,0.0,0.0,0.0,0.0,0.0,0.0,0.0,0.0,20.0,26.0,130.0,20.0,50.0,20,26,8.2,-2.4515
2009,A Nehra,0.0,0.0,0.0,0.0,0.0,0.0,0.0,0.0,0.0,0.0,1.0,1.0,100.0,0.0,0.0,1,1,11.0,-0.4226
2009,A Singh,0.0,0.0,0.0,0.0,0.0,0.0,0.0,0.0,0.0,0.0,3.0,1.0,33.3333,0.0,66.6667,3,1,10.0,-3.2677
2009,A Symonds,13.0,19.0,146.1538,23.0769,38.4615,121.0,172.0,142.1488,14.0496,28.9256,32.0,58.0,181.25,18.75,18.75,166,249,4.4398,58.7747
2009,AA Bilakhia,32.0,23.0,71.875,6.25,56.25,20.0,10.0,50.0,0.0,50.0,29.0,34.0,117.2414,10.3448,20.6897,81,67,4.2593,-31.3935
2009,AB Agarkar,0.0,0.0,0.0,0.0,0.0,20.0,9.0,45.0,0.0,50.0,37.0,57.0,154.0541,16.2162,21.6216,57,66,8.0,-8.1617
2009,AB Dinda,0.0,0.0,0.0,0.0,0.0,0.0,0.0,0.0,0.0,0.0,3.0,2.0,66.6667,0.0,66.6667,3,2,10.6667,-2.2677
2009,AB McDonald,0.0,0.0,0.0,0.0,0.0,4.0,3.0,75.0,0.0,25.0,0.0,0.0,0.0,0.0,0.0,4,3,6.0,-1.3053
2009,AB de Villiers,63.0,61.0,96.8254,14.2857,53.9683,211.0,228.0,108.0569,7.5829,27.9621,81.0,176.0,217.284,32.0988,17.284,355,465,3.3859,52.5549
2009,AC Gilchrist,231.0,382.0,165.368,31.1688,45.8874,94.0,113.0,120.2128,11.7021,39.3617,0.0,0.0,0.0,0.0,0.0,325,495,1.2431,136.7483
2009,AD Mascarenhas,2.0,4.0,200.0,50.0,50.0,27.0,22.0,81.4815,7.4074,40.7407,10.0,13.0,130.0,10.0,20.0,39,39,5.9487,-6.5123
2009,AD Mathews,0.0,0.0,0.0,0.0,0.0,6.0,5.0,83.3333,0.0,16.6667,7.0,11.0,157.1429,28.5714,28.5714,13,16,5.0,-0.416
2009,AM Nayar,1.0,0.0,0.0,0.0,100.0,78.0,64.0,82.0513,3.8462,39.7436,73.0,129.0,176.7123,24.6575,23.2877,152,193,5.5658,4.0859
2009,AM Rahane,29.0,19.0,65.5172,3.4483,55.1724,47.0,55.0,117.0213,10.6383,21.2766,47.0,70.0,148.9362,19.1489,21.2766,123,144,4.4146,-5.722
2009,AN Ghosh,7.0,7.0,100.0,14.2857,57.1429,1.0,0.0,0.0,0.0,100.0,0.0,0.0,0.0,0.0,0.0,8,7,3.375,-1.8665
2009,AS Raut,0.0,0.0,0.0,0.0,0.0,26.0,29.0,111.5385,7.6923,34.6154,35.0,49.0,140.0,17.1429,34.2857,61,78,6.9836,0.2255
2009,B Akhil,0.0,0.0,0.0,0.0,0.0,7.0,9.0,128.5714,14.2857,42.8571,8.0,8.0,100.0,12.5,62.5,15,17,7.1333,-1.9149
2009,B Lee,0.0,0.0,0.0,0.0,0.0,2.0,2.0,100.0,0.0,0.0,32.0,26.0,81.25,9.375,50.0,34,28,8.3529,-19.675
2009,BAW Mendis,0.0,0.0,0.0,0.0,0.0,0.0,0.0,0.0,0.0,0.0,1.0,0.0,0.0,0.0,100.0,1,0,9.0,-1.4226
2009,BB McCullum,136.0,162.0,119.1176,18.3824,52.2059,76.0,71.0,93.4211,7.8947,39.4737,27.0,52.0,192.5926,29.6296,14.8148,239,285,1.3054,13.4371
2009,BJ Hodge,70.0,52.0,74.2857,10.0,62.8571,184.0,208.0,113.0435,11.413,34.7826,56.0,105.0,187.5,26.7857,12.5,310,365,3.1,9.3898
2009,C Nanda,0.0,0.0,0.0,0.0,0.0,0.0,0.0,0.0,0.0,0.0,1.0,0.0,0.0,0.0,100.0,1,0,10.0,-1.4226
2009,CH Gayle,107.0,131.0,122.4299,19.6262,56.0748,36.0,40.0,111.1111,11.1111,33.3333,0.0,0.0,0.0,0.0,0.0,143,171,1.979,13.1733
2009,D du Preez,0.0,0.0,0.0,0.0,0.0,4.0,3.0,75.0,0.0,50.0,9.0,7.0,77.7778,0.0,33.3333,13,10,8.0,-7.1085
2009,DA Warner,86.0,119.0,138.3721,19.7674,39.5349,45.0,44.0,97.7778,8.8889,40.0,1.0,0.0,0.0,0.0,100.0,132,163,2.0,17.4344
2009,DB Ravi Teja,6.0,1.0,16.6667,0.0,83.3333,26.0,20.0,76.9231,7.6923,42.3077,38.0,44.0,115.7895,13.1579,28.9474,70,65,5.5857,-23.7196
2009,DJ Bravo,42.0,41.0,97.619,14.2857,59.5238,121.0,113.0,93.3884,7.438,41.3223,40.0,64.0,160.0,20.0,30.0,203,218,4.1232,-15.8796
2009,DJ Hussey,12.0,23.0,191.6667,41.6667,50.0,30.0,32.0,106.6667,6.6667,36.6667,17.0,43.0,252.9412,35.2941,11.7647,59,98,4.2203,28.1718
2009,DL Vettori,0.0,0.0,0.0,0.0,0.0,21.0,17.0,80.9524,4.7619,28.5714,11.0,17.0,154.5455,18.1818,18.1818,32,34,6.3125,-4.2511
2009,DPMD Jayawardene,6.0,7.0,116.6667,16.6667,33.3333,96.0,108.0,112.5,10.4167,34.375,63.0,104.0,165.0794,20.6349,14.2857,165,219,4.8061,19.3733
2009,DR Smith,14.0,36.0,257.1429,35.7143,14.2857,83.0,127.0,153.012,19.2771,27.7108,35.0,52.0,148.5714,17.1429,31.4286,132,215,4.9545,60.2945
2009,DS Kulkarni,0.0,0.0,0.0,0.0,0.0,0.0,0.0,0.0,0.0,0.0,17.0,9.0,52.9412,0.0,41.1765,17,9,9.7647,-15.1837
2009,DW Steyn,0.0,0.0,0.0,0.0,0.0,3.0,0.0,0.0,0.0,100.0,0.0,0.0,0.0,0.0,0.0,3,0,10.0,-3.229
2009,FH Edwards,0.0,0.0,0.0,0.0,0.0,0.0,0.0,0.0,0.0,0.0,5.0,4.0,80.0,0.0,60.0,5,4,8.6,-3.1129
2009,G Gambhir,192.0,197.0,102.6042,13.5417,45.8333,71.0,64.0,90.1408,7.0423,39.4366,15.0,25.0,166.6667,20.0,26.6667,278,286,1.0,-25.4321
2009,GC Smith,129.0,111.0,86.0465,13.1783,55.814,78.0,91.0,116.6667,12.8205,28.2051,9.0,10.0,111.1111,11.1111,22.2222,216,212,1.5741,-28.3191
2009,GJ Bailey,29.0,36.0,124.1379,24.1379,48.2759,10.0,9.0,90.0,0.0,20.0,0.0,0.0,0.0,0.0,0.0,39,45,1.6923,1.963
2009,GR Napier,0.0,0.0,0.0,0.0,0.0,12.0,10.0,83.3333,0.0,41.6667,4.0,5.0,125.0,25.0,50.0,16,15,6.0,-3.6062
2009,HH Gibbs,154.0,172.0,111.6883,17.5325,51.2987,150.0,152.0,101.3333,8.0,33.3333,27.0,47.0,174.0741,18.5185,7.4074,331,371,2.1208,-0.243
2009,Harbhajan Singh,7.0,6.0,85.7143,0.0,42.8571,8.0,18.0,225.0,37.5,50.0,38.0,60.0,157.8947,21.0526,21.0526,53,84,6.1321,13.5414
2009,I Sharma,0.0,0.0,0.0,0.0,0.0,3.0,6.0,200.0,33.3333,0.0,10.0,10.0,100.0,10.0,50.0,13,16,9.4615,-1.4547
2009,IK Pathan,19.0,32.0,168.4211,31.5789,42.1053,69.0,71.0,102.8986,7.2464,34.7826,70.0,93.0,132.8571,17.1429,32.8571,158,196,5.6646,1.0085
2009,J Botha,13.0,11.0,84.6154,15.3846,61.5385,22.0,30.0,136.3636,9.0909,4.5455,5.0,6.0,120.0,20.0,40.0,40,47,4.375,1.7404
2009,JA Morkel,0.0,0.0,0.0,0.0,0.0,8.0,6.0,75.0,0.0,25.0,62.0,91.0,146.7742,19.3548,24.1935,70,97,5.5714,0.1899
2009,JD Ryder,42.0,53.0,126.1905,21.4286,50.0,7.0,3.0,42.8571,0.0,57.1429,0.0,0.0,0.0,0.0,0.0,49,56,1.0,1.7244
2009,JDP Oram,0.0,0.0,0.0,0.0,0.0,48.0,37.0,77.0833,6.25,47.9167,45.0,51.0,113.3333,13.3333,37.7778,93,88,5.5161,-27.6794
2009,JH Kallis,177.0,198.0,111.8644,19.209,56.4972,119.0,119.0,100.0,6.7227,28.5714,36.0,44.0,122.2222,8.3333,30.5556,332,361,1.8494,-15.2765
2009,JP Duminy,69.0,68.0,98.5507,17.3913,57.971,174.0,168.0,96.5517,6.8966,32.7586,82.0,136.0,165.8537,15.8537,9.7561,325,372,3.6462,-8.7209
2009,Joginder Sharma,0.0,0.0,0.0,0.0,0.0,0.0,0.0,0.0,0.0,0.0,18.0,20.0,111.1111,5.5556,33.3333,18,20,8.1667,-5.6063
2009,K Goel,97.0,99.0,102.0619,11.3402,45.3608,26.0,11.0,42.3077,0.0,57.6923,10.0,14.0,140.0,20.0,20.0,133,124,2.7895,-26.1603
2009,KC Sangakkara,62.0,39.0,62.9032,9.6774,59.6774,215.0,232.0,107.907,10.2326,33.4884,47.0,61.0,129.7872,12.766,23.4043,324,332,3.6512,-35.27
2009,KD Karthik,0.0,0.0,0.0,0.0,0.0,134.0,157.0,117.1642,10.4478,28.3582,83.0,131.0,157.8313,18.0723,22.8916,217,288,5.2903,25.6988
2009,KP Appanna,0.0,0.0,0.0,0.0,0.0,0.0,0.0,0.0,0.0,0.0,1.0,0.0,0.0,0.0,0.0,1,0,11.0,-1.4226
2009,KP Pietersen,43.0,47.0,109.3023,9.3023,44.186,40.0,45.0,112.5,15.0,40.0,2.0,1.0,50.0,0.0,50.0,85,93,2.9294,-0.7523
2009,KV Sharma,0.0,0.0,0.0,0.0,0.0,0.0,0.0,0.0,0.0,0.0,3.0,1.0,33.3333,0.0,66.6667,3,1,8.0,-3.2677
2009,Kamran Khan,0.0,0.0,0.0,0.0,0.0,4.0,3.0,75.0,0.0,50.0,1.0,0.0,0.0,0.0,100.0,5,3,11.0,-2.7279
2009,L Balaji,0.0,0.0,0.0,0.0,0.0,0.0,0.0,0.0,0.0,0.0,10.0,4.0,40.0,0.0,50.0,10,4,9.0,-10.2257
2009,L Ronchi,2.0,0.0,0.0,0.0,100.0,0.0,0.0,0.0,0.0,0.0,0.0,0.0,0.0,0.0,0.0,2,0,1.0,-2.2258
2009,LA Carseldine,35.0,38.0,108.5714,20.0,60.0,20.0,23.0,115.0,10.0,25.0,13.0,20.0,153.8462,15.3846,0.0,68,81,3.6176,2.029
2009,LA Pomersbach,26.0,28.0,107.6923,15.3846,46.1538,23.0,13.0,56.5217,0.0,43.4783,0.0,0.0,0.0,0.0,0.0,49,41,3.7143,-12.6906
2009,LR Shukla,3.0,1.0,33.3333,0.0,66.6667,53.0,49.0,92.4528,9.434,52.8302,29.0,33.0,113.7931,10.3448,31.0345,85,83,5.6118,-18.6385
2009,LRPL Taylor,40.0,31.0,77.5,10.0,55.0,118.0,159.0,134.7458,15.2542,33.8983,50.0,90.0,180.0,26.0,26.0,208,280,4.4327,37.3494
2009,M Kartik,0.0,0.0,0.0,0.0,0.0,0.0,0.0,0.0,0.0,0.0,20.0,21.0,105.0,0.0,10.0,20,21,9.0,-7.4515
2009,M Manhas,2.0,0.0,0.0,0.0,100.0,23.0,26.0,113.0435,8.6957,34.7826,37.0,49.0,132.4324,16.2162,32.4324,62,75,5.7581,-4.6165
2009,M Morkel,0.0,0.0,0.0,0.0,0.0,7.0,8.0,114.2857,14.2857,42.8571,1.0,0.0,0.0,0.0,100.0,8,8,8.0,-0.9569
2009,M Muralitharan,0.0,0.0,0.0,0.0,0.0,0.0,0.0,0.0,0.0,0.0,8.0,8.0,100.0,12.5,37.5,8,8,10.125,-3.3806
2009,M Rawat,0.0,0.0,0.0,0.0,0.0,7.0,4.0,57.1429,0.0,28.5714,12.0,12.0,100.0,8.3333,25.0,19,16,8.6842,-8.6052
2009,M Vijay,49.0,44.0,89.7959,10.2041,51.0204,18.0,16.0,88.8889,5.5556,33.3333,0.0,0.0,0.0,0.0,0.0,67,60,1.0,-13.9054
2009,MC Henriques,0.0,0.0,0.0,0.0,0.0,25.0,11.0,44.0,0.0,68.0,15.0,27.0,180.0,20.0,13.3333,40,38,5.2,-10.2467
2009,MF Maharoof,0.0,0.0,0.0,0.0,0.0,0.0,0.0,0.0,0.0,0.0,21.0,21.0,100.0,0.0,33.3333,21,21,7.619,-8.874
2009,MK Pandey,39.0,49.0,125.641,20.5128,43.5897,60.0,84.0,140.0,15.0,28.3333,19.0,35.0,184.2105,21.0526,21.0526,118,168,2.0847,32.9889
2009,MK Tiwary,0.0,0.0,0.0,0.0,0.0,3.0,0.0,0.0,0.0,100.0,10.0,9.0,90.0,10.0,40.0,13,9,6.0,-8.4547
2009,ML Hayden,192.0,285.0,148.4375,24.4792,41.1458,174.0,234.0,134.4828,16.092,29.3103,29.0,53.0,182.7586,24.1379,17.2414,395,572,2.4684,129.7903
2009,MM Patel,0.0,0.0,0.0,0.0,0.0,2.0,0.0,0.0,0.0,100.0,24.0,33.0,137.5,20.8333,25.0,26,33,10.6154,-3.2944
2009,MN van Wyk,25.0,28.0,112.0,20.0,56.0,64.0,73.0,114.0625,10.9375,25.0,43.0,66.0,153.4884,18.6047,16.2791,132,167,3.2652,9.1223
2009,MS Dhoni,2.0,4.0,200.0,50.0,50.0,175.0,197.0,112.5714,8.5714,29.1429,84.0,131.0,155.9524,17.8571,14.2857,261,332,4.1341,21.9211
2009,MS Gony,0.0,0.0,0.0,0.0,0.0,5.0,7.0,140.0,20.0,60.0,2.0,6.0,300.0,50.0,50.0,7,13,7.2857,4.7732
2009,MV Boucher,0.0,0.0,0.0,0.0,0.0,47.0,46.0,97.8723,4.2553,36.1702,69.0,104.0,150.7246,17.3913,28.9855,116,150,5.9483,1.2551
2009,Mashrafe Mortaza,0.0,0.0,0.0,0.0,0.0,0.0,0.0,0.0,0.0,0.0,2.0,2.0,100.0,0.0,50.0,2,2,6.0,-0.8451
2009,Mohammad Ashraful,10.0,2.0,20.0,0.0,70.0,0.0,0.0,0.0,0.0,0.0,0.0,0.0,0.0,0.0,0.0,10,2,4.0,-9.1289
2009,NK Patel,21.0,10.0,47.619,4.7619,71.4286,17.0,8.0,47.0588,0.0,58.8235,0.0,0.0,0.0,0.0,0.0,38,18,3.5789,-23.6682
2009,NV Ojha,79.0,76.0,96.2025,12.6582,59.4937,57.0,79.0,138.5965,17.5439,35.0877,8.0,13.0,162.5,25.0,62.5,144,168,2.0694,7.3507
2009,P Kumar,3.0,0.0,0.0,0.0,100.0,0.0,0.0,0.0,0.0,0.0,43.0,65.0,151.1628,16.2791,37.2093,46,65,8.1087,0.4907
2009,PA Patel,110.0,128.0,116.3636,18.1818,43.6364,16.0,14.0,87.5,6.25,31.25,0.0,0.0,0.0,0.0,0.0,126,142,1.1825,2.3612
2009,PC Valthaty,11.0,6.0,54.5455,9.0909,72.7273,1.0,0.0,0.0,0.0,100.0,0.0,0.0,0.0,0.0,0.0,12,6,2.8333,-7.3181
2009,PJ Sangwan,0.0,0.0,0.0,0.0,0.0,0.0,0.0,0.0,0.0,0.0,10.0,6.0,60.0,0.0,50.0,10,6,9.2,-8.2257
2009,PP Chawla,0.0,0.0,0.0,0.0,0.0,6.0,6.0,100.0,16.6667,50.0,30.0,25.0,83.3333,6.6667,36.6667,36,31,7.8611,-18.1351
2009,PP Ojha,0.0,0.0,0.0,0.0,0.0,2.0,0.0,0.0,0.0,100.0,5.0,1.0,20.0,0.0,60.0,7,1,10.2857,-8.2655
2009,PR Shah,30.0,30.0,100.0,10.0,50.0,12.0,11.0,91.6667,16.6667,50.0,9.0,12.0,133.3333,11.1111,22.2222,51,53,4.3529,-6.1057
2009,Pankaj Singh,0.0,0.0,0.0,0.0,0.0,0.0,0.0,0.0,0.0,0.0,2.0,1.0,50.0,0.0,50.0,2,1,8.5,-1.8451
2009,R Ashwin,0.0,0.0,0.0,0.0,0.0,2.0,0.0,0.0,0.0,100.0,13.0,8.0,61.5385,7.6923,61.5385,15,8,8.0,-12.6461
2009,R Bhatia,0.0,0.0,0.0,0.0,0.0,2.0,1.0,50.0,0.0,50.0,16.0,7.0,43.75,6.25,75.0,18,8,6.7222,-16.9138
2009,R Bishnoi,14.0,18.0,128.5714,21.4286,64.2857,1.0,0.0,0.0,0.0,100.0,2.0,1.0,50.0,0.0,50.0,17,19,2.9412,-0.5019
2009,R Dravid,37.0,44.0,118.9189,21.6216,51.3514,174.0,194.0,111.4943,10.9195,31.0345,23.0,33.0,143.4783,17.3913,34.7826,234,271,4.4573,9.8233
2009,R Vinay Kumar,0.0,0.0,0.0,0.0,0.0,10.0,7.0,70.0,0.0,50.0,34.0,40.0,117.6471,14.7059,41.1765,44,47,9.2955,-12.1307
2009,RA Jadeja,12.0,7.0,58.3333,8.3333,75.0,191.0,207.0,108.377,8.9005,32.4607,63.0,81.0,128.5714,14.2857,28.5714,266,295,5.0977,-13.555
2009,RE van der Merwe,28.0,28.0,100.0,14.2857,64.2857,40.0,55.0,137.5,17.5,37.5,30.0,39.0,130.0,16.6667,40.0,98,122,5.3061,5.1089
2009,RG Sharma,46.0,33.0,71.7391,10.8696,65.2174,190.0,204.0,107.3684,9.4737,32.6316,79.0,125.0,158.2278,21.519,31.6456,315,362,4.2381,-6.078
2009,RJ Harris,0.0,0.0,0.0,0.0,0.0,4.0,1.0,25.0,0.0,75.0,14.0,20.0,142.8571,0.0,14.2857,18,21,8.0,-3.2213
2009,RJ Quiney,71.0,65.0,91.5493,14.0845,53.5211,28.0,37.0,132.1429,17.8571,32.1429,3.0,1.0,33.3333,0.0,66.6667,102,103,1.2157,-10.4199
2009,RP Singh,0.0,0.0,0.0,0.0,0.0,6.0,2.0,33.3333,0.0,66.6667,11.0,6.0,54.5455,0.0,45.4545,17,8,8.7647,-14.1063
2009,RR Powar,0.0,0.0,0.0,0.0,0.0,0.0,0.0,0.0,0.0,0.0,22.0,23.0,104.5455,9.0909,31.8182,22,23,9.2273,-8.2966
2009,RR Raje,0.0,0.0,0.0,0.0,0.0,0.0,0.0,0.0,0.0,0.0,9.0,12.0,133.3333,11.1111,22.2222,9,12,9.0,-0.8032
2009,RS Bopara,75.0,69.0,92.0,9.3333,41.3333,30.0,32.0,106.6667,10.0,30.0,14.0,37.0,264.2857,35.7143,14.2857,119,138,1.0,2.3276
2009,RV Uthappa,76.0,57.0,75.0,9.2105,56.5789,75.0,90.0,120.0,14.6667,37.3333,19.0,28.0,147.3684,15.7895,21.0526,170,175,3.5,-17.3328
2009,S Badrinath,18.0,23.0,127.7778,22.2222,44.4444,107.0,98.0,91.5888,11.215,46.729,39.0,56.0,143.5897,20.5128,35.8974,164,177,4.4573,-13.6792
2009,S Dhawan,8.0,4.0,50.0,0.0,50.0,27.0,24.0,88.8889,7.4074,37.037,10.0,12.0,120.0,10.0,40.0,45,40,3.8889,-12.1896
2009,S Sohal,93.0,115.0,123.6559,18.2796,52.6882,0.0,0.0,0.0,0.0,0.0,0.0,0.0,0.0,0.0,0.0,93,115,1.0,11.5015
2009,S Sreesanth,0.0,0.0,0.0,0.0,0.0,0.0,0.0,0.0,0.0,0.0,18.0,5.0,27.7778,5.5556,83.3333,18,5,10.0,-20.6063
2009,SA Asnodkar,61.0,56.0,91.8033,14.7541,65.5738,32.0,42.0,131.25,18.75,37.5,0.0,0.0,0.0,0.0,0.0,93,98,2.4624,-4.3286
2009,SB Bangar,0.0,0.0,0.0,0.0,0.0,9.0,2.0,22.2222,0.0,55.5556,0.0,0.0,0.0,0.0,0.0,9,2,6.0,-7.6869
2009,SB Jakati,0.0,0.0,0.0,0.0,0.0,0.0,0.0,0.0,0.0,0.0,15.0,20.0,133.3333,20.0,33.3333,15,20,8.0,-1.3386
2009,SB Styris,0.0,0.0,0.0,0.0,0.0,5.0,6.0,120.0,0.0,0.0,3.0,8.0,266.6667,33.3333,33.3333,8,14,5.0,4.3507
2009,SC Ganguly,71.0,51.0,71.831,9.8592,66.1972,113.0,100.0,88.4956,7.0796,40.708,23.0,38.0,165.2174,17.3913,17.3913,207,189,3.2415,-44.359
2009,SD Chitnis,0.0,0.0,0.0,0.0,0.0,0.0,0.0,0.0,0.0,0.0,8.0,6.0,75.0,12.5,62.5,8,6,5.0,-5.3806
2009,SK Raina,93.0,141.0,151.6129,24.7312,47.3118,171.0,216.0,126.3158,14.6199,28.655,44.0,77.0,175.0,22.7273,27.2727,308,434,2.9286,83.8565
2009,SK Trivedi,0.0,0.0,0.0,0.0,0.0,0.0,0.0,0.0,0.0,0.0,18.0,9.0,50.0,0.0,50.0,18,9,9.4444,-16.6063
2009,SK Warne,0.0,0.0,0.0,0.0,0.0,57.0,48.0,84.2105,8.7719,49.1228,59.0,60.0,101.6949,8.4746,35.5932,116,108,7.9052,-37.2824
2009,SL Malinga,0.0,0.0,0.0,0.0,0.0,0.0,0.0,0.0,0.0,0.0,1.0,0.0,0.0,0.0,100.0,1,0,11.0,-1.4226
2009,SM Harwood,0.0,0.0,0.0,0.0,0.0,0.0,0.0,0.0,0.0,0.0,14.0,9.0,64.2857,0.0,28.5714,14,9,9.0,-10.916
2009,SM Katich,87.0,110.0,126.4368,19.5402,45.977,30.0,35.0,116.6667,13.3333,36.6667,0.0,0.0,0.0,0.0,0.0,117,145,2.7179,15.889
2009,SP Goswami,39.0,39.0,100.0,12.8205,51.2821,21.0,14.0,66.6667,4.7619,47.619,0.0,0.0,0.0,0.0,0.0,60,53,2.2333,-13.0055
2009,SR Tendulkar,131.0,131.0,100.0,13.7405,51.9084,155.0,211.0,136.129,18.0645,29.6774,17.0,22.0,129.4118,17.6471,17.6471,303,364,2.7294,27.1975
2009,SS Shaikh,0.0,0.0,0.0,0.0,0.0,7.0,6.0,85.7143,14.2857,57.1429,0.0,0.0,0.0,0.0,0.0,7,6,7.0,-1.5343
2009,SS Tiwary,0.0,0.0,0.0,0.0,0.0,0.0,0.0,0.0,0.0,0.0,12.0,13.0,108.3333,0.0,25.0,12,13,8.0,-4.0709
2009,ST Jayasuriya,120.0,131.0,109.1667,17.5,58.3333,72.0,90.0,125.0,12.5,31.9444,0.0,0.0,0.0,0.0,0.0,192,221,1.4375,9.958
2009,Shoaib Ahmed,0.0,0.0,0.0,0.0,0.0,2.0,1.0,50.0,0.0,50.0,4.0,0.0,0.0,0.0,100.0,6,1,9.1667,-6.8429
2009,T Henderson,10.0,2.0,20.0,0.0,80.0,6.0,9.0,150.0,16.6667,33.3333,0.0,0.0,0.0,0.0,0.0,16,11,4.25,-6.5868
2009,T Kohli,0.0,0.0,0.0,0.0,0.0,0.0,0.0,0.0,0.0,0.0,4.0,1.0,25.0,0.0,75.0,4,1,7.0,-4.6903
2009,T Thushara,0.0,0.0,0.0,0.0,0.0,0.0,0.0,0.0,0.0,0.0,7.0,2.0,28.5714,0.0,71.4286,7,2,9.7143,-7.958
2009,TL Suman,61.0,80.0,131.1475,16.3934,45.9016,105.0,128.0,121.9048,13.3333,33.3333,24.0,29.0,120.8333,8.3333,25.0,190,237,3.5316,21.9579
2009,TM Dilshan,101.0,151.0,149.505,26.7327,47.5248,186.0,171.0,91.9355,8.0645,39.2473,54.0,96.0,177.7778,24.0741,22.2222,341,418,3.5982,28.5828
2009,TM Srivastava,0.0,0.0,0.0,0.0,0.0,0.0,0.0,0.0,0.0,0.0,1.0,0.0,0.0,0.0,100.0,1,0,8.0,-1.4226
2009,V Kohli,25.0,21.0,84.0,16.0,60.0,134.0,129.0,96.2687,10.4478,44.7761,60.0,96.0,160.0,20.0,23.3333,219,246,5.1142,-11.4042
2009,V Sehwag,94.0,136.0,144.6809,25.5319,45.7447,44.0,62.0,140.9091,15.9091,20.4545,0.0,0.0,0.0,0.0,0.0,138,198,2.7029,46.0302
2009,VVS Laxman,24.0,14.0,58.3333,8.3333,75.0,9.0,5.0,55.5556,0.0,44.4444,0.0,0.0,0.0,0.0,0.0,33,19,2.8485,-17.3962
2009,W Jaffer,17.0,15.0,88.2353,11.7647,58.8235,0.0,0.0,0.0,0.0,0.0,0.0,0.0,0.0,0.0,0.0,17,15,2.0,-3.9191
2009,WA Mota,0.0,0.0,0.0,0.0,0.0,33.0,21.0,63.6364,0.0,36.3636,15.0,9.0,60.0,0.0,40.0,48,30,6.25,-26.8573
2009,WP Saha,0.0,0.0,0.0,0.0,0.0,11.0,12.0,109.0909,0.0,18.1818,30.0,60.0,200.0,23.3333,10.0,41,72,5.6829,17.4832
2009,WPUJC Vaas,0.0,0.0,0.0,0.0,0.0,12.0,17.0,141.6667,8.3333,16.6667,9.0,13.0,144.4444,11.1111,11.1111,21,30,6.5714,4.2809
2009,Y Nagar,0.0,0.0,0.0,0.0,0.0,15.0,11.0,73.3333,0.0,40.0,5.0,9.0,180.0,20.0,20.0,20,20,7.0,-3.2578
2009,Y Venugopal Rao,0.0,0.0,0.0,0.0,0.0,23.0,17.0,73.913,4.3478,52.1739,91.0,107.0,117.5824,8.7912,25.2747,114,124,6.2632,-30.2096
2009,YK Pathan,27.0,45.0,166.6667,37.037,59.2593,123.0,127.0,103.252,12.1951,44.7154,33.0,71.0,215.1515,33.3333,33.3333,183,243,5.1475,33.6191
2009,YV Takawale,22.0,18.0,81.8182,9.0909,54.5455,0.0,0.0,0.0,0.0,0.0,0.0,0.0,0.0,0.0,0.0,22,18,2.0,-6.4835
2009,Yashpal Singh,36.0,17.0,47.2222,5.5556,72.2222,17.0,13.0,76.4706,0.0,35.2941,13.0,17.0,130.7692,23.0769,38.4615,66,47,4.9394,-29.8549
2009,Yuvraj Singh,45.0,39.0,86.6667,11.1111,53.3333,209.0,235.0,112.4402,12.9187,40.1914,40.0,66.0,165.0,22.5,27.5,294,340,4.1054,8.065
2009,Z Khan,0.0,0.0,0.0,0.0,0.0,0.0,0.0,0.0,0.0,0.0,11.0,8.0,72.7273,0.0,27.2727,11,8,8.0,-7.6483
2010,A Kumble,0.0,0.0,0.0,0.0,0.0,0.0,0.0,0.0,0.0,0.0,11.0,6.0,54.5455,0.0,36.3636,11,6,10.6364,-10.512
2010,A Mishra,0.0,0.0,0.0,0.0,0.0,23.0,13.0,56.5217,0.0,43.4783,28.0,26.0,92.8571,3.5714,17.8571,51,39,8.5294,-30.394
2010,A Mithun,0.0,0.0,0.0,0.0,0.0,0.0,0.0,0.0,0.0,0.0,4.0,5.0,125.0,25.0,50.0,4,5,9.0,-1.0044
2010,A Nehra,0.0,0.0,0.0,0.0,0.0,0.0,0.0,0.0,0.0,0.0,20.0,23.0,115.0,15.0,40.0,20,23,9.4,-7.0219
2010,A Symonds,46.0,29.0,63.0435,10.8696,67.3913,227.0,294.0,129.5154,15.859,33.9207,68.0,106.0,155.8824,17.6471,25.0,341,429,4.4457,1.1362
2010,A Uniyal,0.0,0.0,0.0,0.0,0.0,0.0,0.0,0.0,0.0,0.0,7.0,4.0,57.1429,0.0,42.8571,7,4,7.8571,-6.5077
2010,AA Bilakhia,0.0,0.0,0.0,0.0,0.0,0.0,0.0,0.0,0.0,0.0,4.0,2.0,50.0,0.0,50.0,4,2,7.0,-4.0044
2010,AA Jhunjhunwala,26.0,19.0,73.0769,7.6923,57.6923,104.0,104.0,100.0,8.6538,37.5,36.0,60.0,166.6667,25.0,22.2222,166,183,4.6867,-26.2661
2010,AB Agarkar,0.0,0.0,0.0,0.0,0.0,0.0,0.0,0.0,0.0,0.0,29.0,40.0,137.931,13.7931,20.6897,29,40,8.1724,-3.5317
2010,AB Barath,14.0,18.0,128.5714,21.4286,42.8571,23.0,22.0,95.6522,13.0435,47.8261,5.0,2.0,40.0,0.0,60.0,42,42,2.6667,-9.8287
2010,AB Dinda,0.0,0.0,0.0,0.0,0.0,0.0,0.0,0.0,0.0,0.0,1.0,0.0,0.0,0.0,100.0,1,0,9.0,-1.5011
2010,AB McDonald,0.0,0.0,0.0,0.0,0.0,12.0,10.0,83.3333,0.0,25.0,40.0,55.0,137.5,12.5,22.5,52,65,6.7692,-9.3203
2010,AB de Villiers,49.0,48.0,97.9592,12.2449,48.9796,67.0,61.0,91.0448,1.4925,23.8806,3.0,2.0,66.6667,0.0,33.3333,119,111,3.479,-32.5735
2010,AC Gilchrist,162.0,249.0,153.7037,25.9259,41.9753,23.0,40.0,173.913,21.7391,21.7391,0.0,0.0,0.0,0.0,0.0,185,289,1.3189,65.3861
2010,AC Voges,9.0,7.0,77.7778,11.1111,55.5556,78.0,89.0,114.1026,10.2564,32.0513,56.0,85.0,151.7857,16.0714,14.2857,143,181,5.7203,-6.7614
2010,AD Mascarenhas,0.0,0.0,0.0,0.0,0.0,0.0,0.0,0.0,0.0,0.0,10.0,12.0,120.0,0.0,10.0,10,12,6.3,-3.0109
2010,AD Mathews,13.0,9.0,69.2308,7.6923,76.9231,91.0,94.0,103.2967,9.8901,34.0659,80.0,130.0,162.5,20.0,25.0,184,233,5.6848,-11.0996
2010,AG Paunikar,1.0,0.0,0.0,0.0,100.0,0.0,0.0,0.0,0.0,0.0,0.0,0.0,0.0,0.0,0.0,1,0,3.0,-1.2114
2010,AJ Finch,0.0,0.0,0.0,0.0,0.0,21.0,21.0,100.0,4.7619,33.3333,0.0,0.0,0.0,0.0,0.0,21,21,4.0,-3.9839
2010,AM Nayar,17.0,19.0,111.7647,11.7647,35.2941,27.0,30.0,111.1111,11.1111,37.037,7.0,9.0,128.5714,14.2857,14.2857,51,58,3.4118,-5.224
2010,AN Ahmed,0.0,0.0,0.0,0.0,0.0,0.0,0.0,0.0,0.0,0.0,7.0,4.0,57.1429,0.0,42.8571,7,4,10.0,-6.5077
2010,AP Dole,0.0,0.0,0.0,0.0,0.0,2.0,1.0,50.0,0.0,50.0,20.0,33.0,165.0,20.0,25.0,22,34,9.1818,1.5987
2010,AP Tare,33.0,44.0,133.3333,21.2121,51.5152,3.0,6.0,200.0,33.3333,66.6667,0.0,0.0,0.0,0.0,0.0,36,50,2.8333,6.4539
2010,AS Raut,0.0,0.0,0.0,0.0,0.0,9.0,13.0,144.4444,22.2222,22.2222,39.0,43.0,110.2564,10.2564,43.5897,48,56,7.6875,-13.2501
2010,AT Rayudu,30.0,47.0,156.6667,33.3333,46.6667,152.0,206.0,135.5263,15.7895,24.3421,64.0,103.0,160.9375,20.3125,28.125,246,356,4.4756,42.7515
2010,Anirudh Singh,20.0,18.0,90.0,15.0,60.0,32.0,32.0,100.0,9.375,37.5,14.0,13.0,92.8571,7.1429,50.0,66,63,3.4545,-20.3145
2010,B Lee,0.0,0.0,0.0,0.0,0.0,0.0,0.0,0.0,0.0,0.0,9.0,11.0,122.2222,11.1111,22.2222,9,11,7.5556,-2.5099
2010,B Sumanth,0.0,0.0,0.0,0.0,0.0,11.0,9.0,81.8182,9.0909,54.5455,26.0,26.0,100.0,7.6923,30.7692,37,35,7.1081,-17.1153
2010,BAW Mendis,0.0,0.0,0.0,0.0,0.0,0.0,0.0,0.0,0.0,0.0,1.0,1.0,100.0,0.0,0.0,1,1,11.0,-0.5011
2010,BB McCullum,34.0,25.0,73.5294,11.7647,64.7059,69.0,81.0,117.3913,15.942,39.1304,7.0,8.0,114.2857,14.2857,14.2857,110,114,2.4273,-19.786
2010,BJ Hodge,41.0,44.0,107.3171,14.6341,46.3415,49.0,55.0,112.2449,12.2449,32.6531,0.0,0.0,0.0,0.0,0.0,90,99,1.6778,-8.9641
2010,Bipul Sharma,0.0,0.0,0.0,0.0,0.0,0.0,0.0,0.0,0.0,0.0,7.0,9.0,128.5714,14.2857,14.2857,7,9,8.8571,-1.5077
2010,C Madan,19.0,15.0,78.9474,15.7895,63.1579,0.0,0.0,0.0,0.0,0.0,0.0,0.0,0.0,0.0,0.0,19,15,1.0,-8.017
2010,CA Pujara,52.0,55.0,105.7692,21.1538,55.7692,42.0,46.0,109.5238,9.5238,26.1905,21.0,21.0,100.0,9.5238,47.619,115,122,3.7391,-22.4848
2010,CH Gayle,91.0,125.0,137.3626,26.3736,48.3516,75.0,127.0,169.3333,21.3333,21.3333,18.0,40.0,222.2222,33.3333,11.1111,184,292,1.5054,65.5126
2010,CK Langeveldt,0.0,0.0,0.0,0.0,0.0,0.0,0.0,0.0,0.0,0.0,1.0,0.0,0.0,0.0,100.0,1,0,10.0,-1.5011
2010,CL White,11.0,4.0,36.3636,0.0,63.6364,0.0,0.0,0.0,0.0,0.0,22.0,44.0,200.0,27.2727,18.1818,33,48,4.8485,1.6503
2010,CRD Fernando,0.0,0.0,0.0,0.0,0.0,0.0,0.0,0.0,0.0,0.0,2.0,2.0,100.0,0.0,0.0,2,2,10.0,-1.0022
2010,DA Warner,121.0,177.0,146.281,25.6198,45.4545,57.0,89.0,156.1404,15.7895,21.0526,13.0,16.0,123.0769,7.6923,15.3846,191,282,1.0105,48.0902
2010,DE Bollinger,0.0,0.0,0.0,0.0,0.0,0.0,0.0,0.0,0.0,0.0,17.0,18.0,105.8824,11.7647,35.2941,17,18,9.8235,-7.5186
2010,DJ Bravo,10.0,14.0,140.0,20.0,50.0,26.0,18.0,69.2308,7.6923,53.8462,17.0,29.0,170.5882,17.6471,29.4118,53,61,4.8113,-7.5653
2010,DJ Hussey,7.0,2.0,28.5714,0.0,42.8571,49.0,45.0,91.8367,8.1633,36.7347,30.0,47.0,156.6667,20.0,26.6667,86,94,4.6395,-17.8085
2010,DL Vettori,0.0,0.0,0.0,0.0,0.0,6.0,3.0,50.0,0.0,50.0,21.0,30.0,142.8571,19.0476,9.5238,27,33,7.2963,-5.6612
2010,DP Nannes,0.0,0.0,0.0,0.0,0.0,4.0,2.0,50.0,0.0,50.0,9.0,2.0,22.2222,0.0,77.7778,13,4,10.1538,-14.2687
2010,DPMD Jayawardene,104.0,156.0,150.0,27.8846,38.4615,140.0,164.0,117.1429,12.8571,30.0,54.0,119.0,220.3704,35.1852,12.963,298,439,2.3624,65.3937
2010,DR Martyn,3.0,1.0,33.3333,0.0,66.6667,18.0,13.0,72.2222,0.0,27.7778,3.0,5.0,166.6667,33.3333,33.3333,24,19,3.0,-10.5523
2010,DR Smith,0.0,0.0,0.0,0.0,0.0,14.0,7.0,50.0,7.1429,64.2857,11.0,15.0,136.3636,9.0909,27.2727,25,22,6.0,-11.168
2010,DW Steyn,0.0,0.0,0.0,0.0,0.0,0.0,0.0,0.0,0.0,0.0,17.0,13.0,76.4706,11.7647,52.9412,17,13,9.7059,-12.5186
2010,EJG Morgan,0.0,0.0,0.0,0.0,0.0,20.0,27.0,135.0,15.0,25.0,10.0,8.0,80.0,0.0,40.0,30,35,5.1333,-3.8051
2010,FY Fazal,61.0,58.0,95.082,13.1148,44.2623,61.0,68.0,111.4754,11.4754,27.8689,32.0,38.0,118.75,15.625,28.125,154,164,3.5974,-30.5041
2010,G Gambhir,90.0,117.0,130.0,18.8889,36.6667,99.0,117.0,118.1818,11.1111,28.2828,28.0,43.0,153.5714,21.4286,35.7143,217,277,2.5945,8.1601
2010,GC Smith,34.0,43.0,126.4706,20.5882,44.1176,5.0,1.0,20.0,0.0,80.0,0.0,0.0,0.0,0.0,0.0,39,44,1.4359,-3.1369
2010,GJ Bailey,14.0,7.0,50.0,7.1429,71.4286,13.0,11.0,84.6154,7.6923,38.4615,0.0,0.0,0.0,0.0,0.0,27,18,3.0,-14.4261
2010,HH Gibbs,113.0,138.0,122.1239,19.469,47.7876,116.0,122.0,105.1724,10.3448,36.2069,6.0,7.0,116.6667,16.6667,16.6667,235,267,2.2255,-16.9036
2010,Harbhajan Singh,0.0,0.0,0.0,0.0,0.0,6.0,1.0,16.6667,0.0,66.6667,57.0,104.0,182.4561,29.8246,22.807,63,105,8.5238,12.2993
2010,Harmeet Singh,0.0,0.0,0.0,0.0,0.0,0.0,0.0,0.0,0.0,0.0,1.0,0.0,0.0,0.0,100.0,1,0,9.0,-1.5011
2010,I Sharma,0.0,0.0,0.0,0.0,0.0,2.0,1.0,50.0,0.0,50.0,15.0,5.0,33.3333,0.0,66.6667,17,6,10.8824,-18.8958
2010,IK Pathan,35.0,41.0,117.1429,17.1429,37.1429,74.0,84.0,113.5135,8.1081,22.973,77.0,151.0,196.1039,24.6753,12.987,186,276,4.7903,29.9774
2010,Iqbal Abdulla,0.0,0.0,0.0,0.0,0.0,0.0,0.0,0.0,0.0,0.0,1.0,0.0,0.0,0.0,0.0,1,0,10.0,-1.5011
2010,J Theron,0.0,0.0,0.0,0.0,0.0,0.0,0.0,0.0,0.0,0.0,5.0,2.0,40.0,0.0,60.0,5,2,8.8,-5.5055
2010,JA Morkel,0.0,0.0,0.0,0.0,0.0,55.0,64.0,116.3636,9.0909,30.9091,76.0,134.0,176.3158,23.6842,25.0,131,198,5.7786,18.4828
2010,JH Kallis,246.0,274.0,111.3821,18.2927,47.1545,200.0,197.0,98.5,7.5,31.0,48.0,101.0,210.4167,33.3333,16.6667,494,572,1.8016,-36.0044
2010,JM Kemp,3.0,2.0,66.6667,0.0,33.3333,13.0,20.0,153.8462,15.3846,38.4615,8.0,4.0,50.0,0.0,50.0,24,26,5.3333,-5.1092
2010,JP Duminy,17.0,24.0,141.1765,29.4118,47.0588,65.0,46.0,70.7692,3.0769,41.5385,49.0,87.0,177.551,22.449,14.2857,131,157,4.9008,-14.4789
2010,Jaskaran Singh,0.0,0.0,0.0,0.0,0.0,2.0,1.0,50.0,0.0,50.0,9.0,7.0,77.7778,0.0,44.4444,11,8,9.0,-7.8893
2010,K Goel,0.0,0.0,0.0,0.0,0.0,2.0,2.0,100.0,0.0,0.0,18.0,16.0,88.8889,11.1111,50.0,20,18,7.15,-11.3991
2010,KA Pollard,1.0,1.0,100.0,0.0,0.0,56.0,67.0,119.6429,12.5,37.5,90.0,205.0,227.7778,36.6667,23.3333,147,273,6.0952,70.0664
2010,KAJ Roach,0.0,0.0,0.0,0.0,0.0,2.0,5.0,250.0,50.0,0.0,7.0,5.0,71.4286,0.0,42.8571,9,10,9.0,-2.8871
2010,KB Arun Karthik,0.0,0.0,0.0,0.0,0.0,0.0,0.0,0.0,0.0,0.0,5.0,3.0,60.0,0.0,20.0,5,3,7.0,-4.5055
2010,KC Sangakkara,90.0,132.0,146.6667,25.5556,40.0,143.0,189.0,132.1678,16.0839,25.8741,24.0,36.0,150.0,25.0,33.3333,257,357,3.0545,41.8173
2010,KD Karthik,23.0,16.0,69.5652,4.3478,47.8261,164.0,169.0,103.0488,10.3659,31.7073,50.0,93.0,186.0,28.0,24.0,237,278,4.8608,-20.0297
2010,KM Jadhav,2.0,2.0,100.0,0.0,50.0,31.0,36.0,116.129,12.9032,29.0323,23.0,38.0,165.2174,21.7391,30.4348,56,76,5.3214,2.171
2010,KP Appanna,0.0,0.0,0.0,0.0,0.0,0.0,0.0,0.0,0.0,0.0,3.0,2.0,66.6667,0.0,33.3333,3,2,10.3333,-2.5033
2010,KP Pietersen,48.0,84.0,175.0,31.25,37.5,84.0,109.0,129.7619,11.9048,22.619,25.0,43.0,172.0,24.0,20.0,157,236,3.1783,40.3888
2010,L Balaji,0.0,0.0,0.0,0.0,0.0,4.0,1.0,25.0,0.0,75.0,16.0,17.0,106.25,12.5,43.75,20,18,9.0,-10.7764
2010,LR Shukla,0.0,0.0,0.0,0.0,0.0,16.0,19.0,118.75,18.75,31.25,10.0,17.0,170.0,20.0,40.0,26,36,7.3846,1.9537
2010,LRPL Taylor,0.0,0.0,0.0,0.0,0.0,54.0,56.0,103.7037,7.4074,35.1852,21.0,32.0,152.381,19.0476,23.8095,75,88,5.2933,-7.7673
2010,M Kaif,0.0,0.0,0.0,0.0,0.0,25.0,23.0,92.0,8.0,36.0,5.0,5.0,100.0,0.0,20.0,30,28,6.4667,-9.2482
2010,M Kartik,0.0,0.0,0.0,0.0,0.0,7.0,7.0,100.0,14.2857,57.1429,15.0,15.0,100.0,6.6667,33.3333,22,22,9.9091,-8.8444
2010,M Manhas,8.0,11.0,137.5,25.0,37.5,86.0,82.0,95.3488,8.1395,32.5581,55.0,64.0,116.3636,9.0909,21.8182,149,157,5.9866,-37.5665
2010,M Morkel,0.0,0.0,0.0,0.0,0.0,0.0,0.0,0.0,0.0,0.0,16.0,9.0,56.25,6.25,68.75,16,9,8.4375,-15.0175
2010,M Muralitharan,0.0,0.0,0.0,0.0,0.0,0.0,0.0,0.0,0.0,0.0,2.0,1.0,50.0,0.0,50.0,2,1,10.0,-2.0022
2010,M Vijay,167.0,241.0,144.3114,20.3593,39.521,102.0,153.0,150.0,17.6471,31.3725,23.0,64.0,278.2609,43.4783,17.3913,292,458,1.226,99.8168
2010,MC Henriques,0.0,0.0,0.0,0.0,0.0,1.0,4.0,400.0,100.0,0.0,4.0,7.0,175.0,25.0,25.0,5,11,6.0,3.8059
2010,MD Mishra,99.0,108.0,109.0909,17.1717,51.5152,45.0,58.0,128.8889,15.5556,35.5556,0.0,0.0,0.0,0.0,0.0,144,166,3.0069,-7.4678
2010,MEK Hussey,4.0,4.0,100.0,0.0,50.0,27.0,20.0,74.0741,7.4074,51.8519,13.0,13.0,100.0,0.0,7.6923,44,37,5.3409,-19.4821
2010,MF Maharoof,0.0,0.0,0.0,0.0,0.0,18.0,28.0,155.5556,22.2222,33.3333,5.0,3.0,60.0,0.0,40.0,23,31,4.7391,2.0798
2010,MJ Lumb,152.0,225.0,148.0263,27.6316,41.4474,40.0,53.0,132.5,22.5,45.0,0.0,0.0,0.0,0.0,0.0,192,278,1.0938,46.2753
2010,MK Pandey,158.0,178.0,112.6582,16.4557,48.1013,68.0,71.0,104.4118,11.7647,41.1765,0.0,0.0,0.0,0.0,0.0,226,249,1.3009,-23.3051
2010,MK Tiwary,45.0,60.0,133.3333,24.4444,51.1111,108.0,115.0,106.4815,8.3333,27.7778,33.0,62.0,187.8788,24.2424,9.0909,186,237,3.4409,4.4613
2010,ML Hayden,205.0,237.0,115.6098,19.0244,51.7073,74.0,109.0,147.2973,18.9189,32.4324,0.0,0.0,0.0,0.0,0.0,279,346,2.0,9.6198
2010,MM Patel,0.0,0.0,0.0,0.0,0.0,0.0,0.0,0.0,0.0,0.0,5.0,4.0,80.0,0.0,20.0,5,4,9.4,-3.5055
2010,MR Marsh,0.0,0.0,0.0,0.0,0.0,18.0,14.0,77.7778,5.5556,38.8889,12.0,14.0,116.6667,8.3333,25.0,30,28,6.0,-11.4279
2010,MS Bisla,117.0,146.0,124.7863,22.2222,51.2821,52.0,65.0,125.0,11.5385,32.6923,9.0,7.0,77.7778,11.1111,55.5556,178,218,2.2584,0.8888
2010,MS Dhoni,8.0,6.0,75.0,12.5,50.0,156.0,190.0,121.7949,12.8205,28.8462,46.0,91.0,197.8261,28.2609,13.0435,210,287,4.7905,22.6637
2010,MS Gony,0.0,0.0,0.0,0.0,0.0,0.0,0.0,0.0,0.0,0.0,6.0,2.0,33.3333,0.0,66.6667,6,2,7.0,-7.0066
2010,MV Boucher,0.0,0.0,0.0,0.0,0.0,1.0,1.0,100.0,0.0,0.0,9.0,12.0,133.3333,11.1111,22.2222,10,13,7.0,-1.6996
2010,Mandeep Singh,11.0,4.0,36.3636,9.0909,90.9091,0.0,0.0,0.0,0.0,0.0,0.0,0.0,0.0,0.0,0.0,11,4,3.0,-9.3257
2010,NV Ojha,167.0,208.0,124.5509,20.9581,47.3054,92.0,122.0,132.6087,15.2174,30.4348,26.0,47.0,180.7692,30.7692,30.7692,285,377,2.0491,26.2107
2010,OA Shah,5.0,5.0,100.0,20.0,60.0,42.0,42.0,100.0,7.1429,30.9524,48.0,68.0,141.6667,16.6667,29.1667,95,115,4.5158,-13.0774
2010,P Dogra,0.0,0.0,0.0,0.0,0.0,66.0,50.0,75.7576,4.5455,50.0,40.0,57.0,142.5,15.0,30.0,106,107,6.1132,-31.5646
2010,P Kumar,0.0,0.0,0.0,0.0,0.0,2.0,1.0,50.0,0.0,50.0,6.0,3.0,50.0,0.0,50.0,8,4,8.75,-7.386
2010,PA Patel,42.0,29.0,69.0476,9.5238,57.1429,27.0,33.0,122.2222,11.1111,25.9259,10.0,10.0,100.0,10.0,40.0,79,72,1.0,-26.0129
2010,PD Collingwood,19.0,26.0,136.8421,21.0526,42.1053,92.0,96.0,104.3478,8.6957,36.9565,45.0,81.0,180.0,22.2222,26.6667,156,203,4.891,2.9805
2010,PJ Sangwan,0.0,0.0,0.0,0.0,0.0,9.0,4.0,44.4444,0.0,55.5556,5.0,6.0,120.0,0.0,0.0,14,10,8.3571,-8.2129
2010,PP Chawla,0.0,0.0,0.0,0.0,0.0,11.0,8.0,72.7273,9.0909,54.5455,49.0,54.0,110.2041,12.2449,32.6531,60,62,8.0333,-24.6404
2010,PP Ojha,0.0,0.0,0.0,0.0,0.0,0.0,0.0,0.0,0.0,0.0,8.0,3.0,37.5,0.0,75.0,8,3,10.25,-9.0088
2010,Pankaj Singh,0.0,0.0,0.0,0.0,0.0,0.0,0.0,0.0,0.0,0.0,2.0,1.0,50.0,0.0,50.0,2,1,10.0,-2.0022
2010,R Ashwin,0.0,0.0,0.0,0.0,0.0,13.0,6.0,46.1538,0.0,53.8462,27.0,24.0,88.8889,7.4074,29.6296,40,30,7.85,-25.9958
2010,R Bhatia,0.0,0.0,0.0,0.0,0.0,5.0,1.0,20.0,0.0,60.0,12.0,23.0,191.6667,25.0,25.0,17,24,7.4706,0.0383
2010,R Dravid,79.0,94.0,118.9873,18.9873,44.3038,110.0,147.0,133.6364,18.1818,26.3636,10.0,15.0,150.0,20.0,20.0,199,256,3.1256,14.4187
2010,R McLaren,18.0,12.0,66.6667,5.5556,50.0,31.0,30.0,96.7742,9.6774,38.7097,20.0,24.0,120.0,15.0,20.0,69,66,3.7681,-22.7085
2010,R Sathish,0.0,0.0,0.0,0.0,0.0,56.0,53.0,94.6429,5.3571,32.1429,40.0,59.0,147.5,20.0,25.0,96,112,5.9792,-14.6675
2010,R Sharma,0.0,0.0,0.0,0.0,0.0,0.0,0.0,0.0,0.0,0.0,26.0,29.0,111.5385,15.3846,57.6923,26,29,9.0,-10.0285
2010,R Vinay Kumar,0.0,0.0,0.0,0.0,0.0,0.0,0.0,0.0,0.0,0.0,32.0,27.0,84.375,3.125,34.375,32,27,8.625,-21.035
2010,RE van der Merwe,0.0,0.0,0.0,0.0,0.0,0.0,0.0,0.0,0.0,0.0,2.0,1.0,50.0,0.0,50.0,2,1,8.0,-2.0022
2010,RG Sharma,32.0,14.0,43.75,3.125,62.5,182.0,246.0,135.1648,16.4835,27.4725,88.0,144.0,163.6364,21.5909,28.4091,302,404,4.3046,16.6111
2010,RJ Harris,0.0,0.0,0.0,0.0,0.0,8.0,9.0,112.5,0.0,12.5,31.0,36.0,116.129,12.9032,45.1613,39,45,7.7692,-11.0516
2010,RP Singh,0.0,0.0,0.0,0.0,0.0,0.0,0.0,0.0,0.0,0.0,19.0,9.0,47.3684,0.0,57.8947,19,9,9.8947,-19.5208
2010,RR Powar,0.0,0.0,0.0,0.0,0.0,0.0,0.0,0.0,0.0,0.0,8.0,5.0,62.5,0.0,62.5,8,5,9.125,-7.0088
2010,RS Bopara,69.0,61.0,88.4058,10.1449,53.6232,115.0,132.0,114.7826,11.3043,27.8261,30.0,55.0,183.3333,26.6667,16.6667,214,248,1.7196,-17.4375
2010,RS Gavaskar,0.0,0.0,0.0,0.0,0.0,8.0,2.0,25.0,0.0,75.0,0.0,0.0,0.0,0.0,0.0,8,2,8.0,-7.5177
2010,RS Sodhi,0.0,0.0,0.0,0.0,0.0,0.0,0.0,0.0,0.0,0.0,2.0,4.0,200.0,50.0,50.0,2,4,6.0,0.9978
2010,RV Uthappa,13.0,24.0,184.6154,30.7692,38.4615,155.0,220.0,141.9355,16.129,30.9677,50.0,130.0,260.0,38.0,14.0,218,374,4.0275,98.7919
2010,S Anirudha,0.0,0.0,0.0,0.0,0.0,1.0,0.0,0.0,0.0,100.0,17.0,30.0,176.4706,23.5294,23.5294,18,30,7.0,3.2917
2010,S Badrinath,37.0,24.0,64.8649,10.8108,64.8649,164.0,194.0,118.2927,14.0244,31.0976,102.0,138.0,135.2941,18.6275,24.5098,303,356,4.4686,-37.0465
2010,S Dhawan,134.0,147.0,109.7015,16.4179,47.0149,36.0,44.0,122.2222,11.1111,30.5556,0.0,0.0,0.0,0.0,0.0,170,191,1.0647,-14.1602
2010,S Ladda,0.0,0.0,0.0,0.0,0.0,6.0,0.0,0.0,0.0,100.0,3.0,0.0,0.0,0.0,100.0,9,0,9.1111,-11.6415
2010,S Narwal,0.0,0.0,0.0,0.0,0.0,9.0,12.0,133.3333,22.2222,44.4444,3.0,2.0,66.6667,0.0,33.3333,12,14,8.6667,-1.2107
2010,S Sreesanth,0.0,0.0,0.0,0.0,0.0,0.0,0.0,0.0,0.0,0.0,21.0,27.0,128.5714,23.8095,47.619,21,27,10.0,-4.523
2010,S Sriram,11.0,13.0,118.1818,18.1818,36.3636,18.0,14.0,77.7778,5.5556,38.8889,0.0,0.0,0.0,0.0,0.0,29,27,1.0,-7.7404
2010,S Tyagi,0.0,0.0,0.0,0.0,0.0,0.0,0.0,0.0,0.0,0.0,4.0,3.0,75.0,0.0,25.0,4,3,11.0,-3.0044
2010,SA Asnodkar,4.0,5.0,125.0,25.0,50.0,0.0,0.0,0.0,0.0,0.0,0.0,0.0,0.0,0.0,0.0,4,5,1.0,0.1543
2010,SC Ganguly,195.0,219.0,112.3077,20.5128,54.359,189.0,213.0,112.6984,13.2275,34.3915,35.0,61.0,174.2857,22.8571,34.2857,419,493,1.568,-20.6208
2010,SE Bond,0.0,0.0,0.0,0.0,0.0,2.0,1.0,50.0,0.0,50.0,0.0,0.0,0.0,0.0,0.0,2,1,9.0,-1.3794
2010,SE Marsh,48.0,38.0,79.1667,12.5,60.4167,56.0,87.0,155.3571,19.6429,21.4286,10.0,22.0,220.0,30.0,10.0,114,147,1.9211,7.2171
2010,SJ Srivastava,0.0,0.0,0.0,0.0,0.0,0.0,0.0,0.0,0.0,0.0,2.0,1.0,50.0,0.0,50.0,2,1,11.0,-2.0022
2010,SK Raina,97.0,149.0,153.6082,27.8351,43.299,207.0,275.0,132.8502,14.0097,24.1546,60.0,96.0,160.0,18.3333,21.6667,364,520,3.1951,66.1566
2010,SK Trivedi,0.0,0.0,0.0,0.0,0.0,0.0,0.0,0.0,0.0,0.0,14.0,20.0,142.8571,28.5714,57.1429,14,20,10.8571,-1.0153
2010,SK Warne,0.0,0.0,0.0,0.0,0.0,1.0,0.0,0.0,0.0,100.0,18.0,10.0,55.5556,0.0,55.5556,19,10,8.5789,-18.2094
2010,SL Malinga,0.0,0.0,0.0,0.0,0.0,0.0,0.0,0.0,0.0,0.0,1.0,1.0,100.0,0.0,0.0,1,1,11.0,-0.5011
2010,SP Goswami,10.0,8.0,80.0,20.0,80.0,0.0,0.0,0.0,0.0,0.0,0.0,0.0,0.0,0.0,0.0,10,8,2.0,-4.1142
2010,SR Tendulkar,238.0,327.0,137.395,23.1092,36.9748,181.0,203.0,112.1547,11.6022,28.7293,47.0,88.0,187.234,27.6596,19.1489,466,618,2.0,43.7925
2010,SR Watson,43.0,57.0,132.5581,20.9302,51.1628,66.0,122.0,184.8485,25.7576,19.697,5.0,6.0,120.0,20.0,40.0,114,185,3.0,46.8826
2010,SS Tiwary,33.0,43.0,130.303,18.1818,39.3939,226.0,285.0,126.1062,12.8319,30.531,50.0,91.0,182.0,24.0,16.0,309,419,3.7443,35.0941
2010,ST Jayasuriya,31.0,33.0,106.4516,16.129,51.6129,0.0,0.0,0.0,0.0,0.0,0.0,0.0,0.0,0.0,0.0,31,33,1.0,-4.5541
2010,STR Binny,0.0,0.0,0.0,0.0,0.0,0.0,0.0,0.0,0.0,0.0,5.0,8.0,160.0,20.0,20.0,5,8,8.0,0.4945
2010,SW Tait,0.0,0.0,0.0,0.0,0.0,5.0,8.0,160.0,20.0,40.0,8.0,4.0,50.0,0.0,50.0,13,12,9.9231,-5.9573
2010,T Thushara,0.0,0.0,0.0,0.0,0.0,0.0,0.0,0.0,0.0,0.0,11.0,10.0,90.9091,0.0,36.3636,11,10,8.0,-6.512
2010,TL Suman,45.0,42.0,93.3333,15.5556,60.0,143.0,167.0,116.7832,11.8881,37.0629,69.0,98.0,142.029,15.942,20.2899,257,307,4.5136,-21.2179
2010,TM Dilshan,40.0,36.0,90.0,15.0,52.5,13.0,8.0,61.5385,0.0,38.4615,0.0,0.0,0.0,0.0,0.0,53,44,2.5472,-19.9231
2010,UT Yadav,0.0,0.0,0.0,0.0,0.0,0.0,0.0,0.0,0.0,0.0,4.0,3.0,75.0,0.0,25.0,4,3,9.0,-3.0044
2010,V Kohli,5.0,2.0,40.0,0.0,60.0,121.0,150.0,123.9669,12.3967,22.314,86.0,155.0,180.2326,26.7442,30.2326,212,307,5.2311,27.894
2010,V Sehwag,154.0,240.0,155.8442,29.2208,38.961,64.0,116.0,181.25,25.0,23.4375,0.0,0.0,0.0,0.0,0.0,218,356,2.1651,93.2995
2010,VS Malik,0.0,0.0,0.0,0.0,0.0,0.0,0.0,0.0,0.0,0.0,5.0,6.0,120.0,20.0,20.0,5,6,10.0,-1.5055
2010,VVS Laxman,60.0,64.0,106.6667,13.3333,40.0,0.0,0.0,0.0,0.0,0.0,0.0,0.0,0.0,0.0,0.0,60,64,1.9667,-8.6854
2010,WP Saha,13.0,22.0,169.2308,38.4615,46.1538,8.0,8.0,100.0,12.5,37.5,32.0,37.0,115.625,12.5,28.125,53,67,5.9434,-6.3012
2010,WPUJC Vaas,0.0,0.0,0.0,0.0,0.0,6.0,3.0,50.0,0.0,50.0,28.0,27.0,96.4286,7.1429,35.7143,34,30,8.0,-19.1689
2010,Y Nagar,0.0,0.0,0.0,0.0,0.0,0.0,0.0,0.0,0.0,0.0,6.0,1.0,16.6667,0.0,50.0,6,1,7.0,-8.0066
2010,Y Venugopal Rao,0.0,0.0,0.0,0.0,0.0,39.0,32.0,82.0513,10.2564,53.8462,4.0,2.0,50.0,0.0,50.0,43,34,7.0,-18.403
2010,YA Abdulla,0.0,0.0,0.0,0.0,0.0,0.0,0.0,0.0,0.0,0.0,1.0,0.0,0.0,0.0,0.0,1,0,11.0,-1.5011
2010,YK Pathan,9.0,2.0,22.2222,0.0,77.7778,181.0,295.0,162.9834,22.0994,32.0442,11.0,36.0,327.2727,54.5455,18.1818,201,333,4.2836,90.2479
2010,Yuvraj Singh,27.0,32.0,118.5185,22.2222,55.5556,117.0,136.0,116.2393,13.6752,41.0256,55.0,87.0,158.1818,21.8182,29.0909,199,255,4.1457,0.5354
2010,Z Khan,0.0,0.0,0.0,0.0,0.0,0.0,0.0,0.0,0.0,0.0,13.0,24.0,184.6154,30.7692,38.4615,13,24,9.7692,4.4858
2011,A Mishra,0.0,0.0,0.0,0.0,0.0,1.0,1.0,100.0,0.0,0.0,48.0,67.0,139.5833,20.8333,29.1667,49,68,8.1633,-1.5595
2011,A Mithun,0.0,0.0,0.0,0.0,0.0,12.0,15.0,125.0,16.6667,16.6667,8.0,12.0,150.0,25.0,50.0,20,27,8.35,1.4327
2011,A Singh,0.0,0.0,0.0,0.0,0.0,2.0,0.0,0.0,0.0,100.0,2.0,1.0,50.0,0.0,50.0,4,1,9.0,-4.2109
2011,A Symonds,4.0,1.0,25.0,0.0,75.0,71.0,52.0,73.2394,4.2254,46.4789,63.0,82.0,130.1587,14.2857,25.3968,138,135,5.3116,-42.9783
2011,AA Chavan,0.0,0.0,0.0,0.0,0.0,3.0,1.0,33.3333,0.0,66.6667,0.0,0.0,0.0,0.0,0.0,3,1,9.0,-2.5427
2011,AA Jhunjhunwala,8.0,5.0,62.5,12.5,62.5,7.0,5.0,71.4286,14.2857,71.4286,3.0,0.0,0.0,0.0,66.6667,18,10,4.3333,-11.3142
2011,AB Agarkar,0.0,0.0,0.0,0.0,0.0,0.0,0.0,0.0,0.0,0.0,6.0,7.0,116.6667,16.6667,16.6667,6,7,9.0,-1.5473
2011,AB Dinda,0.0,0.0,0.0,0.0,0.0,0.0,0.0,0.0,0.0,0.0,5.0,0.0,0.0,0.0,100.0,5,0,11.0,-7.1228
2011,AB McDonald,0.0,0.0,0.0,0.0,0.0,0.0,0.0,0.0,0.0,0.0,7.0,8.0,114.2857,0.0,28.5714,7,8,7.0,-1.9719
2011,AB de Villiers,36.0,33.0,91.6667,13.8889,55.5556,143.0,162.0,113.2867,11.1888,32.1678,64.0,117.0,182.8125,21.875,17.1875,243,312,4.1728,12.475
2011,AC Blizzard,73.0,99.0,135.6164,27.3973,47.9452,14.0,21.0,150.0,21.4286,50.0,0.0,0.0,0.0,0.0,0.0,87,120,1.0805,23.4024
2011,AC Gilchrist,170.0,170.0,100.0,15.8824,51.1765,108.0,182.0,168.5185,24.0741,30.5556,17.0,31.0,182.3529,35.2941,17.6471,295,383,1.4949,44.7922
2011,AC Thomas,0.0,0.0,0.0,0.0,0.0,0.0,0.0,0.0,0.0,0.0,4.0,1.0,25.0,0.0,75.0,4,1,11.0,-4.6982
2011,AG Murtaza,0.0,0.0,0.0,0.0,0.0,0.0,0.0,0.0,0.0,0.0,5.0,2.0,40.0,0.0,60.0,5,2,10.0,-5.1228
2011,AG Paunikar,57.0,49.0,85.9649,15.7895,59.6491,0.0,0.0,0.0,0.0,0.0,0.0,0.0,0.0,0.0,0.0,57,49,1.2632,-13.5165
2011,AJ Finch,25.0,18.0,72.0,12.0,68.0,5.0,2.0,40.0,0.0,60.0,16.0,27.0,168.75,18.75,25.0,46,47,4.4565,-9.1169
2011,AL Menaria,7.0,8.0,114.2857,14.2857,57.1429,126.0,152.0,120.6349,13.4921,38.0952,19.0,20.0,105.2632,10.5263,42.1053,152,180,4.5855,-3.5381
2011,AM Nayar,15.0,11.0,73.3333,13.3333,60.0,26.0,14.0,53.8462,3.8462,61.5385,26.0,36.0,138.4615,23.0769,26.9231,67,61,5.0149,-23.1937
2011,AM Rahane,19.0,23.0,121.0526,21.0526,47.3684,61.0,78.0,127.8689,13.1148,29.5082,18.0,19.0,105.5556,11.1111,33.3333,98,120,4.3367,1.484
2011,AN Ahmed,0.0,0.0,0.0,0.0,0.0,0.0,0.0,0.0,0.0,0.0,13.0,18.0,138.4615,15.3846,38.4615,13,18,10.0,-0.5192
2011,AS Raut,6.0,7.0,116.6667,16.6667,50.0,23.0,25.0,108.6957,13.0435,47.8261,29.0,28.0,96.5517,6.8966,27.5862,58,60,6.2241,-15.0536
2011,AT Rayudu,106.0,79.0,74.5283,9.434,55.6604,204.0,246.0,120.5882,16.6667,34.8039,40.0,70.0,175.0,22.5,17.5,350,395,3.1857,-19.1456
2011,AUK Pathan,5.0,14.0,280.0,60.0,40.0,4.0,7.0,175.0,25.0,50.0,7.0,12.0,171.4286,42.8571,57.1429,16,33,4.6875,12.8206
2011,B Akhil,0.0,0.0,0.0,0.0,0.0,8.0,13.0,162.5,12.5,25.0,1.0,0.0,0.0,0.0,100.0,9,13,7.0,2.1282
2011,B Chipli,28.0,20.0,71.4286,10.7143,67.8571,98.0,107.0,109.1837,11.2245,33.6735,44.0,80.0,181.8182,25.0,13.6364,170,207,4.1941,-2.119
2011,B Kumar,0.0,0.0,0.0,0.0,0.0,0.0,0.0,0.0,0.0,0.0,1.0,1.0,100.0,0.0,0.0,1,1,10.0,-0.4246
2011,B Lee,0.0,0.0,0.0,0.0,0.0,0.0,0.0,0.0,0.0,0.0,9.0,5.0,55.5556,0.0,44.4444,9,5,8.2222,-7.821
2011,BA Bhatt,0.0,0.0,0.0,0.0,0.0,0.0,0.0,0.0,0.0,0.0,5.0,0.0,0.0,0.0,100.0,5,0,11.0,-7.1228
2011,BB McCullum,179.0,234.0,130.7263,21.2291,43.5754,87.0,108.0,124.1379,12.6437,31.0345,9.0,15.0,166.6667,22.2222,22.2222,275,357,1.2618,45.1166
2011,BJ Haddin,11.0,18.0,163.6364,27.2727,45.4545,0.0,0.0,0.0,0.0,0.0,0.0,0.0,0.0,0.0,0.0,11,18,2.0,5.9354
2011,BJ Hodge,34.0,40.0,117.6471,20.5882,55.8824,152.0,158.0,103.9474,11.1842,39.4737,50.0,87.0,174.0,22.0,18.0,236,285,4.5339,-3.0158
2011,Bipul Sharma,0.0,0.0,0.0,0.0,0.0,0.0,0.0,0.0,0.0,0.0,18.0,23.0,127.7778,5.5556,16.6667,18,23,7.0,-2.642
2011,CA Ingram,12.0,7.0,58.3333,8.3333,50.0,14.0,14.0,100.0,7.1429,21.4286,0.0,0.0,0.0,0.0,0.0,26,21,3.4615,-8.694
2011,CA Pujara,0.0,0.0,0.0,0.0,0.0,21.0,21.0,100.0,9.5238,28.5714,10.0,13.0,130.0,20.0,40.0,31,34,6.2258,-5.0446
2011,CH Gayle,165.0,295.0,178.7879,32.1212,41.8182,147.0,282.0,191.8367,29.2517,25.8503,20.0,31.0,155.0,25.0,40.0,332,608,1.6446,224.9471
2011,CJ Ferguson,10.0,6.0,60.0,10.0,70.0,32.0,25.0,78.125,6.25,46.875,12.0,17.0,141.6667,25.0,33.3333,54,48,4.9259,-17.8514
2011,CK Langeveldt,0.0,0.0,0.0,0.0,0.0,4.0,1.0,25.0,0.0,75.0,4.0,7.0,175.0,25.0,50.0,8,8,10.0,-2.4218
2011,CL White,3.0,0.0,0.0,0.0,100.0,64.0,50.0,78.125,6.25,50.0,42.0,54.0,128.5714,9.5238,16.6667,109,104,4.4771,-34.6996
2011,DA Warner,160.0,178.0,111.25,17.5,50.0,101.0,120.0,118.8119,12.8713,31.6832,15.0,26.0,173.3333,26.6667,40.0,276,324,1.2391,7.8754
2011,DB Ravi Teja,45.0,42.0,93.3333,11.1111,44.4444,61.0,85.0,139.3443,16.3934,26.2295,38.0,56.0,147.3684,15.7895,18.4211,144,183,4.2153,7.4766
2011,DE Bollinger,0.0,0.0,0.0,0.0,0.0,0.0,0.0,0.0,0.0,0.0,1.0,0.0,0.0,0.0,100.0,1,0,11.0,-1.4246
2011,DH Yagnik,0.0,0.0,0.0,0.0,0.0,0.0,0.0,0.0,0.0,0.0,22.0,16.0,72.7273,4.5455,40.9091,22,16,8.0,-15.3402
2011,DJ Bravo,0.0,0.0,0.0,0.0,0.0,4.0,5.0,125.0,25.0,50.0,2.0,6.0,300.0,50.0,50.0,6,11,6.8333,3.4273
2011,DJ Hussey,0.0,0.0,0.0,0.0,0.0,41.0,37.0,90.2439,4.878,36.5854,22.0,27.0,122.7273,18.1818,40.9091,63,64,5.1587,-15.7573
2011,DJ Jacobs,81.0,83.0,102.4691,16.0494,51.8519,7.0,9.0,128.5714,14.2857,28.5714,0.0,0.0,0.0,0.0,0.0,88,92,1.0,-5.1055
2011,DL Vettori,0.0,0.0,0.0,0.0,0.0,9.0,3.0,33.3333,0.0,66.6667,19.0,20.0,105.2632,10.5263,21.0526,28,23,7.7857,-14.6947
2011,DPMD Jayawardene,101.0,126.0,124.7525,23.7624,50.495,130.0,135.0,103.8462,9.2308,30.7692,26.0,38.0,146.1538,15.3846,23.0769,257,299,2.6342,-2.3309
2011,DS Kulkarni,0.0,0.0,0.0,0.0,0.0,4.0,2.0,50.0,0.0,50.0,0.0,0.0,0.0,0.0,0.0,4,2,9.0,-2.7236
2011,DT Christian,0.0,0.0,0.0,0.0,0.0,72.0,70.0,97.2222,6.9444,30.5556,87.0,120.0,137.931,12.6437,28.7356,159,190,5.6352,-18.9614
2011,DW Steyn,0.0,0.0,0.0,0.0,0.0,0.0,0.0,0.0,0.0,0.0,35.0,36.0,102.8571,8.5714,34.2857,35,36,8.5429,-13.8594
2011,EJG Morgan,56.0,64.0,114.2857,19.6429,51.7857,36.0,44.0,122.2222,16.6667,38.8889,25.0,29.0,116.0,12.0,36.0,117,137,2.4701,-2.5461
2011,FY Fazal,18.0,18.0,100.0,16.6667,50.0,1.0,1.0,100.0,0.0,0.0,0.0,0.0,0.0,0.0,0.0,19,19,1.4211,-1.923
2011,G Gambhir,117.0,123.0,105.1282,14.5299,44.4444,167.0,217.0,129.9401,14.9701,23.3533,33.0,38.0,115.1515,15.1515,36.3636,317,378,2.5678,5.4552
2011,GC Smith,48.0,39.0,81.25,12.5,62.5,3.0,3.0,100.0,0.0,33.3333,0.0,0.0,0.0,0.0,0.0,51,42,1.9804,-14.1882
2011,Harbhajan Singh,29.0,40.0,137.931,24.1379,44.8276,14.0,15.0,107.1429,14.2857,50.0,28.0,48.0,171.4286,21.4286,32.1429,71,103,5.3803,14.7732
2011,Harpreet Singh,0.0,0.0,0.0,0.0,0.0,10.0,6.0,60.0,0.0,40.0,10.0,8.0,80.0,0.0,30.0,20,14,5.1,-12.0546
2011,I Malhotra,0.0,0.0,0.0,0.0,0.0,0.0,0.0,0.0,0.0,0.0,4.0,7.0,175.0,25.0,0.0,4,7,7.0,1.3018
2011,I Sharma,0.0,0.0,0.0,0.0,0.0,0.0,0.0,0.0,0.0,0.0,5.0,4.0,80.0,0.0,20.0,5,4,9.8,-3.1228
2011,IK Pathan,0.0,0.0,0.0,0.0,0.0,75.0,49.0,65.3333,4.0,45.3333,63.0,101.0,160.3175,23.8095,28.5714,138,150,5.2609,-28.3148
2011,IR Jaggi,24.0,19.0,79.1667,12.5,62.5,13.0,9.0,69.2308,0.0,46.1538,0.0,0.0,0.0,0.0,0.0,37,28,2.0,-13.6745
2011,Iqbal Abdulla,0.0,0.0,0.0,0.0,0.0,0.0,0.0,0.0,0.0,0.0,12.0,15.0,125.0,8.3333,25.0,12,15,9.5,-2.0947
2011,J Botha,16.0,9.0,56.25,6.25,62.5,127.0,150.0,118.1102,11.811,30.7087,55.0,71.0,129.0909,10.9091,21.8182,198,230,3.4697,-15.8739
2011,J Syed Mohammad,0.0,0.0,0.0,0.0,0.0,0.0,0.0,0.0,0.0,0.0,12.0,15.0,125.0,16.6667,25.0,12,15,9.1667,-2.0947
2011,JA Morkel,0.0,0.0,0.0,0.0,0.0,13.0,14.0,107.6923,15.3846,38.4615,89.0,124.0,139.3258,15.7303,31.4607,102,138,5.6765,-4.1371
2011,JD Ryder,163.0,233.0,142.9448,24.5399,45.3988,34.0,59.0,173.5294,23.5294,20.5882,0.0,0.0,0.0,0.0,0.0,197,292,1.1726,73.074
2011,JDP Oram,0.0,0.0,0.0,0.0,0.0,3.0,0.0,0.0,0.0,100.0,0.0,0.0,0.0,0.0,0.0,3,0,7.0,-3.5427
2011,JE Taylor,0.0,0.0,0.0,0.0,0.0,0.0,0.0,0.0,0.0,0.0,3.0,3.0,100.0,0.0,33.3333,3,3,8.3333,-1.2737
2011,JEC Franklin,8.0,6.0,75.0,12.5,75.0,34.0,36.0,105.8824,5.8824,29.4118,36.0,65.0,180.5556,25.0,11.1111,78,107,4.6282,6.791
2011,JH Kallis,189.0,210.0,111.1111,16.9312,47.0899,165.0,167.0,101.2121,7.8788,29.0909,24.0,47.0,195.8333,29.1667,29.1667,378,424,1.4683,-12.3301
2011,JJ van der Wath,0.0,0.0,0.0,0.0,0.0,5.0,4.0,80.0,0.0,40.0,11.0,14.0,127.2727,18.1818,45.4545,16,18,8.0,-3.5746
2011,JP Duminy,0.0,0.0,0.0,0.0,0.0,111.0,115.0,103.6036,6.3063,28.8288,63.0,90.0,142.8571,15.873,25.3968,174,205,4.2989,-15.8274
2011,JR Hopes,30.0,22.0,73.3333,10.0,60.0,83.0,111.0,133.7349,19.2771,31.3253,45.0,63.0,140.0,13.3333,20.0,158,196,4.8165,0.9765
2011,Joginder Sharma,0.0,0.0,0.0,0.0,0.0,0.0,0.0,0.0,0.0,0.0,1.0,0.0,0.0,0.0,100.0,1,0,9.0,-1.4246
2011,KA Pollard,0.0,0.0,0.0,0.0,0.0,63.0,48.0,76.1905,6.3492,46.0317,70.0,98.0,140.0,20.0,34.2857,133,146,5.6541,-28.1158
2011,KB Arun Karthik,0.0,0.0,0.0,0.0,0.0,8.0,7.0,87.5,12.5,37.5,0.0,0.0,0.0,0.0,0.0,8,7,6.75,-2.4472
2011,KC Sangakkara,104.0,104.0,100.0,15.3846,47.1154,178.0,242.0,135.9551,17.4157,26.4045,11.0,12.0,109.0909,18.1818,36.3636,293,358,3.157,18.0636
2011,KD Karthik,18.0,17.0,94.4444,16.6667,55.5556,143.0,190.0,132.8671,18.8811,34.2657,59.0,75.0,127.1186,15.2542,28.8136,220,282,4.2636,9.3398
2011,KM Jadhav,2.0,0.0,0.0,0.0,100.0,11.0,12.0,109.0909,9.0909,27.2727,10.0,6.0,60.0,0.0,40.0,23,18,6.8261,-11.4291
2011,L Ablish,0.0,0.0,0.0,0.0,0.0,0.0,0.0,0.0,0.0,0.0,2.0,0.0,0.0,0.0,100.0,2,0,11.0,-2.8491
2011,L Balaji,0.0,0.0,0.0,0.0,0.0,0.0,0.0,0.0,0.0,0.0,2.0,4.0,200.0,0.0,0.0,2,4,10.0,1.1509
2011,LA Pomersbach,14.0,16.0,114.2857,14.2857,42.8571,15.0,28.0,186.6667,26.6667,26.6667,10.0,7.0,70.0,0.0,40.0,39,51,3.9231,3.686
2011,LR Shukla,0.0,0.0,0.0,0.0,0.0,0.0,0.0,0.0,0.0,0.0,10.0,14.0,140.0,20.0,30.0,10,14,7.0,-0.2455
2011,LRPL Taylor,0.0,0.0,0.0,0.0,0.0,74.0,55.0,74.3243,4.0541,50.0,78.0,126.0,161.5385,19.2308,17.9487,152,181,4.8553,-17.5022
2011,M Kaif,0.0,0.0,0.0,0.0,0.0,24.0,30.0,125.0,16.6667,45.8333,9.0,11.0,122.2222,11.1111,44.4444,33,41,5.7273,-0.1627
2011,M Kartik,0.0,0.0,0.0,0.0,0.0,13.0,11.0,84.6154,7.6923,38.4615,2.0,1.0,50.0,0.0,0.0,15,12,7.4,-6.2009
2011,M Klinger,49.0,50.0,102.0408,14.2857,42.8571,28.0,23.0,82.1429,7.1429,42.8571,0.0,0.0,0.0,0.0,0.0,77,73,1.4156,-13.8076
2011,M Manhas,43.0,35.0,81.3953,11.6279,65.1163,60.0,56.0,93.3333,8.3333,45.0,20.0,23.0,115.0,10.0,35.0,123,114,3.9431,-32.507
2011,M Morkel,0.0,0.0,0.0,0.0,0.0,0.0,0.0,0.0,0.0,0.0,25.0,40.0,160.0,20.0,32.0,25,40,9.36,4.3861
2011,M Muralitharan,0.0,0.0,0.0,0.0,0.0,0.0,0.0,0.0,0.0,0.0,8.0,5.0,62.5,0.0,25.0,8,5,10.0,-6.3964
2011,M Vijay,210.0,222.0,105.7143,13.8095,51.9048,121.0,206.0,170.2479,20.6612,26.4463,8.0,6.0,75.0,0.0,37.5,339,434,2.1268,49.3902
2011,MA Agarwal,81.0,97.0,119.7531,19.7531,45.679,39.0,44.0,112.8205,10.2564,33.3333,0.0,0.0,0.0,0.0,0.0,120,141,1.0,6.1055
2011,MD Mishra,21.0,17.0,80.9524,9.5238,57.1429,20.0,23.0,115.0,10.0,30.0,19.0,27.0,142.1053,15.7895,26.3158,60,67,4.8,-6.717
2011,MEK Hussey,190.0,190.0,100.0,13.6842,44.2105,187.0,235.0,125.6684,12.2995,21.3904,37.0,67.0,181.0811,27.027,16.2162,414,492,1.215,10.0739
2011,MJ Lumb,2.0,0.0,0.0,0.0,100.0,0.0,0.0,0.0,0.0,0.0,0.0,0.0,0.0,0.0,0.0,2,0,1.0,-2.1936
2011,MK Pandey,102.0,107.0,104.902,17.6471,51.9608,115.0,120.0,104.3478,12.1739,40.0,10.0,19.0,190.0,20.0,20.0,227,246,2.4626,-15.9212
2011,MK Tiwary,58.0,65.0,112.069,13.7931,56.8966,206.0,211.0,102.4272,11.6505,42.233,61.0,83.0,136.0656,13.1148,22.9508,325,359,4.0123,-34.7776
2011,MM Patel,0.0,0.0,0.0,0.0,0.0,1.0,0.0,0.0,0.0,100.0,0.0,0.0,0.0,0.0,0.0,1,0,10.0,-1.1809
2011,MR Marsh,0.0,0.0,0.0,0.0,0.0,20.0,14.0,70.0,5.0,60.0,29.0,36.0,124.1379,13.7931,37.931,49,50,7.5714,-14.9302
2011,MS Bisla,69.0,60.0,86.9565,11.5942,43.4783,20.0,12.0,60.0,0.0,50.0,0.0,0.0,0.0,0.0,0.0,89,72,1.7303,-27.2959
2011,MS Dhoni,0.0,0.0,0.0,0.0,0.0,118.0,127.0,107.6271,9.322,33.8983,129.0,265.0,205.4264,28.6822,19.3798,247,392,4.6802,68.8857
2011,MS Gony,0.0,0.0,0.0,0.0,0.0,0.0,0.0,0.0,0.0,0.0,2.0,0.0,0.0,0.0,50.0,2,0,8.0,-2.8491
2011,MS Wade,7.0,2.0,28.5714,0.0,57.1429,26.0,20.0,76.9231,0.0,38.4615,0.0,0.0,0.0,0.0,0.0,33,22,3.6364,-16.381
2011,MV Boucher,0.0,0.0,0.0,0.0,0.0,2.0,1.0,50.0,0.0,0.0,4.0,5.0,125.0,0.0,25.0,6,6,6.6667,-2.06
2011,Mandeep Singh,0.0,0.0,0.0,0.0,0.0,8.0,7.0,87.5,12.5,50.0,33.0,40.0,121.2121,12.1212,30.303,41,47,6.1951,-9.4575
2011,ND Doshi,0.0,0.0,0.0,0.0,0.0,0.0,0.0,0.0,0.0,0.0,13.0,0.0,0.0,0.0,100.0,13,0,11.0,-18.5192
2011,NJ Rimmington,0.0,0.0,0.0,0.0,0.0,0.0,0.0,0.0,0.0,0.0,1.0,1.0,100.0,0.0,0.0,1,1,10.0,-0.4246
2011,NL McCullum,0.0,0.0,0.0,0.0,0.0,5.0,6.0,120.0,0.0,40.0,17.0,20.0,117.6471,5.8824,23.5294,22,26,7.0,-4.122
2011,NLTC Perera,10.0,14.0,140.0,30.0,50.0,13.0,8.0,61.5385,7.6923,69.2308,4.0,1.0,25.0,0.0,75.0,27,23,7.7037,-9.0178
2011,NV Ojha,100.0,92.0,92.0,15.0,66.0,42.0,33.0,78.5714,4.7619,45.2381,19.0,35.0,184.2105,26.3158,36.8421,161,160,3.0621,-26.3426
2011,OA Shah,0.0,0.0,0.0,0.0,0.0,0.0,0.0,0.0,0.0,0.0,15.0,26.0,173.3333,20.0,13.3333,15,26,5.2,4.6317
2011,P Kumar,0.0,0.0,0.0,0.0,0.0,0.0,0.0,0.0,0.0,0.0,31.0,27.0,87.0968,9.6774,51.6129,31,27,9.2581,-17.1612
2011,P Parameswaran,0.0,0.0,0.0,0.0,0.0,0.0,0.0,0.0,0.0,0.0,1.0,1.0,100.0,0.0,0.0,1,1,10.0,-0.4246
2011,PA Patel,78.0,84.0,107.6923,17.9487,52.5641,98.0,116.0,118.3673,13.2653,31.6327,7.0,2.0,28.5714,0.0,57.1429,183,202,2.9235,-9.2495
2011,PC Valthaty,210.0,274.0,130.4762,23.8095,53.3333,106.0,143.0,134.9057,16.9811,35.8491,22.0,46.0,209.0909,36.3636,22.7273,338,463,1.4615,76.16
2011,PP Chawla,0.0,0.0,0.0,0.0,0.0,26.0,15.0,57.6923,0.0,50.0,29.0,33.0,113.7931,13.7931,37.931,55,48,8.2545,-24.0156
2011,PR Shah,0.0,0.0,0.0,0.0,0.0,5.0,5.0,100.0,20.0,60.0,0.0,0.0,0.0,0.0,0.0,5,5,6.0,-0.9045
2011,R Ashwin,0.0,0.0,0.0,0.0,0.0,0.0,0.0,0.0,0.0,0.0,6.0,2.0,33.3333,0.0,66.6667,6,2,8.6667,-6.5473
2011,R Bhatia,0.0,0.0,0.0,0.0,0.0,0.0,0.0,0.0,0.0,0.0,22.0,25.0,113.6364,13.6364,22.7273,22,25,7.3636,-6.3402
2011,R Dravid,182.0,175.0,96.1538,14.8352,49.4505,129.0,165.0,127.907,15.5039,30.2326,3.0,3.0,100.0,0.0,33.3333,314,343,2.0,-13.2245
2011,R McLaren,0.0,0.0,0.0,0.0,0.0,61.0,47.0,77.0492,4.918,40.9836,35.0,43.0,122.8571,14.2857,31.4286,96,90,6.6354,-31.8946
2011,R Ninan,0.0,0.0,0.0,0.0,0.0,0.0,0.0,0.0,0.0,0.0,6.0,3.0,50.0,0.0,33.3333,6,3,9.0,-5.5473
2011,R Sathish,7.0,0.0,0.0,0.0,100.0,8.0,5.0,62.5,0.0,62.5,19.0,20.0,105.2632,5.2632,21.0526,34,25,6.3824,-19.1912
2011,R Sharma,0.0,0.0,0.0,0.0,0.0,2.0,1.0,50.0,0.0,50.0,19.0,23.0,121.0526,15.7895,52.6316,21,24,8.4762,-5.4283
2011,R Vinay Kumar,0.0,0.0,0.0,0.0,0.0,16.0,17.0,106.25,12.5,31.25,31.0,33.0,106.4516,9.6774,35.4839,47,50,8.4894,-13.0557
2011,RA Jadeja,10.0,19.0,190.0,40.0,30.0,151.0,172.0,113.9073,11.9205,37.7483,67.0,92.0,137.3134,17.9104,35.8209,228,283,5.3904,-1.7296
2011,RE van der Merwe,0.0,0.0,0.0,0.0,0.0,2.0,1.0,50.0,0.0,50.0,14.0,13.0,92.8571,7.1429,28.5714,16,14,8.0,-8.3056
2011,RG Sharma,38.0,40.0,105.2632,18.4211,57.8947,181.0,197.0,108.8398,10.4972,33.7017,78.0,135.0,173.0769,24.359,23.0769,297,372,4.0202,5.4633
2011,RJ Harris,0.0,0.0,0.0,0.0,0.0,13.0,10.0,76.9231,7.6923,46.1538,26.0,21.0,80.7692,7.6923,50.0,39,31,8.641,-21.3902
2011,RN ten Doeschate,3.0,5.0,166.6667,33.3333,33.3333,30.0,37.0,123.3333,16.6667,43.3333,40.0,65.0,162.5,20.0,20.0,73,107,6.1644,11.3003
2011,RP Singh,0.0,0.0,0.0,0.0,0.0,0.0,0.0,0.0,0.0,0.0,4.0,2.0,50.0,0.0,25.0,4,2,10.75,-3.6982
2011,RR Powar,0.0,0.0,0.0,0.0,0.0,0.0,0.0,0.0,0.0,0.0,13.0,11.0,84.6154,0.0,38.4615,13,11,9.0,-7.5192
2011,RV Gomez,1.0,0.0,0.0,0.0,100.0,6.0,0.0,0.0,0.0,100.0,43.0,46.0,106.9767,11.6279,34.8837,50,46,6.92,-23.4381
2011,RV Uthappa,30.0,39.0,130.0,30.0,53.3333,147.0,177.0,120.4082,15.6463,40.1361,32.0,48.0,150.0,15.625,21.875,209,264,4.555,11.9178
2011,S Anirudha,19.0,25.0,131.5789,26.3158,47.3684,32.0,34.0,106.25,9.375,31.25,23.0,24.0,104.3478,4.3478,34.7826,74,83,2.3378,-8.3925
2011,S Aravind,0.0,0.0,0.0,0.0,0.0,0.0,0.0,0.0,0.0,0.0,8.0,13.0,162.5,25.0,12.5,8,13,11.0,1.6036
2011,S Badrinath,53.0,22.0,41.5094,5.6604,71.6981,184.0,248.0,134.7826,16.8478,28.8043,76.0,126.0,165.7895,17.1053,5.2632,313,396,3.655,12.3179
2011,S Dhawan,175.0,225.0,128.5714,20.0,38.2857,97.0,110.0,113.4021,10.3093,25.7732,38.0,65.0,171.0526,23.6842,15.7895,310,400,1.9226,39.3826
2011,S Nadeem,0.0,0.0,0.0,0.0,0.0,0.0,0.0,0.0,0.0,0.0,1.0,0.0,0.0,0.0,100.0,1,0,11.0,-1.4246
2011,S Rana,0.0,0.0,0.0,0.0,0.0,3.0,1.0,33.3333,0.0,66.6667,13.0,17.0,130.7692,15.3846,15.3846,16,18,7.0,-4.0619
2011,S Randiv,0.0,0.0,0.0,0.0,0.0,0.0,0.0,0.0,0.0,0.0,4.0,2.0,50.0,0.0,75.0,4,2,10.0,-3.6982
2011,S Sohal,127.0,164.0,129.1339,18.8976,44.0945,63.0,85.0,134.9206,17.4603,30.1587,1.0,0.0,0.0,0.0,100.0,191,249,1.2618,33.8873
2011,S Sreesanth,0.0,0.0,0.0,0.0,0.0,0.0,0.0,0.0,0.0,0.0,9.0,1.0,11.1111,0.0,77.7778,9,1,9.3333,-11.821
2011,S Sriram,0.0,0.0,0.0,0.0,0.0,7.0,4.0,57.1429,0.0,57.1429,0.0,0.0,0.0,0.0,0.0,7,4,4.0,-4.2663
2011,SA Asnodkar,9.0,9.0,100.0,11.1111,44.4444,0.0,0.0,0.0,0.0,0.0,0.0,0.0,0.0,0.0,0.0,9,9,1.0,-0.871
2011,SB Styris,0.0,0.0,0.0,0.0,0.0,0.0,0.0,0.0,0.0,0.0,2.0,5.0,250.0,50.0,0.0,2,5,6.0,2.1509
2011,SB Wagh,0.0,0.0,0.0,0.0,0.0,0.0,0.0,0.0,0.0,0.0,3.0,2.0,66.6667,0.0,66.6667,3,2,9.3333,-2.2737
2011,SC Ganguly,13.0,4.0,30.7692,0.0,61.5385,37.0,38.0,102.7027,10.8108,43.2432,9.0,8.0,88.8889,11.1111,55.5556,59,50,3.3729,-20.7726
2011,SD Chitnis,0.0,0.0,0.0,0.0,0.0,0.0,0.0,0.0,0.0,0.0,9.0,9.0,100.0,11.1111,33.3333,9,9,7.0,-3.821
2011,SE Marsh,90.0,89.0,98.8889,17.7778,53.3333,212.0,352.0,166.0377,23.1132,22.6415,42.0,63.0,150.0,16.6667,21.4286,344,504,3.0145,95.1066
2011,SJ Srivastava,0.0,0.0,0.0,0.0,0.0,0.0,0.0,0.0,0.0,0.0,3.0,4.0,133.3333,0.0,0.0,3,4,10.0,-0.2737
2011,SK Raina,101.0,105.0,103.9604,13.8614,52.4752,163.0,226.0,138.6503,16.5644,25.7669,61.0,107.0,175.4098,19.6721,19.6721,325,438,3.2431,47.8398
2011,SK Trivedi,0.0,0.0,0.0,0.0,0.0,1.0,0.0,0.0,0.0,100.0,1.0,0.0,0.0,0.0,100.0,2,0,11.0,-2.6055
2011,SK Warne,0.0,0.0,0.0,0.0,0.0,14.0,4.0,28.5714,0.0,71.4286,6.0,6.0,100.0,16.6667,50.0,20,10,8.35,-15.08
2011,SL Malinga,0.0,0.0,0.0,0.0,0.0,1.0,1.0,100.0,0.0,0.0,8.0,7.0,87.5,12.5,75.0,9,8,9.0,-4.5773
2011,SP Goswami,28.0,29.0,103.5714,17.8571,53.5714,1.0,0.0,0.0,0.0,100.0,0.0,0.0,0.0,0.0,0.0,29,29,2.1034,-2.8908
2011,SR Tendulkar,220.0,246.0,111.8182,17.7273,42.2727,224.0,234.0,104.4643,9.375,29.4643,44.0,73.0,165.9091,27.2727,31.8182,488,553,1.9139,-15.4948
2011,SR Watson,154.0,170.0,110.3896,16.8831,50.6494,95.0,152.0,160.0,22.1053,36.8421,4.0,8.0,200.0,25.0,25.0,253,330,1.4348,43.2116
2011,SS Tiwary,11.0,6.0,54.5455,9.0909,72.7273,98.0,79.0,80.6122,5.102,43.8776,79.0,102.0,129.1139,15.1899,30.3797,188,187,5.2979,-53.3331
2011,STR Binny,6.0,4.0,66.6667,0.0,50.0,18.0,26.0,144.4444,16.6667,27.7778,7.0,7.0,100.0,0.0,28.5714,31,37,4.6774,-0.8089
2011,SW Tait,0.0,0.0,0.0,0.0,0.0,4.0,2.0,50.0,0.0,50.0,6.0,8.0,133.3333,16.6667,16.6667,10,10,10.0,-3.2709
2011,Shakib Al Hasan,0.0,0.0,0.0,0.0,0.0,13.0,18.0,138.4615,23.0769,38.4615,9.0,11.0,122.2222,11.1111,11.1111,22,29,6.8182,0.8272
2011,Sunny Singh,8.0,15.0,187.5,37.5,37.5,14.0,21.0,150.0,21.4286,28.5714,9.0,7.0,77.7778,11.1111,44.4444,31,43,5.5806,4.8721
2011,TD Paine,26.0,10.0,38.4615,0.0,53.8462,0.0,0.0,0.0,0.0,0.0,0.0,0.0,0.0,0.0,0.0,26,10,2.0,-18.5163
2011,TL Suman,10.0,9.0,90.0,20.0,60.0,26.0,39.0,150.0,19.2308,38.4615,15.0,17.0,113.3333,20.0,60.0,51,65,4.7059,1.9603
2011,TM Dilshan,104.0,137.0,131.7308,25.0,45.1923,65.0,69.0,106.1538,12.3077,32.3077,11.0,20.0,181.8182,18.1818,9.0909,180,226,2.1167,19.5059
2011,TR Birt,0.0,0.0,0.0,0.0,0.0,21.0,15.0,71.4286,0.0,47.619,37.0,60.0,162.1622,29.7297,37.8378,58,75,6.0517,-2.5075
2011,UBT Chand,9.0,0.0,0.0,0.0,88.8889,3.0,2.0,66.6667,0.0,33.3333,0.0,0.0,0.0,0.0,0.0,12,2,3.8333,-11.4137
2011,UT Yadav,0.0,0.0,0.0,0.0,0.0,0.0,0.0,0.0,0.0,0.0,5.0,1.0,20.0,0.0,80.0,5,1,10.0,-6.1228
2011,V Kohli,159.0,151.0,94.9686,13.8365,49.0566,242.0,282.0,116.5289,12.8099,32.6446,59.0,124.0,210.1695,30.5085,23.7288,460,557,3.0674,12.7842
2011,V Sehwag,132.0,190.0,143.9394,25.0,40.1515,96.0,208.0,216.6667,32.2917,18.75,12.0,26.0,216.6667,41.6667,41.6667,240,424,2.6083,148.7634
2011,VR Aaron,0.0,0.0,0.0,0.0,0.0,0.0,0.0,0.0,0.0,0.0,5.0,0.0,0.0,0.0,100.0,5,0,10.0,-7.1228
2011,VVS Laxman,32.0,31.0,96.875,12.5,50.0,10.0,13.0,130.0,10.0,20.0,0.0,0.0,0.0,0.0,0.0,42,44,2.0714,-2.906
2011,WD Parnell,0.0,0.0,0.0,0.0,0.0,8.0,5.0,62.5,0.0,50.0,31.0,32.0,103.2258,9.6774,38.7097,39,37,8.0513,-16.6084
2011,WP Saha,4.0,6.0,150.0,25.0,25.0,44.0,35.0,79.5455,4.5455,43.1818,15.0,27.0,180.0,20.0,13.3333,63,68,5.0,-9.7153
2011,Y Gnaneswara Rao,13.0,15.0,115.3846,15.3846,38.4615,4.0,4.0,100.0,25.0,75.0,0.0,0.0,0.0,0.0,0.0,17,19,3.0,0.0182
2011,Y Nagar,1.0,0.0,0.0,0.0,100.0,61.0,51.0,83.6066,6.5574,40.9836,38.0,60.0,157.8947,21.0526,36.8421,100,111,5.66,-16.2651
2011,Y Venugopal Rao,30.0,11.0,36.6667,0.0,66.6667,194.0,226.0,116.4948,14.9485,38.1443,56.0,99.0,176.7857,25.0,25.0,280,336,5.0393,-5.7741
2011,YK Pathan,9.0,4.0,44.4444,0.0,55.5556,126.0,171.0,135.7143,17.4603,33.3333,66.0,108.0,163.6364,22.7273,27.2727,201,283,4.5373,30.3143
2011,Yuvraj Singh,6.0,7.0,116.6667,16.6667,50.0,180.0,211.0,117.2222,15.0,43.3333,75.0,125.0,166.6667,18.6667,30.6667,261,343,4.7433,17.0148
2011,Z Khan,3.0,0.0,0.0,0.0,100.0,5.0,3.0,60.0,0.0,40.0,16.0,18.0,112.5,12.5,43.75,24,21,8.25,-10.9877
2012,A Ashish Reddy,0.0,0.0,0.0,0.0,0.0,8.0,10.0,125.0,12.5,50.0,21.0,25.0,119.0476,14.2857,33.3333,29,35,7.5172,-5.907
2012,A Chandila,0.0,0.0,0.0,0.0,0.0,0.0,0.0,0.0,0.0,0.0,1.0,0.0,0.0,0.0,100.0,1,0,9.0,-1.502
2012,A Mishra,0.0,0.0,0.0,0.0,0.0,0.0,0.0,0.0,0.0,0.0,20.0,16.0,80.0,5.0,40.0,20,16,9.15,-14.0403
2012,A Nehra,0.0,0.0,0.0,0.0,0.0,0.0,0.0,0.0,0.0,0.0,12.0,11.0,91.6667,8.3333,33.3333,12,11,10.6667,-7.0242
2012,A Singh,0.0,0.0,0.0,0.0,0.0,0.0,0.0,0.0,0.0,0.0,3.0,0.0,0.0,0.0,66.6667,3,0,9.0,-4.506
2012,AA Chavan,0.0,0.0,0.0,0.0,0.0,0.0,0.0,0.0,0.0,0.0,8.0,11.0,137.5,25.0,37.5,8,11,8.0,-1.0161
2012,AA Jhunjhunwala,0.0,0.0,0.0,0.0,0.0,14.0,15.0,107.1429,7.1429,42.8571,12.0,9.0,75.0,8.3333,50.0,26,24,6.2308,-10.4124
2012,AB Dinda,0.0,0.0,0.0,0.0,0.0,0.0,0.0,0.0,0.0,0.0,5.0,2.0,40.0,0.0,40.0,5,2,11.0,-5.5101
2012,AB McDonald,19.0,30.0,157.8947,31.5789,52.6316,0.0,0.0,0.0,0.0,0.0,16.0,17.0,106.25,12.5,25.0,35,47,3.0,1.4714
2012,AB de Villiers,7.0,9.0,128.5714,14.2857,42.8571,108.0,131.0,121.2963,11.1111,29.6296,83.0,179.0,215.6627,33.7349,16.8675,198,319,4.6818,59.99
2012,AC Blizzard,3.0,0.0,0.0,0.0,100.0,0.0,0.0,0.0,0.0,0.0,0.0,0.0,0.0,0.0,0.0,3,0,1.0,-3.3942
2012,AC Gilchrist,107.0,116.0,108.4112,16.8224,46.729,28.0,44.0,157.1429,21.4286,28.5714,8.0,12.0,150.0,12.5,12.5,143,172,1.2378,6.1491
2012,AC Thomas,0.0,0.0,0.0,0.0,0.0,0.0,0.0,0.0,0.0,0.0,15.0,19.0,126.6667,13.3333,33.3333,15,19,8.4,-3.5302
2012,AD Mascarenhas,0.0,0.0,0.0,0.0,0.0,3.0,1.0,33.3333,0.0,66.6667,13.0,13.0,100.0,7.6923,38.4615,16,14,7.0,-9.0379
2012,AD Mathews,2.0,0.0,0.0,0.0,100.0,59.0,68.0,115.2542,10.1695,28.8136,47.0,59.0,125.5319,6.383,19.1489,108,127,6.2778,-14.9219
2012,AD Russell,0.0,0.0,0.0,0.0,0.0,11.0,16.0,145.4545,18.1818,18.1818,15.0,31.0,206.6667,26.6667,20.0,26,47,6.1538,11.5934
2012,AG Murtaza,0.0,0.0,0.0,0.0,0.0,0.0,0.0,0.0,0.0,0.0,5.0,3.0,60.0,0.0,40.0,5,3,10.0,-4.5101
2012,AJ Finch,40.0,47.0,117.5,20.0,42.5,11.0,8.0,72.7273,0.0,36.3636,0.0,0.0,0.0,0.0,0.0,51,55,1.0,-3.1319
2012,AL Menaria,1.0,0.0,0.0,0.0,100.0,142.0,144.0,101.4085,8.4507,38.7324,59.0,76.0,128.8136,16.9492,35.5932,202,220,4.4109,-35.9732
2012,AM Nayar,9.0,3.0,33.3333,0.0,55.5556,30.0,33.0,110.0,10.0,26.6667,10.0,9.0,90.0,0.0,20.0,49,45,4.6122,-15.3202
2012,AM Rahane,213.0,247.0,115.9624,20.1878,47.4178,169.0,216.0,127.8107,14.2012,27.2189,51.0,97.0,190.1961,31.3725,17.6471,433,560,2.0,44.5831
2012,AP Majumdar,15.0,21.0,140.0,26.6667,40.0,58.0,64.0,110.3448,8.6207,31.0345,3.0,2.0,66.6667,0.0,33.3333,76,87,4.6316,-2.3707
2012,AT Rayudu,33.0,23.0,69.697,6.0606,54.5455,161.0,200.0,124.2236,12.4224,27.9503,58.0,110.0,189.6552,22.4138,15.5172,252,333,4.8373,20.0833
2012,AUK Pathan,0.0,0.0,0.0,0.0,0.0,4.0,4.0,100.0,0.0,50.0,3.0,2.0,66.6667,0.0,33.3333,7,6,4.8571,-3.1884
2012,Ankit Sharma,0.0,0.0,0.0,0.0,0.0,0.0,0.0,0.0,0.0,0.0,13.0,18.0,138.4615,15.3846,38.4615,13,18,9.5385,-1.5262
2012,Azhar Mahmood,4.0,7.0,175.0,25.0,25.0,90.0,103.0,114.4444,12.2222,34.4444,48.0,76.0,158.3333,25.0,37.5,142,186,5.2535,4.0252
2012,B Chipli,6.0,1.0,16.6667,0.0,83.3333,17.0,16.0,94.1176,11.7647,52.9412,12.0,20.0,166.6667,25.0,33.3333,35,37,5.3143,-7.7124
2012,B Kumar,0.0,0.0,0.0,0.0,0.0,3.0,2.0,66.6667,0.0,33.3333,37.0,38.0,102.7027,10.8108,37.8378,40,40,8.425,-19.0863
2012,B Lee,0.0,0.0,0.0,0.0,0.0,5.0,9.0,180.0,20.0,20.0,15.0,33.0,220.0,33.3333,26.6667,20,42,9.0,13.6169
2012,BA Bhatt,0.0,0.0,0.0,0.0,0.0,0.0,0.0,0.0,0.0,0.0,2.0,6.0,300.0,50.0,50.0,2,6,11.0,2.996
2012,BB McCullum,159.0,134.0,84.2767,12.5786,55.9748,120.0,153.0,127.5,16.6667,29.1667,4.0,2.0,50.0,0.0,50.0,283,289,1.3145,-37.3687
2012,BB Samantray,0.0,0.0,0.0,0.0,0.0,0.0,0.0,0.0,0.0,0.0,2.0,2.0,100.0,0.0,0.0,2,2,6.0,-1.004
2012,BJ Hodge,0.0,0.0,0.0,0.0,0.0,77.0,98.0,127.2727,11.6883,25.974,98.0,147.0,150.0,18.3673,27.551,175,245,4.6629,7.6676
2012,Bipul Sharma,0.0,0.0,0.0,0.0,0.0,12.0,14.0,116.6667,8.3333,25.0,35.0,58.0,165.7143,22.8571,25.7143,47,72,7.0426,5.3825
2012,CA Lynn,0.0,0.0,0.0,0.0,0.0,7.0,5.0,71.4286,14.2857,71.4286,2.0,1.0,50.0,0.0,50.0,9,6,5.0,-5.1981
2012,CA Pujara,21.0,17.0,80.9524,9.5238,66.6667,0.0,0.0,0.0,0.0,0.0,1.0,0.0,0.0,0.0,100.0,22,17,1.7727,-8.2611
2012,CH Gayle,179.0,219.0,122.3464,19.5531,54.7486,215.0,361.0,167.907,20.9302,26.5116,62.0,153.0,246.7742,40.3226,20.9677,456,733,1.8838,185.6812
2012,CJ Ferguson,14.0,11.0,78.5714,7.1429,50.0,38.0,33.0,86.8421,5.2632,42.1053,11.0,6.0,54.5455,0.0,54.5455,63,50,5.2857,-26.8438
2012,CJ McKay,0.0,0.0,0.0,0.0,0.0,15.0,8.0,53.3333,0.0,53.3333,0.0,0.0,0.0,0.0,0.0,15,8,8.0,-9.5588
2012,CL White,39.0,40.0,102.5641,15.3846,46.1538,192.0,252.0,131.25,15.625,29.1667,89.0,187.0,210.1124,28.0899,14.6067,320,479,3.4719,76.4444
2012,DA Miller,0.0,0.0,0.0,0.0,0.0,35.0,33.0,94.2857,5.7143,25.7143,40.0,65.0,162.5,20.0,25.0,75,98,5.1067,-3.051
2012,DA Warner,98.0,141.0,143.8776,25.5102,50.0,53.0,100.0,188.6792,28.3019,26.4151,5.0,15.0,300.0,40.0,20.0,156,256,1.7308,75.573
2012,DAJ Bracewell,0.0,0.0,0.0,0.0,0.0,0.0,0.0,0.0,0.0,0.0,9.0,12.0,133.3333,11.1111,11.1111,9,12,8.0,-1.5181
2012,DB Das,21.0,23.0,109.5238,9.5238,52.381,13.0,20.0,153.8462,15.3846,23.0769,59.0,83.0,140.678,18.6441,23.7288,93,126,5.871,-1.5956
2012,DB Ravi Teja,0.0,0.0,0.0,0.0,0.0,2.0,0.0,0.0,0.0,100.0,2.0,4.0,200.0,50.0,50.0,4,4,7.5,-1.3452
2012,DE Bollinger,0.0,0.0,0.0,0.0,0.0,0.0,0.0,0.0,0.0,0.0,5.0,3.0,60.0,0.0,40.0,5,3,11.0,-4.5101
2012,DH Yagnik,0.0,0.0,0.0,0.0,0.0,0.0,0.0,0.0,0.0,0.0,13.0,25.0,192.3077,38.4615,30.7692,13,25,7.5385,5.4738
2012,DJ Bravo,3.0,6.0,200.0,33.3333,33.3333,120.0,92.0,76.6667,5.8333,47.5,141.0,273.0,193.617,22.695,17.0213,264,371,5.1098,15.3517
2012,DJ Harris,64.0,57.0,89.0625,14.0625,53.125,37.0,54.0,145.9459,18.9189,37.8378,0.0,0.0,0.0,0.0,0.0,101,111,1.0,-4.7204
2012,DJ Hussey,17.0,16.0,94.1176,11.7647,41.1765,228.0,276.0,121.0526,12.7193,32.8947,60.0,104.0,173.3333,23.3333,31.6667,305,396,4.2951,19.7523
2012,DJ Jacobs,10.0,0.0,0.0,0.0,90.0,0.0,0.0,0.0,0.0,0.0,0.0,0.0,0.0,0.0,0.0,10,0,2.0,-11.3139
2012,DL Vettori,0.0,0.0,0.0,0.0,0.0,18.0,24.0,133.3333,22.2222,38.8889,8.0,7.0,87.5,0.0,12.5,26,31,7.0,-2.0866
2012,DPMD Jayawardene,114.0,129.0,113.1579,17.5439,41.2281,159.0,179.0,112.5786,10.6918,30.8176,25.0,27.0,108.0,20.0,56.0,298,335,2.7349,-17.6514
2012,DR Smith,43.0,65.0,151.1628,27.907,51.1628,33.0,55.0,166.6667,24.2424,21.2121,22.0,37.0,168.1818,22.7273,22.7273,98,157,2.7449,36.6768
2012,DS Kulkarni,0.0,0.0,0.0,0.0,0.0,0.0,0.0,0.0,0.0,0.0,5.0,10.0,200.0,40.0,20.0,5,10,10.0,2.4899
2012,DT Christian,4.0,2.0,50.0,0.0,50.0,67.0,67.0,100.0,7.4627,31.3433,47.0,76.0,161.7021,19.1489,17.0213,118,145,4.2627,-8.5494
2012,DW Steyn,0.0,0.0,0.0,0.0,0.0,3.0,2.0,66.6667,0.0,66.6667,18.0,17.0,94.4444,5.5556,50.0,21,19,8.9524,-11.548
2012,F du Plessis,162.0,232.0,143.2099,21.6049,40.7407,128.0,155.0,121.0938,8.5938,25.7812,14.0,11.0,78.5714,0.0,35.7143,304,398,1.6283,43.8523
2012,G Gambhir,230.0,360.0,156.5217,25.6522,36.5217,153.0,189.0,123.5294,11.7647,24.183,28.0,41.0,146.4286,14.2857,17.8571,411,590,1.6642,108.6252
2012,GB Hogg,0.0,0.0,0.0,0.0,0.0,0.0,0.0,0.0,0.0,0.0,16.0,15.0,93.75,6.25,31.25,16,15,8.9375,-9.0322
2012,GJ Maxwell,0.0,0.0,0.0,0.0,0.0,11.0,6.0,54.5455,0.0,36.3636,0.0,0.0,0.0,0.0,0.0,11,6,4.3636,-6.8764
2012,Gurkeerat Singh,0.0,0.0,0.0,0.0,0.0,24.0,23.0,95.8333,12.5,41.6667,28.0,63.0,225.0,39.2857,10.7143,52,86,6.7692,15.8496
2012,HH Gibbs,51.0,39.0,76.4706,11.7647,66.6667,24.0,24.0,100.0,8.3333,37.5,13.0,18.0,138.4615,15.3846,23.0769,88,81,1.0,-24.3209
2012,HV Patel,0.0,0.0,0.0,0.0,0.0,3.0,2.0,66.6667,0.0,33.3333,12.0,13.0,108.3333,8.3333,16.6667,15,15,9.0,-6.5359
2012,Harbhajan Singh,0.0,0.0,0.0,0.0,0.0,20.0,29.0,145.0,25.0,35.0,60.0,79.0,131.6667,20.0,38.3333,80,108,7.475,-5.5325
2012,Harmeet Singh,0.0,0.0,0.0,0.0,0.0,0.0,0.0,0.0,0.0,0.0,7.0,15.0,214.2857,42.8571,28.5714,7,15,10.1429,4.4859
2012,Harpreet Singh,0.0,0.0,0.0,0.0,0.0,0.0,0.0,0.0,0.0,0.0,6.0,6.0,100.0,0.0,16.6667,6,6,7.0,-3.0121
2012,IK Pathan,0.0,0.0,0.0,0.0,0.0,67.0,84.0,125.3731,11.9403,28.3582,59.0,92.0,155.9322,20.339,18.6441,126,176,5.5317,8.952
2012,IR Jaggi,1.0,1.0,100.0,0.0,0.0,6.0,1.0,16.6667,0.0,83.3333,14.0,13.0,92.8571,0.0,28.5714,21,15,5.0,-14.1831
2012,Iqbal Abdulla,0.0,0.0,0.0,0.0,0.0,1.0,1.0,100.0,0.0,0.0,2.0,1.0,50.0,0.0,50.0,3,2,10.6667,-2.1746
2012,J Botha,0.0,0.0,0.0,0.0,0.0,16.0,10.0,62.5,0.0,50.0,38.0,48.0,126.3158,13.1579,26.3158,54,58,6.2037,-17.8059
2012,J Syed Mohammad,0.0,0.0,0.0,0.0,0.0,0.0,0.0,0.0,0.0,0.0,1.0,4.0,400.0,100.0,0.0,1,4,7.0,2.498
2012,J Theron,0.0,0.0,0.0,0.0,0.0,0.0,0.0,0.0,0.0,0.0,6.0,7.0,116.6667,16.6667,33.3333,6,7,9.0,-2.0121
2012,JA Morkel,0.0,0.0,0.0,0.0,0.0,17.0,16.0,94.1176,5.8824,41.1765,51.0,91.0,178.4314,19.6078,15.6863,68,107,6.5441,10.4973
2012,JD Ryder,121.0,154.0,127.2727,18.1818,40.4959,63.0,57.0,90.4762,6.3492,26.9841,28.0,45.0,160.7143,17.8571,28.5714,212,256,1.9009,3.299
2012,JEC Franklin,85.0,73.0,85.8824,11.7647,52.9412,106.0,115.0,108.4906,8.4906,33.0189,32.0,32.0,100.0,9.375,28.125,223,220,2.8834,-48.3143
2012,JH Kallis,105.0,96.0,91.4286,12.381,47.619,221.0,205.0,92.7602,7.2398,33.9367,58.0,108.0,186.2069,25.8621,22.4138,384,409,2.737,-55.6116
2012,JP Duminy,6.0,2.0,33.3333,0.0,66.6667,90.0,76.0,84.4444,4.4444,34.4444,94.0,166.0,176.5957,21.2766,21.2766,190,244,4.5368,-9.3303
2012,JP Faulkner,0.0,0.0,0.0,0.0,0.0,0.0,0.0,0.0,0.0,0.0,13.0,14.0,107.6923,0.0,15.3846,13,14,9.0,-5.5262
2012,K Upadhyay,0.0,0.0,0.0,0.0,0.0,0.0,0.0,0.0,0.0,0.0,8.0,11.0,137.5,12.5,37.5,8,11,11.0,-1.0161
2012,KA Pollard,0.0,0.0,0.0,0.0,0.0,88.0,118.0,134.0909,15.9091,35.2273,71.0,102.0,143.662,21.1268,33.8028,159,220,6.0189,10.3456
2012,KC Sangakkara,64.0,54.0,84.375,10.9375,50.0,101.0,101.0,100.0,9.901,33.6634,19.0,45.0,236.8421,42.1053,10.5263,184,200,3.087,-19.1761
2012,KD Karthik,46.0,51.0,110.8696,21.7391,56.5217,139.0,153.0,110.0719,12.9496,36.6906,28.0,34.0,121.4286,14.2857,25.0,213,238,4.2347,-18.8114
2012,KK Cooper,0.0,0.0,0.0,0.0,0.0,0.0,0.0,0.0,0.0,0.0,20.0,38.0,190.0,30.0,35.0,20,38,6.85,7.9597
2012,KMDN Kulasekara,0.0,0.0,0.0,0.0,0.0,0.0,0.0,0.0,0.0,0.0,3.0,5.0,166.6667,33.3333,0.0,3,5,9.0,0.494
2012,KP Pietersen,67.0,77.0,114.9254,16.4179,49.2537,113.0,169.0,149.5575,19.469,34.5133,27.0,59.0,218.5185,33.3333,18.5185,207,305,2.8357,56.3666
2012,LR Shukla,0.0,0.0,0.0,0.0,0.0,26.0,35.0,134.6154,15.3846,42.3077,31.0,40.0,129.0323,16.129,38.7097,57,75,6.7544,-1.9976
2012,LRPL Taylor,22.0,19.0,86.3636,9.0909,40.9091,125.0,144.0,115.2,10.4,31.2,24.0,34.0,141.6667,16.6667,37.5,171,197,4.6199,-10.2619
2012,M Kaif,0.0,0.0,0.0,0.0,0.0,14.0,13.0,92.8571,7.1429,28.5714,2.0,1.0,50.0,0.0,50.0,16,14,6.0,-5.3922
2012,M Kartik,0.0,0.0,0.0,0.0,0.0,0.0,0.0,0.0,0.0,0.0,21.0,26.0,123.8095,9.5238,19.0476,21,26,9.0,-5.5423
2012,M Manhas,0.0,0.0,0.0,0.0,0.0,48.0,48.0,100.0,12.5,45.8333,48.0,72.0,150.0,16.6667,20.8333,96,120,6.25,-8.2847
2012,M Morkel,0.0,0.0,0.0,0.0,0.0,0.0,0.0,0.0,0.0,0.0,5.0,3.0,60.0,0.0,40.0,5,3,9.0,-4.5101
2012,M Muralitharan,0.0,0.0,0.0,0.0,0.0,0.0,0.0,0.0,0.0,0.0,9.0,6.0,66.6667,0.0,66.6667,9,6,10.8889,-7.5181
2012,M Vijay,167.0,196.0,117.3653,18.5629,50.2994,88.0,124.0,140.9091,18.1818,32.9545,12.0,16.0,133.3333,16.6667,25.0,267,336,1.5281,26.0228
2012,MA Agarwal,76.0,98.0,128.9474,21.0526,55.2632,55.0,52.0,94.5455,10.9091,43.6364,27.0,75.0,277.7778,44.4444,7.4074,158,225,3.6203,34.0781
2012,MD Mishra,4.0,4.0,100.0,25.0,75.0,0.0,0.0,0.0,0.0,0.0,0.0,0.0,0.0,0.0,0.0,4,4,1.0,-0.5255
2012,MEK Hussey,143.0,145.0,101.3986,13.986,54.5455,90.0,114.0,126.6667,17.7778,32.2222,3.0,2.0,66.6667,0.0,33.3333,236,261,1.3814,-10.647
2012,MJ Clarke,64.0,76.0,118.75,17.1875,40.625,30.0,22.0,73.3333,3.3333,40.0,0.0,0.0,0.0,0.0,0.0,94,98,2.7872,-9.5263
2012,MK Pandey,59.0,68.0,115.2542,15.2542,49.1525,31.0,39.0,125.8065,12.9032,32.2581,22.0,36.0,163.6364,22.7273,18.1818,112,143,2.8482,6.9157
2012,MK Tiwary,43.0,23.0,53.4884,2.3256,51.1628,131.0,148.0,112.9771,11.4504,33.5878,72.0,89.0,123.6111,11.1111,25.0,246,260,4.5976,-50.1412
2012,MM Patel,0.0,0.0,0.0,0.0,0.0,0.0,0.0,0.0,0.0,0.0,7.0,2.0,28.5714,0.0,71.4286,7,2,11.0,-8.5141
2012,MN Samuels,19.0,8.0,42.1053,5.2632,68.4211,87.0,91.0,104.5977,10.3448,33.3333,17.0,25.0,147.0588,11.7647,17.6471,123,124,3.9675,-24.8714
2012,MS Bisla,50.0,75.0,150.0,24.0,38.0,110.0,138.0,125.4545,12.7273,30.9091,0.0,0.0,0.0,0.0,0.0,160,213,2.375,27.6664
2012,MS Dhoni,5.0,4.0,80.0,20.0,80.0,130.0,131.0,100.7692,7.6923,36.1538,143.0,223.0,155.9441,16.7832,18.8811,278,358,4.6547,-14.6209
2012,MS Gony,0.0,0.0,0.0,0.0,0.0,8.0,4.0,50.0,0.0,50.0,0.0,0.0,0.0,0.0,0.0,8,4,7.0,-5.3647
2012,Mandeep Singh,173.0,219.0,126.5896,21.9653,45.0867,147.0,188.0,127.8912,14.2857,29.932,22.0,25.0,113.6364,4.5455,27.2727,342,432,2.1696,31.1498
2012,N Saini,84.0,80.0,95.2381,11.9048,48.8095,49.0,53.0,108.1633,10.2041,34.6939,8.0,7.0,87.5,12.5,62.5,141,140,2.1631,-24.4113
2012,NLTC Perera,0.0,0.0,0.0,0.0,0.0,1.0,0.0,0.0,0.0,100.0,8.0,4.0,50.0,0.0,50.0,9,4,7.5556,-9.1867
2012,NV Ojha,92.0,77.0,83.6957,13.0435,64.1304,89.0,122.0,137.0787,16.8539,31.4607,43.0,56.0,130.2326,16.2791,44.186,224,255,4.0446,-17.8562
2012,OA Shah,13.0,18.0,138.4615,15.3846,46.1538,150.0,162.0,108.0,11.3333,39.3333,93.0,160.0,172.043,22.5806,20.4301,256,340,4.1641,10.017
2012,P Awana,0.0,0.0,0.0,0.0,0.0,0.0,0.0,0.0,0.0,0.0,5.0,4.0,80.0,0.0,20.0,5,4,10.0,-3.5101
2012,P Dogra,0.0,0.0,0.0,0.0,0.0,10.0,4.0,40.0,0.0,60.0,14.0,11.0,78.5714,0.0,35.7143,24,15,5.75,-17.734
2012,P Kumar,0.0,0.0,0.0,0.0,0.0,0.0,0.0,0.0,0.0,0.0,30.0,35.0,116.6667,10.0,36.6667,30,35,9.6,-10.0604
2012,P Negi,0.0,0.0,0.0,0.0,0.0,11.0,10.0,90.9091,9.0909,45.4545,18.0,26.0,144.4444,22.2222,33.3333,29,36,6.5517,-3.9127
2012,P Parameswaran,0.0,0.0,0.0,0.0,0.0,0.0,0.0,0.0,0.0,0.0,1.0,0.0,0.0,0.0,100.0,1,0,11.0,-1.502
2012,PA Patel,94.0,109.0,115.9574,15.9574,41.4894,57.0,71.0,124.5614,12.2807,19.2982,14.0,14.0,100.0,7.1429,21.4286,165,194,2.8061,-0.1019
2012,PA Reddy,31.0,37.0,119.3548,12.9032,41.9355,23.0,21.0,91.3043,4.3478,30.4348,5.0,15.0,300.0,60.0,20.0,59,73,2.5085,3.4935
2012,PC Valthaty,51.0,30.0,58.8235,7.8431,66.6667,0.0,0.0,0.0,0.0,0.0,0.0,0.0,0.0,0.0,0.0,51,30,2.1765,-27.7007
2012,PP Chawla,0.0,0.0,0.0,0.0,0.0,28.0,28.0,100.0,14.2857,50.0,60.0,78.0,130.0,15.0,30.0,88,106,6.9432,-16.8972
2012,PP Ojha,0.0,0.0,0.0,0.0,0.0,0.0,0.0,0.0,0.0,0.0,14.0,4.0,28.5714,0.0,64.2857,14,4,10.0,-17.0282
2012,R Ashwin,0.0,0.0,0.0,0.0,0.0,0.0,0.0,0.0,0.0,0.0,15.0,18.0,120.0,13.3333,26.6667,15,18,8.8667,-4.5302
2012,R Bhatia,0.0,0.0,0.0,0.0,0.0,17.0,15.0,88.2353,5.8824,35.2941,11.0,20.0,181.8182,27.2727,9.0909,28,35,7.8571,-1.4221
2012,R Dravid,265.0,323.0,121.8868,20.7547,47.5472,136.0,124.0,91.1765,7.3529,36.7647,11.0,15.0,136.3636,18.1818,27.2727,412,462,1.0,-13.5392
2012,R Sharma,0.0,0.0,0.0,0.0,0.0,0.0,0.0,0.0,0.0,0.0,11.0,2.0,18.1818,0.0,72.7273,11,2,9.2727,-14.5222
2012,R Vinay Kumar,0.0,0.0,0.0,0.0,0.0,11.0,9.0,81.8182,0.0,18.1818,51.0,59.0,115.6863,9.8039,33.3333,62,68,7.9839,-21.4791
2012,RA Jadeja,0.0,0.0,0.0,0.0,0.0,87.0,105.0,120.6897,13.7931,33.3333,64.0,86.0,134.375,15.625,31.25,151,191,5.4636,-6.9698
2012,RE Levi,57.0,62.0,108.7719,19.2982,50.8772,16.0,21.0,131.25,18.75,43.75,0.0,0.0,0.0,0.0,0.0,73,83,1.1233,-0.2184
2012,RG Sharma,107.0,126.0,117.757,18.6916,53.271,182.0,215.0,118.1319,13.7363,31.8681,53.0,92.0,173.5849,22.6415,18.8679,342,433,2.8655,19.2885
2012,RJ Harris,0.0,0.0,0.0,0.0,0.0,0.0,0.0,0.0,0.0,0.0,11.0,18.0,163.6364,18.1818,27.2727,11,18,9.0,1.4778
2012,RJ Peterson,0.0,0.0,0.0,0.0,0.0,14.0,13.0,92.8571,7.1429,28.5714,16.0,19.0,118.75,18.75,43.75,30,32,5.9,-8.4204
2012,RN ten Doeschate,0.0,0.0,0.0,0.0,0.0,0.0,0.0,0.0,0.0,0.0,21.0,21.0,100.0,9.5238,38.0952,21,21,7.4762,-10.5423
2012,RP Singh,0.0,0.0,0.0,0.0,0.0,0.0,0.0,0.0,0.0,0.0,12.0,6.0,50.0,0.0,50.0,12,6,9.75,-12.0242
2012,RR Bhatkal,0.0,0.0,0.0,0.0,0.0,0.0,0.0,0.0,0.0,0.0,2.0,0.0,0.0,0.0,100.0,2,0,8.0,-3.004
2012,RV Uthappa,135.0,142.0,105.1852,14.8148,49.6296,172.0,212.0,123.2558,13.3721,27.907,36.0,51.0,141.6667,13.8889,30.5556,343,405,3.0175,-3.1503
2012,S Anirudha,0.0,0.0,0.0,0.0,0.0,0.0,0.0,0.0,0.0,0.0,7.0,19.0,271.4286,42.8571,0.0,7,19,7.1429,8.4859
2012,S Aravind,0.0,0.0,0.0,0.0,0.0,0.0,0.0,0.0,0.0,0.0,8.0,14.0,175.0,37.5,37.5,8,14,10.0,1.9839
2012,S Badrinath,78.0,69.0,88.4615,12.8205,56.4103,94.0,122.0,129.7872,15.9574,27.6596,9.0,5.0,55.5556,0.0,44.4444,181,196,3.0331,-15.8012
2012,S Dhawan,231.0,309.0,133.7662,19.4805,39.8268,180.0,213.0,118.3333,13.3333,33.8889,28.0,47.0,167.8571,25.0,21.4286,439,569,1.918,54.888
2012,S Nadeem,0.0,0.0,0.0,0.0,0.0,0.0,0.0,0.0,0.0,0.0,2.0,0.0,0.0,0.0,100.0,2,0,8.0,-3.004
2012,SA Yadav,0.0,0.0,0.0,0.0,0.0,4.0,0.0,0.0,0.0,100.0,0.0,0.0,0.0,0.0,0.0,4,0,6.0,-4.6823
2012,SB Jakati,0.0,0.0,0.0,0.0,0.0,0.0,0.0,0.0,0.0,0.0,12.0,7.0,58.3333,0.0,41.6667,12,7,9.8333,-11.0242
2012,SC Ganguly,118.0,127.0,107.6271,15.2542,43.2203,138.0,120.0,86.9565,9.4203,43.4783,15.0,21.0,140.0,20.0,33.3333,271,268,3.2103,-49.5745
2012,SD Chitnis,6.0,1.0,16.6667,0.0,83.3333,46.0,55.0,119.5652,17.3913,39.1304,10.0,10.0,100.0,0.0,20.0,62,66,5.371,-9.6554
2012,SE Marsh,127.0,127.0,100.0,16.5354,47.2441,135.0,170.0,125.9259,15.5556,34.0741,18.0,39.0,216.6667,22.2222,11.1111,280,336,2.375,7.2487
2012,SK Raina,92.0,116.0,126.087,18.4783,46.7391,208.0,280.0,134.6154,16.3462,28.3654,25.0,45.0,180.0,16.0,28.0,325,441,3.0092,55.8805
2012,SK Trivedi,0.0,0.0,0.0,0.0,0.0,0.0,0.0,0.0,0.0,0.0,6.0,5.0,83.3333,0.0,50.0,6,5,10.0,-4.0121
2012,SL Malinga,0.0,0.0,0.0,0.0,0.0,2.0,1.0,50.0,0.0,50.0,51.0,54.0,105.8824,13.7255,43.1373,53,55,9.0,-23.9439
2012,SP Goswami,10.0,11.0,110.0,10.0,30.0,37.0,32.0,86.4865,5.4054,32.4324,20.0,26.0,130.0,10.0,20.0,67,69,4.8358,-15.6658
2012,SP Narine,0.0,0.0,0.0,0.0,0.0,0.0,0.0,0.0,0.0,0.0,7.0,9.0,128.5714,28.5714,57.1429,7,9,9.1429,-1.5141
2012,SPD Smith,13.0,11.0,84.6154,15.3846,53.8462,138.0,153.0,110.8696,8.6957,26.8116,116.0,198.0,170.6897,20.6897,17.2414,267,362,5.4831,11.5177
2012,SR Tendulkar,159.0,168.0,105.6604,16.3522,50.9434,114.0,146.0,128.0702,14.0351,23.6842,10.0,10.0,100.0,10.0,30.0,283,324,1.8551,-4.3573
2012,SR Watson,68.0,100.0,147.0588,23.5294,41.1765,96.0,144.0,150.0,22.9167,38.5417,4.0,11.0,275.0,50.0,0.0,168,255,3.0,59.6815
2012,SS Tiwary,28.0,22.0,78.5714,7.1429,50.0,95.0,94.0,98.9474,8.4211,37.8947,47.0,75.0,159.5745,14.8936,17.0213,170,191,4.5412,-22.479
2012,STR Binny,6.0,0.0,0.0,0.0,100.0,42.0,66.0,157.1429,23.8095,33.3333,19.0,24.0,126.3158,10.5263,21.0526,67,90,4.6567,5.5089
2012,Shakib Al Hasan,0.0,0.0,0.0,0.0,0.0,44.0,51.0,115.9091,13.6364,29.5455,30.0,40.0,133.3333,10.0,20.0,74,91,4.7568,-5.5661
2012,Sunny Gupta,0.0,0.0,0.0,0.0,0.0,0.0,0.0,0.0,0.0,0.0,1.0,0.0,0.0,0.0,100.0,1,0,9.0,-1.502
2012,TL Suman,19.0,15.0,78.9474,10.5263,57.8947,0.0,0.0,0.0,0.0,0.0,0.0,0.0,0.0,0.0,0.0,19,15,1.5263,-6.4964
2012,TM Dilshan,110.0,103.0,93.6364,13.6364,47.2727,115.0,131.0,113.913,13.913,39.1304,36.0,51.0,141.6667,19.4444,22.2222,261,285,1.6552,-28.1423
2012,UBT Chand,28.0,33.0,117.8571,17.8571,57.1429,6.0,3.0,50.0,0.0,66.6667,0.0,0.0,0.0,0.0,0.0,34,36,1.0,-2.7023
2012,UT Yadav,0.0,0.0,0.0,0.0,0.0,0.0,0.0,0.0,0.0,0.0,7.0,2.0,28.5714,0.0,71.4286,7,2,10.0,-8.5141
2012,V Kohli,106.0,99.0,93.3962,14.1509,55.6604,174.0,181.0,104.023,9.7701,33.908,46.0,84.0,182.6087,23.913,17.3913,326,364,2.8313,-28.7014
2012,V Pratap Singh,0.0,0.0,0.0,0.0,0.0,0.0,0.0,0.0,0.0,0.0,1.0,0.0,0.0,0.0,100.0,1,0,11.0,-1.502
2012,V Sehwag,166.0,257.0,154.8193,25.3012,35.5422,136.0,226.0,166.1765,23.5294,21.3235,5.0,12.0,240.0,40.0,20.0,307,495,2.1368,140.4802
2012,VR Aaron,0.0,0.0,0.0,0.0,0.0,0.0,0.0,0.0,0.0,0.0,3.0,1.0,33.3333,0.0,66.6667,3,1,10.3333,-3.506
2012,WD Parnell,14.0,11.0,78.5714,14.2857,50.0,0.0,0.0,0.0,0.0,0.0,13.0,8.0,61.5385,0.0,38.4615,27,19,4.7407,-16.3656
2012,WP Saha,0.0,0.0,0.0,0.0,0.0,14.0,6.0,42.8571,0.0,50.0,0.0,0.0,0.0,0.0,0.0,14,6,4.0,-10.3882
2012,Y Nagar,2.0,2.0,100.0,0.0,0.0,53.0,42.0,79.2453,3.7736,33.9623,78.0,109.0,139.7436,17.9487,29.4872,133,153,5.6842,-28.4609
2012,Y Venugopal Rao,20.0,21.0,105.0,15.0,35.0,94.0,93.0,98.9362,7.4468,37.234,12.0,18.0,150.0,25.0,41.6667,126,132,4.3254,-18.6869
2012,YK Pathan,5.0,1.0,20.0,0.0,40.0,61.0,63.0,103.2787,6.5574,36.0656,103.0,130.0,126.2136,12.6214,25.2427,169,194,5.0414,-37.77
2012,Z Khan,0.0,0.0,0.0,0.0,0.0,0.0,0.0,0.0,0.0,0.0,17.0,12.0,70.5882,5.8824,52.9412,17,12,8.7647,-13.5342
2013,A Ashish Reddy,6.0,5.0,83.3333,16.6667,66.6667,5.0,6.0,120.0,0.0,20.0,78.0,114.0,146.1538,15.3846,24.359,89,125,7.2921,-5.4111
2013,A Chandila,0.0,0.0,0.0,0.0,0.0,0.0,0.0,0.0,0.0,0.0,6.0,4.0,66.6667,0.0,33.3333,6,4,8.0,-5.0907
2013,A Mishra,5.0,1.0,20.0,0.0,80.0,61.0,51.0,83.6066,8.1967,47.541,30.0,37.0,123.3333,13.3333,23.3333,96,89,7.3542,-31.9804
2013,A Mithun,0.0,0.0,0.0,0.0,0.0,0.0,0.0,0.0,0.0,0.0,2.0,2.0,100.0,0.0,50.0,2,2,9.0,-1.0302
2013,A Mukund,15.0,14.0,93.3333,6.6667,33.3333,6.0,5.0,83.3333,0.0,33.3333,0.0,0.0,0.0,0.0,0.0,21,19,1.0,-4.1082
2013,A Nehra,0.0,0.0,0.0,0.0,0.0,0.0,0.0,0.0,0.0,0.0,8.0,1.0,12.5,0.0,87.5,8,1,10.125,-11.1209
2013,AB Agarkar,0.0,0.0,0.0,0.0,0.0,7.0,3.0,42.8571,0.0,57.1429,9.0,9.0,100.0,0.0,11.1111,16,12,8.5625,-9.683
2013,AB Dinda,0.0,0.0,0.0,0.0,0.0,0.0,0.0,0.0,0.0,0.0,11.0,9.0,81.8182,9.0909,45.4545,11,9,10.5455,-7.6663
2013,AB McDonald,0.0,0.0,0.0,0.0,0.0,0.0,0.0,0.0,0.0,0.0,2.0,0.0,0.0,0.0,100.0,2,0,5.0,-3.0302
2013,AB de Villiers,8.0,15.0,187.5,37.5,37.5,133.0,159.0,119.5489,12.782,27.8195,78.0,186.0,238.4615,37.1795,19.2308,219,360,3.9178,80.2835
2013,AC Gilchrist,149.0,194.0,130.2013,22.1477,46.3087,73.0,80.0,109.589,15.0685,36.9863,7.0,20.0,285.7143,42.8571,0.0,229,294,1.4236,38.4486
2013,AD Mascarenhas,0.0,0.0,0.0,0.0,0.0,0.0,0.0,0.0,0.0,0.0,5.0,5.0,100.0,0.0,20.0,5,5,10.0,-2.5756
2013,AD Mathews,2.0,1.0,50.0,0.0,50.0,86.0,92.0,106.9767,6.9767,32.5581,51.0,79.0,154.902,17.6471,27.451,139,172,5.4245,-6.2947
2013,AD Russell,0.0,0.0,0.0,0.0,0.0,0.0,0.0,0.0,0.0,0.0,14.0,11.0,78.5714,0.0,42.8571,14,11,6.7143,-10.2116
2013,AG Murtaza,0.0,0.0,0.0,0.0,0.0,0.0,0.0,0.0,0.0,0.0,4.0,5.0,125.0,25.0,50.0,4,5,9.0,-1.0605
2013,AJ Finch,183.0,238.0,130.0546,22.9508,46.4481,144.0,214.0,148.6111,19.4444,32.6389,9.0,4.0,44.4444,0.0,55.5556,336,456,1.997,79.0549
2013,AL Menaria,0.0,0.0,0.0,0.0,0.0,0.0,0.0,0.0,0.0,0.0,2.0,1.0,50.0,0.0,50.0,2,1,6.0,-2.0302
2013,AM Nayar,0.0,0.0,0.0,0.0,0.0,37.0,38.0,102.7027,8.1081,29.7297,36.0,28.0,77.7778,5.5556,38.8889,73,66,6.8767,-31.0779
2013,AM Rahane,215.0,213.0,99.0698,13.0233,50.2326,194.0,208.0,107.2165,8.2474,27.8351,49.0,67.0,136.7347,18.3673,28.5714,458,488,2.0764,-41.6109
2013,AP Tare,52.0,73.0,140.3846,23.0769,48.0769,32.0,50.0,156.25,21.875,28.125,0.0,0.0,0.0,0.0,0.0,84,123,2.0119,30.0165
2013,AS Rajpoot,0.0,0.0,0.0,0.0,0.0,0.0,0.0,0.0,0.0,0.0,6.0,2.0,33.3333,0.0,83.3333,6,2,10.0,-7.0907
2013,AT Rayudu,25.0,31.0,124.0,20.0,36.0,119.0,103.0,86.5546,4.2017,32.7731,87.0,131.0,150.5747,18.3908,21.8391,231,265,5.316,-30.6309
2013,Azhar Mahmood,20.0,15.0,75.0,15.0,65.0,98.0,140.0,142.8571,19.3878,23.4694,36.0,41.0,113.8889,13.8889,44.4444,154,196,4.2727,7.1843
2013,B Chipli,14.0,14.0,100.0,14.2857,42.8571,4.0,2.0,50.0,0.0,50.0,0.0,0.0,0.0,0.0,0.0,18,16,3.0,-3.7284
2013,B Kumar,0.0,0.0,0.0,0.0,0.0,4.0,1.0,25.0,0.0,75.0,67.0,51.0,76.1194,5.9701,53.7313,71,52,8.831,-54.1109
2013,B Laughlin,0.0,0.0,0.0,0.0,0.0,7.0,3.0,42.8571,0.0,57.1429,2.0,1.0,50.0,0.0,50.0,9,4,10.7778,-7.0772
2013,B Lee,0.0,0.0,0.0,0.0,0.0,3.0,1.0,33.3333,0.0,66.6667,9.0,20.0,222.2222,33.3333,33.3333,12,21,8.5,3.9153
2013,BAW Mendis,0.0,0.0,0.0,0.0,0.0,0.0,0.0,0.0,0.0,0.0,4.0,2.0,50.0,0.0,50.0,4,2,9.0,-4.0605
2013,BB McCullum,7.0,6.0,85.7143,14.2857,57.1429,0.0,0.0,0.0,0.0,0.0,0.0,0.0,0.0,0.0,0.0,7,6,3.0,-1.5651
2013,BB Samantray,21.0,15.0,71.4286,9.5238,61.9048,62.0,68.0,109.6774,11.2903,35.4839,28.0,40.0,142.8571,21.4286,25.0,111,123,5.2703,-13.3912
2013,BJ Hodge,0.0,0.0,0.0,0.0,0.0,97.0,106.0,109.2784,13.4021,40.2062,121.0,187.0,154.5455,19.0083,21.4876,218,293,5.7752,-1.8364
2013,BJ Rohrer,0.0,0.0,0.0,0.0,0.0,105.0,114.0,108.5714,13.3333,40.0,35.0,79.0,225.7143,34.2857,14.2857,140,193,5.2143,19.2669
2013,BMAJ Mendis,2.0,1.0,50.0,0.0,50.0,25.0,22.0,88.0,0.0,28.0,0.0,0.0,0.0,0.0,0.0,27,23,5.6296,-7.9005
2013,CA Pujara,70.0,63.0,90.0,14.2857,55.7143,28.0,29.0,103.5714,14.2857,39.2857,1.0,0.0,0.0,0.0,100.0,99,92,1.0,-17.3534
2013,CH Gayle,204.0,273.0,133.8235,22.0588,50.0,189.0,311.0,164.5503,23.2804,31.746,60.0,124.0,206.6667,31.6667,23.3333,453,708,1.5254,179.3586
2013,CH Morris,0.0,0.0,0.0,0.0,0.0,5.0,1.0,20.0,0.0,80.0,11.0,13.0,118.1818,0.0,18.1818,16,14,8.5,-8.4141
2013,CL White,44.0,39.0,88.6364,11.3636,47.7273,117.0,109.0,93.1624,10.2564,41.0256,30.0,61.0,203.3333,26.6667,20.0,191,209,3.6649,-18.504
2013,CM Gautam,3.0,2.0,66.6667,0.0,66.6667,17.0,23.0,135.2941,11.7647,29.4118,14.0,19.0,135.7143,21.4286,28.5714,34,44,6.6471,0.0037
2013,DA Miller,8.0,6.0,75.0,12.5,62.5,161.0,233.0,144.7205,16.1491,24.8447,85.0,179.0,210.5882,29.4118,16.4706,254,418,4.7087,95.4899
2013,DA Warner,118.0,108.0,91.5254,16.1017,58.4746,154.0,206.0,133.7662,14.2857,25.974,51.0,96.0,188.2353,27.451,19.6078,323,410,3.1424,28.1714
2013,DB Das,0.0,0.0,0.0,0.0,0.0,56.0,60.0,107.1429,14.2857,51.7857,18.0,15.0,83.3333,11.1111,44.4444,74,75,5.5676,-16.6476
2013,DB Ravi Teja,0.0,0.0,0.0,0.0,0.0,12.0,10.0,83.3333,0.0,16.6667,5.0,4.0,80.0,0.0,20.0,17,14,4.9412,-7.3703
2013,DH Yagnik,0.0,0.0,0.0,0.0,0.0,62.0,74.0,119.3548,19.3548,43.5484,34.0,51.0,150.0,20.5882,20.5882,96,125,5.4688,2.2132
2013,DJ Bravo,35.0,37.0,105.7143,17.1429,51.4286,21.0,12.0,57.1429,0.0,47.619,50.0,72.0,144.0,16.0,30.0,106,121,5.2642,-16.7218
2013,DJ Hussey,45.0,72.0,160.0,26.6667,40.0,151.0,147.0,97.351,8.6093,36.4238,13.0,16.0,123.0769,7.6923,23.0769,209,235,4.201,-6.9129
2013,DJG Sammy,5.0,8.0,160.0,40.0,60.0,87.0,98.0,112.6437,11.4943,36.7816,40.0,68.0,170.0,22.5,30.0,132,174,5.9091,7.9799
2013,DPMD Jayawardene,153.0,148.0,96.732,16.3399,58.1699,135.0,142.0,105.1852,10.3704,37.037,25.0,41.0,164.0,24.0,24.0,313,331,1.7348,-27.4192
2013,DR Smith,191.0,194.0,101.5707,15.1832,52.356,147.0,223.0,151.7007,20.4082,34.6939,3.0,1.0,33.3333,0.0,66.6667,341,418,1.088,38.0511
2013,DT Christian,0.0,0.0,0.0,0.0,0.0,13.0,4.0,30.7692,0.0,69.2308,2.0,2.0,100.0,0.0,50.0,15,6,5.0,-11.9745
2013,DW Steyn,0.0,0.0,0.0,0.0,0.0,0.0,0.0,0.0,0.0,0.0,36.0,53.0,147.2222,19.4444,36.1111,36,53,9.1389,-1.5441
2013,EJG Morgan,16.0,14.0,87.5,12.5,56.25,153.0,174.0,113.7255,15.0327,40.5229,71.0,119.0,167.6056,22.5352,26.7606,240,307,4.5792,6.2523
2013,G Gambhir,206.0,267.0,129.6117,20.3883,39.8058,133.0,132.0,99.2481,9.7744,37.594,4.0,7.0,175.0,25.0,50.0,343,406,2.0117,24.4191
2013,GH Vihari,82.0,50.0,60.9756,3.6585,54.878,149.0,139.0,93.2886,7.3826,36.9128,47.0,52.0,110.6383,8.5106,29.7872,278,241,3.5863,-90.1144
2013,GJ Maxwell,20.0,23.0,115.0,15.0,65.0,0.0,0.0,0.0,0.0,0.0,7.0,13.0,185.7143,28.5714,28.5714,27,36,2.2963,3.7798
2013,Gurkeerat Singh,20.0,16.0,80.0,15.0,70.0,48.0,50.0,104.1667,8.3333,29.1667,27.0,42.0,155.5556,22.2222,25.9259,95,108,4.9579,-9.7015
2013,Harbhajan Singh,0.0,0.0,0.0,0.0,0.0,11.0,5.0,45.4545,0.0,54.5455,68.0,111.0,163.2353,25.0,30.8824,79,116,7.2658,0.327
2013,Harmeet Singh,0.0,0.0,0.0,0.0,0.0,0.0,0.0,0.0,0.0,0.0,4.0,3.0,75.0,0.0,50.0,4,3,9.0,-3.0605
2013,IC Pandey,0.0,0.0,0.0,0.0,0.0,0.0,0.0,0.0,0.0,0.0,2.0,0.0,0.0,0.0,100.0,2,0,10.0,-3.0302
2013,IK Pathan,7.0,1.0,14.2857,0.0,85.7143,76.0,57.0,75.0,2.6316,39.4737,69.0,84.0,121.7391,14.4928,33.3333,152,142,6.3158,-57.4747
2013,Iqbal Abdulla,0.0,0.0,0.0,0.0,0.0,3.0,2.0,66.6667,0.0,33.3333,11.0,6.0,54.5455,0.0,36.3636,14,8,8.2143,-12.1149
2013,J Botha,23.0,25.0,108.6957,17.3913,60.8696,19.0,15.0,78.9474,10.5263,63.1579,10.0,3.0,30.0,0.0,70.0,52,43,4.2308,-18.8494
2013,J Syed Mohammad,0.0,0.0,0.0,0.0,0.0,11.0,9.0,81.8182,9.0909,54.5455,2.0,1.0,50.0,0.0,50.0,13,10,7.0,-5.6754
2013,JA Morkel,0.0,0.0,0.0,0.0,0.0,19.0,19.0,100.0,10.5263,47.3684,18.0,27.0,150.0,16.6667,27.7778,37,46,6.7027,-3.1137
2013,JD Unadkat,0.0,0.0,0.0,0.0,0.0,0.0,0.0,0.0,0.0,0.0,2.0,2.0,100.0,0.0,0.0,2,2,10.5,-1.0302
2013,JH Kallis,130.0,122.0,93.8462,14.6154,55.3846,167.0,150.0,89.8204,7.1856,38.3234,25.0,39.0,156.0,28.0,32.0,322,311,3.0062,-59.3486
2013,JP Faulkner,19.0,14.0,73.6842,10.5263,57.8947,0.0,0.0,0.0,0.0,0.0,38.0,43.0,113.1579,13.1579,44.7368,57,57,5.7018,-21.1081
2013,K Upadhyay,0.0,0.0,0.0,0.0,0.0,0.0,0.0,0.0,0.0,0.0,1.0,1.0,100.0,0.0,0.0,1,1,11.0,-0.5151
2013,KA Pollard,0.0,0.0,0.0,0.0,0.0,132.0,170.0,128.7879,16.6667,37.1212,149.0,250.0,167.7852,22.8188,30.8725,281,420,5.4235,42.5057
2013,KB Arun Karthik,0.0,0.0,0.0,0.0,0.0,14.0,19.0,135.7143,14.2857,35.7143,24.0,22.0,91.6667,8.3333,33.3333,38,41,6.6579,-11.4566
2013,KC Sangakkara,58.0,59.0,101.7241,17.2414,53.4483,78.0,61.0,78.2051,3.8462,35.8974,0.0,0.0,0.0,0.0,0.0,136,120,3.4559,-32.3477
2013,KD Karthik,142.0,149.0,104.9296,15.493,49.2958,233.0,289.0,124.0343,15.0215,31.3305,36.0,72.0,200.0,30.5556,25.0,411,510,2.9343,34.1453
2013,KK Cooper,0.0,0.0,0.0,0.0,0.0,0.0,0.0,0.0,0.0,0.0,22.0,39.0,177.2727,27.2727,40.9091,22,39,8.3636,5.6675
2013,KK Nair,5.0,8.0,160.0,0.0,40.0,7.0,1.0,14.2857,0.0,85.7143,0.0,0.0,0.0,0.0,0.0,12,9,4.5,-4.4505
2013,KL Rahul,12.0,12.0,100.0,16.6667,58.3333,0.0,0.0,0.0,0.0,0.0,4.0,8.0,200.0,50.0,50.0,16,20,3.0,0.9709
2013,KM Jadhav,3.0,1.0,33.3333,0.0,66.6667,57.0,55.0,96.4912,7.0175,29.8246,64.0,96.0,150.0,14.0625,23.4375,124,152,5.9194,-13.7345
2013,KV Sharma,9.0,7.0,77.7778,11.1111,66.6667,47.0,46.0,97.8723,10.6383,46.8085,30.0,32.0,106.6667,6.6667,30.0,86,85,6.7558,-24.2094
2013,KW Richardson,0.0,0.0,0.0,0.0,0.0,18.0,19.0,105.5556,16.6667,55.5556,18.0,15.0,83.3333,0.0,33.3333,36,34,7.1111,-13.9642
2013,L Balaji,0.0,0.0,0.0,0.0,0.0,0.0,0.0,0.0,0.0,0.0,10.0,9.0,90.0,10.0,50.0,10,9,10.3,-6.1511
2013,LA Pomersbach,19.0,25.0,131.5789,21.0526,47.3684,25.0,14.0,56.0,4.0,68.0,15.0,19.0,126.6667,6.6667,13.3333,59,58,4.0508,-13.9995
2013,LJ Wright,8.0,8.0,100.0,12.5,62.5,15.0,14.0,93.3333,13.3333,46.6667,37.0,84.0,227.027,43.2432,18.9189,60,106,5.1333,24.0516
2013,LR Shukla,0.0,0.0,0.0,0.0,0.0,9.0,2.0,22.2222,0.0,77.7778,3.0,1.0,33.3333,0.0,66.6667,12,3,7.0,-11.8914
2013,LRPL Taylor,7.0,5.0,71.4286,14.2857,71.4286,60.0,50.0,83.3333,3.3333,41.6667,9.0,8.0,88.8889,0.0,33.3333,76,63,3.9342,-27.1748
2013,M Kartik,0.0,0.0,0.0,0.0,0.0,0.0,0.0,0.0,0.0,0.0,3.0,2.0,66.6667,0.0,33.3333,3,2,9.3333,-2.5453
2013,M Manhas,0.0,0.0,0.0,0.0,0.0,5.0,2.0,40.0,0.0,60.0,12.0,11.0,91.6667,8.3333,41.6667,17,13,6.7647,-10.9292
2013,M Morkel,0.0,0.0,0.0,0.0,0.0,2.0,2.0,100.0,0.0,0.0,27.0,55.0,203.7037,33.3333,25.9259,29,57,8.4483,13.7928
2013,M Rawat,0.0,0.0,0.0,0.0,0.0,5.0,1.0,20.0,0.0,80.0,6.0,4.0,66.6667,0.0,33.3333,11,5,7.0,-9.8385
2013,M Vijay,195.0,223.0,114.359,14.359,45.1282,78.0,70.0,89.7436,6.4103,42.3077,13.0,19.0,146.1538,15.3846,30.7692,286,312,1.9021,-8.1031
2013,M Vohra,48.0,65.0,135.4167,22.9167,43.75,60.0,76.0,126.6667,15.0,31.6667,9.0,20.0,222.2222,44.4444,33.3333,117,161,3.4359,26.5156
2013,MA Agarwal,47.0,49.0,104.2553,17.0213,57.4468,10.0,14.0,140.0,10.0,20.0,5.0,4.0,80.0,0.0,40.0,62,67,2.3548,-2.8651
2013,MC Henriques,3.0,3.0,100.0,0.0,33.3333,69.0,75.0,108.6957,13.0435,36.2319,53.0,87.0,164.1509,26.4151,32.0755,125,165,4.8,2.137
2013,MC Juneja,18.0,20.0,111.1111,16.6667,38.8889,94.0,88.0,93.617,7.4468,32.9787,16.0,17.0,106.25,12.5,43.75,128,125,4.1797,-26.7537
2013,MDKJ Perera,13.0,14.0,107.6923,23.0769,53.8462,0.0,0.0,0.0,0.0,0.0,0.0,0.0,0.0,0.0,0.0,13,14,1.0,-0.0494
2013,MEK Hussey,262.0,307.0,117.1756,18.3206,46.5649,254.0,328.0,129.1339,13.7795,24.0157,50.0,98.0,196.0,30.0,16.0,566,733,1.341,82.1063
2013,MG Johnson,0.0,0.0,0.0,0.0,0.0,5.0,5.0,100.0,20.0,60.0,31.0,34.0,109.6774,9.6774,38.7097,36,39,7.8333,-13.7164
2013,MK Pandey,40.0,22.0,55.0,2.5,62.5,68.0,70.0,102.9412,8.8235,32.3529,29.0,44.0,151.7241,24.1379,27.5862,137,136,3.1533,-29.3374
2013,MK Tiwary,12.0,14.0,116.6667,8.3333,33.3333,85.0,79.0,92.9412,8.2353,37.6471,43.0,53.0,123.2558,11.6279,34.8837,140,146,4.6,-29.8314
2013,MM Sharma,0.0,0.0,0.0,0.0,0.0,3.0,0.0,0.0,0.0,100.0,2.0,0.0,0.0,0.0,100.0,5,0,10.4,-6.4789
2013,MN Samuels,4.0,1.0,25.0,0.0,75.0,14.0,7.0,50.0,7.1429,71.4286,0.0,0.0,0.0,0.0,0.0,18,8,3.5,-12.4168
2013,MR Marsh,0.0,0.0,0.0,0.0,0.0,62.0,65.0,104.8387,8.0645,35.4839,44.0,75.0,170.4545,25.0,34.0909,106,140,5.9906,2.0621
2013,MS Bisla,159.0,153.0,96.2264,17.6101,56.6038,53.0,57.0,107.5472,11.3208,33.9623,24.0,45.0,187.5,33.3333,33.3333,236,255,1.1229,-14.1243
2013,MS Dhoni,3.0,6.0,200.0,33.3333,0.0,139.0,169.0,121.5827,12.9496,33.0935,141.0,286.0,202.8369,26.9504,21.2766,283,461,5.0777,84.3375
2013,MS Gony,0.0,0.0,0.0,0.0,0.0,3.0,0.0,0.0,0.0,100.0,22.0,45.0,204.5455,31.8182,31.8182,25,45,7.76,8.2188
2013,Mandeep Singh,154.0,177.0,114.9351,18.8312,44.1558,55.0,64.0,116.3636,10.9091,25.4545,14.0,19.0,135.7143,7.1429,14.2857,223,260,2.287,9.1313
2013,Mohammed Shami,0.0,0.0,0.0,0.0,0.0,0.0,0.0,0.0,0.0,0.0,10.0,5.0,50.0,0.0,60.0,10,5,10.0,-10.1511
2013,NLTC Perera,4.0,4.0,100.0,25.0,75.0,60.0,82.0,136.6667,15.0,28.3333,99.0,147.0,148.4848,16.1616,27.2727,163,233,5.8528,9.707
2013,NM Coulter-Nile,0.0,0.0,0.0,0.0,0.0,0.0,0.0,0.0,0.0,0.0,6.0,9.0,150.0,16.6667,33.3333,6,9,9.0,-0.0907
2013,NV Ojha,0.0,0.0,0.0,0.0,0.0,9.0,9.0,100.0,11.1111,33.3333,1.0,0.0,0.0,0.0,100.0,10,9,5.3,-2.8612
2013,OA Shah,0.0,0.0,0.0,0.0,0.0,8.0,10.0,125.0,12.5,12.5,15.0,15.0,100.0,6.6667,26.6667,23,25,6.0435,-6.9232
2013,P Awana,0.0,0.0,0.0,0.0,0.0,0.0,0.0,0.0,0.0,0.0,9.0,1.0,11.1111,0.0,88.8889,9,1,10.8889,-12.636
2013,P Dogra,0.0,0.0,0.0,0.0,0.0,0.0,0.0,0.0,0.0,0.0,8.0,5.0,62.5,0.0,37.5,8,5,7.0,-7.1209
2013,P Kumar,0.0,0.0,0.0,0.0,0.0,0.0,0.0,0.0,0.0,0.0,39.0,47.0,120.5128,15.3846,46.1538,39,47,9.6667,-12.0895
2013,PA Patel,170.0,210.0,123.5294,20.0,43.5294,77.0,67.0,87.013,6.4935,35.0649,8.0,17.0,212.5,25.0,0.0,255,294,1.2353,9.6401
2013,PA Reddy,73.0,66.0,90.411,9.589,47.9452,28.0,25.0,89.2857,7.1429,32.1429,0.0,0.0,0.0,0.0,0.0,101,91,1.3366,-20.0804
2013,PC Valthaty,6.0,2.0,33.3333,0.0,66.6667,11.0,4.0,36.3636,0.0,63.6364,0.0,0.0,0.0,0.0,0.0,17,6,3.0,-13.1295
2013,PJ Sangwan,0.0,0.0,0.0,0.0,0.0,0.0,0.0,0.0,0.0,0.0,2.0,4.0,200.0,50.0,50.0,2,4,10.0,0.9698
2013,PP Chawla,0.0,0.0,0.0,0.0,0.0,24.0,30.0,125.0,12.5,37.5,33.0,34.0,103.0303,15.1515,42.4242,57,64,7.4386,-13.5883
2013,PP Ojha,0.0,0.0,0.0,0.0,0.0,0.0,0.0,0.0,0.0,0.0,4.0,2.0,50.0,0.0,50.0,4,2,10.5,-4.0605
2013,PV Tambe,0.0,0.0,0.0,0.0,0.0,0.0,0.0,0.0,0.0,0.0,6.0,3.0,50.0,0.0,33.3333,6,3,10.0,-6.0907
2013,Parvez Rasool,0.0,0.0,0.0,0.0,0.0,0.0,0.0,0.0,0.0,0.0,9.0,5.0,55.5556,0.0,33.3333,9,5,8.4444,-8.636
2013,Q de Kock,15.0,6.0,40.0,6.6667,80.0,0.0,0.0,0.0,0.0,0.0,0.0,0.0,0.0,0.0,0.0,15,6,1.5333,-10.2108
2013,R Ashwin,18.0,12.0,66.6667,11.1111,61.1111,12.0,5.0,41.6667,0.0,58.3333,19.0,18.0,94.7368,10.5263,42.1053,49,35,7.0204,-27.0349
2013,R Bhatia,0.0,0.0,0.0,0.0,0.0,37.0,28.0,75.6757,8.1081,56.7568,43.0,71.0,165.1163,18.6047,25.5814,80,99,7.0125,-8.6837
2013,R Dhawan,0.0,0.0,0.0,0.0,0.0,9.0,11.0,122.2222,22.2222,55.5556,12.0,10.0,83.3333,8.3333,33.3333,21,21,7.2381,-7.5274
2013,R Dravid,223.0,232.0,104.0359,20.1794,58.7444,188.0,218.0,115.9574,11.1702,28.1915,14.0,21.0,150.0,21.4286,42.8571,425,471,1.7624,-7.3303
2013,R McLaren,0.0,0.0,0.0,0.0,0.0,3.0,1.0,33.3333,0.0,66.6667,3.0,2.0,66.6667,0.0,66.6667,6,3,7.5,-4.994
2013,R Rampaul,0.0,0.0,0.0,0.0,0.0,3.0,2.0,66.6667,0.0,33.3333,34.0,36.0,105.8824,11.7647,44.1176,37,38,8.1081,-16.9626
2013,R Sathish,0.0,0.0,0.0,0.0,0.0,35.0,42.0,120.0,14.2857,42.8571,42.0,67.0,159.5238,21.4286,26.1905,77,109,5.8831,5.1305
2013,R Sharma,0.0,0.0,0.0,0.0,0.0,0.0,0.0,0.0,0.0,0.0,17.0,11.0,64.7059,5.8824,52.9412,17,11,10.0588,-14.7569
2013,R Shukla,0.0,0.0,0.0,0.0,0.0,0.0,0.0,0.0,0.0,0.0,2.0,1.0,50.0,0.0,50.0,2,1,8.0,-2.0302
2013,R Vinay Kumar,0.0,0.0,0.0,0.0,0.0,4.0,7.0,175.0,25.0,25.0,40.0,63.0,157.5,20.0,32.5,44,70,7.7273,4.7972
2013,RA Jadeja,0.0,0.0,0.0,0.0,0.0,77.0,100.0,129.8701,10.3896,24.6753,58.0,101.0,174.1379,25.8621,25.8621,135,201,5.963,24.607
2013,RE van der Merwe,9.0,8.0,88.8889,11.1111,44.4444,16.0,14.0,87.5,6.25,37.5,0.0,0.0,0.0,0.0,0.0,25,22,5.2,-6.1195
2013,RG Sharma,44.0,29.0,65.9091,9.0909,54.5455,251.0,275.0,109.5618,9.9602,31.0757,114.0,234.0,205.2632,29.8246,26.3158,409,538,4.0465,29.185
2013,RJ Harris,0.0,0.0,0.0,0.0,0.0,0.0,0.0,0.0,0.0,0.0,5.0,2.0,40.0,0.0,60.0,5,2,9.0,-5.5756
2013,RN ten Doeschate,4.0,1.0,25.0,0.0,75.0,33.0,47.0,142.4242,15.1515,15.1515,26.0,37.0,142.3077,23.0769,34.6154,63,85,5.1905,3.3486
2013,RT Ponting,60.0,40.0,66.6667,5.0,55.0,15.0,12.0,80.0,6.6667,40.0,0.0,0.0,0.0,0.0,0.0,75,52,1.12,-30.0867
2013,RV Gomez,0.0,0.0,0.0,0.0,0.0,0.0,0.0,0.0,0.0,0.0,1.0,4.0,400.0,100.0,0.0,1,4,7.0,2.4849
2013,RV Uthappa,241.0,279.0,115.7676,14.9378,42.7386,122.0,134.0,109.8361,12.2951,36.8852,8.0,21.0,262.5,37.5,12.5,371,434,1.0485,21.1785
2013,S Anirudha,2.0,0.0,0.0,0.0,100.0,0.0,0.0,0.0,0.0,0.0,0.0,0.0,0.0,0.0,0.0,2,0,1.0,-2.1614
2013,S Badrinath,18.0,10.0,55.5556,5.5556,61.1111,99.0,114.0,115.1515,10.101,26.2626,4.0,0.0,0.0,0.0,100.0,121,124,4.3471,-15.3201
2013,S Dhawan,120.0,120.0,100.0,14.1667,50.0,114.0,156.0,136.8421,16.6667,25.4386,19.0,35.0,184.2105,31.5789,26.3158,253,311,2.1779,21.4761
2013,S Kaul,0.0,0.0,0.0,0.0,0.0,0.0,0.0,0.0,0.0,0.0,9.0,7.0,77.7778,0.0,55.5556,9,7,11.0,-6.636
2013,S Nadeem,0.0,0.0,0.0,0.0,0.0,0.0,0.0,0.0,0.0,0.0,27.0,14.0,51.8519,3.7037,70.3704,27,14,9.3333,-26.9081
2013,S Narwal,0.0,0.0,0.0,0.0,0.0,0.0,0.0,0.0,0.0,0.0,15.0,23.0,153.3333,26.6667,33.3333,15,23,7.0,0.2733
2013,S Sreesanth,0.0,0.0,0.0,0.0,0.0,0.0,0.0,0.0,0.0,0.0,4.0,1.0,25.0,0.0,50.0,4,1,8.5,-5.0605
2013,SE Marsh,107.0,107.0,100.0,17.757,51.4019,106.0,140.0,132.0755,16.0377,24.5283,36.0,53.0,147.2222,19.4444,25.0,249,300,2.6627,7.965
2013,SK Raina,72.0,78.0,108.3333,16.6667,50.0,207.0,277.0,133.8164,13.5266,22.7053,86.0,193.0,224.4186,32.5581,5.814,365,548,2.9945,101.9288
2013,SK Trivedi,0.0,0.0,0.0,0.0,0.0,0.0,0.0,0.0,0.0,0.0,7.0,3.0,42.8571,0.0,71.4286,7,3,11.0,-7.6058
2013,SL Malinga,0.0,0.0,0.0,0.0,0.0,0.0,0.0,0.0,0.0,0.0,18.0,9.0,50.0,5.5556,72.2222,18,9,9.7222,-18.2721
2013,SMSM Senanayake,0.0,0.0,0.0,0.0,0.0,0.0,0.0,0.0,0.0,0.0,17.0,10.0,58.8235,0.0,41.1765,17,10,8.0588,-15.7569
2013,SP Narine,0.0,0.0,0.0,0.0,0.0,0.0,0.0,0.0,0.0,0.0,19.0,21.0,110.5263,10.5263,36.8421,19,21,9.5263,-7.7872
2013,SPD Smith,14.0,14.0,100.0,14.2857,42.8571,88.0,85.0,96.5909,9.0909,40.9091,30.0,60.0,200.0,30.0,16.6667,132,159,4.4318,-2.745
2013,SR Tendulkar,151.0,179.0,118.543,21.1921,50.9934,73.0,98.0,134.2466,15.0685,21.9178,7.0,10.0,142.8571,14.2857,42.8571,231,287,2.0433,29.2872
2013,SR Watson,146.0,182.0,124.6575,21.9178,43.1507,191.0,275.0,143.9791,19.3717,31.9372,43.0,86.0,200.0,27.907,23.2558,380,543,2.5079,100.4983
2013,SS Tiwary,18.0,13.0,72.2222,5.5556,50.0,63.0,72.0,114.2857,7.9365,31.746,25.0,24.0,96.0,8.0,40.0,106,109,3.4057,-20.7533
2013,STR Binny,4.0,5.0,125.0,25.0,50.0,130.0,192.0,147.6923,19.2308,31.5385,65.0,96.0,147.6923,16.9231,26.1538,199,293,4.9598,40.7515
2013,SV Samson,29.0,29.0,100.0,17.2414,58.6207,103.0,114.0,110.6796,10.6796,34.9515,46.0,63.0,136.9565,17.3913,26.087,178,206,4.3315,-13.4411
2013,SW Tait,0.0,0.0,0.0,0.0,0.0,0.0,0.0,0.0,0.0,0.0,3.0,1.0,33.3333,0.0,66.6667,3,1,10.0,-3.5453
2013,Sachin Baby,0.0,0.0,0.0,0.0,0.0,2.0,1.0,50.0,0.0,0.0,5.0,2.0,40.0,0.0,80.0,7,3,7.0,-6.8747
2013,Sandeep Sharma,0.0,0.0,0.0,0.0,0.0,0.0,0.0,0.0,0.0,0.0,1.0,0.0,0.0,0.0,100.0,1,0,11.0,-1.5151
2013,TL Suman,46.0,39.0,84.7826,15.2174,60.8696,12.0,13.0,108.3333,8.3333,25.0,0.0,0.0,0.0,0.0,0.0,58,52,3.5,-11.5079
2013,TM Dilshan,76.0,53.0,69.7368,11.8421,69.7368,17.0,23.0,135.2941,17.6471,11.7647,0.0,0.0,0.0,0.0,0.0,93,76,1.7634,-25.6774
2013,UA Birla,9.0,6.0,66.6667,11.1111,66.6667,5.0,1.0,20.0,0.0,80.0,0.0,0.0,0.0,0.0,0.0,14,7,4.0,-8.4743
2013,UBT Chand,72.0,71.0,98.6111,16.6667,61.1111,77.0,80.0,103.8961,11.6883,37.6623,9.0,7.0,77.7778,0.0,33.3333,158,158,2.8038,-21.9643
2013,UT Yadav,0.0,0.0,0.0,0.0,0.0,0.0,0.0,0.0,0.0,0.0,38.0,38.0,100.0,10.5263,42.1053,38,38,9.7368,-19.5743
2013,V Kohli,121.0,153.0,126.4463,22.314,47.9339,259.0,331.0,127.7992,14.2857,30.888,77.0,150.0,194.8052,28.5714,25.974,457,634,2.9825,88.8322
2013,V Sehwag,157.0,191.0,121.6561,19.7452,47.1338,70.0,93.0,132.8571,20.0,30.0,6.0,11.0,183.3333,33.3333,0.0,233,295,2.4936,35.7666
2013,WD Parnell,0.0,0.0,0.0,0.0,0.0,0.0,0.0,0.0,0.0,0.0,7.0,5.0,71.4286,0.0,28.5714,7,5,8.0,-5.6058
2013,WP Saha,44.0,57.0,129.5455,20.4545,52.2727,12.0,13.0,108.3333,8.3333,16.6667,0.0,0.0,0.0,0.0,0.0,56,70,1.2679,8.6535
2013,X Thalaivan Sargunam,0.0,0.0,0.0,0.0,0.0,14.0,8.0,57.1429,0.0,50.0,3.0,2.0,66.6667,0.0,66.6667,17,10,6.0,-10.6392
2013,YK Pathan,45.0,61.0,135.5556,22.2222,42.2222,129.0,176.0,136.4341,17.8295,36.4341,66.0,95.0,143.9394,18.1818,28.7879,240,332,4.0958,35.0764
2013,Yuvraj Singh,26.0,28.0,107.6923,15.3846,42.3077,119.0,134.0,112.605,13.4454,49.5798,45.0,76.0,168.8889,20.0,31.1111,190,238,3.6895,4.9231
2014,A Mishra,0.0,0.0,0.0,0.0,0.0,0.0,0.0,0.0,0.0,0.0,7.0,4.0,57.1429,0.0,28.5714,7,4,10.0,-6.9705
2014,AB Dinda,0.0,0.0,0.0,0.0,0.0,3.0,0.0,0.0,0.0,100.0,9.0,4.0,44.4444,0.0,55.5556,12,4,10.0,-13.8183
2014,AB de Villiers,15.0,17.0,113.3333,20.0,53.3333,144.0,190.0,131.9444,13.1944,27.7778,90.0,188.0,208.8889,31.1111,24.4444,249,395,4.8032,58.2081
2014,AD Russell,0.0,0.0,0.0,0.0,0.0,8.0,2.0,25.0,0.0,75.0,0.0,0.0,0.0,0.0,0.0,8,2,6.125,-7.9023
2014,AJ Finch,132.0,142.0,107.5758,15.9091,43.1818,84.0,103.0,122.619,14.2857,33.3333,47.0,64.0,136.1702,14.8936,29.7872,263,309,1.3764,-22.6482
2014,AM Nayar,31.0,32.0,103.2258,16.129,61.2903,16.0,11.0,68.75,6.25,62.5,0.0,0.0,0.0,0.0,0.0,47,43,2.0851,-12.9748
2014,AM Rahane,170.0,194.0,114.1176,16.4706,44.7059,94.0,100.0,106.383,8.5106,26.5957,27.0,45.0,166.6667,18.5185,25.9259,291,339,1.4811,-18.0194
2014,AN Ahmed,0.0,0.0,0.0,0.0,0.0,0.0,0.0,0.0,0.0,0.0,1.0,4.0,400.0,100.0,0.0,1,4,7.0,2.4328
2014,AP Tare,63.0,69.0,109.5238,15.873,44.4444,9.0,17.0,188.8889,33.3333,33.3333,26.0,40.0,153.8462,23.0769,34.6154,98,126,3.2959,0.6051
2014,AR Patel,3.0,2.0,66.6667,0.0,66.6667,24.0,23.0,95.8333,8.3333,33.3333,33.0,37.0,112.1212,15.1515,39.3939,60,62,6.5167,-22.9253
2014,AT Rayudu,70.0,77.0,110.0,14.2857,45.7143,186.0,244.0,131.1828,13.4409,24.7312,31.0,40.0,129.0323,12.9032,29.0323,287,361,3.3449,0.5139
2014,Ankit Sharma,23.0,27.0,117.3913,21.7391,60.8696,7.0,7.0,100.0,0.0,28.5714,0.0,0.0,0.0,0.0,0.0,30,34,1.5,-1.5005
2014,B Kumar,0.0,0.0,0.0,0.0,0.0,0.0,0.0,0.0,0.0,0.0,4.0,1.0,25.0,0.0,50.0,4,1,11.0,-5.2689
2014,BB McCullum,159.0,207.0,130.1887,19.4969,47.1698,164.0,186.0,113.4146,11.5854,32.9268,10.0,12.0,120.0,10.0,10.0,333,405,2.1622,0.8131
2014,BCJ Cutting,0.0,0.0,0.0,0.0,0.0,0.0,0.0,0.0,0.0,0.0,6.0,8.0,133.3333,16.6667,33.3333,6,8,6.0,-1.4033
2014,BE Hendricks,0.0,0.0,0.0,0.0,0.0,0.0,0.0,0.0,0.0,0.0,1.0,0.0,0.0,0.0,100.0,1,0,9.0,-1.5672
2014,BJ Hodge,0.0,0.0,0.0,0.0,0.0,24.0,21.0,87.5,4.1667,45.8333,48.0,80.0,166.6667,18.75,29.1667,72,101,6.6389,-3.9332
2014,BR Dunk,35.0,40.0,114.2857,20.0,48.5714,0.0,0.0,0.0,0.0,0.0,0.0,0.0,0.0,0.0,0.0,35,40,1.0,-0.8374
2014,CA Lynn,18.0,17.0,94.4444,16.6667,55.5556,31.0,41.0,132.2581,16.129,35.4839,0.0,0.0,0.0,0.0,0.0,49,58,4.0,-1.3734
2014,CA Pujara,86.0,80.0,93.0233,15.1163,53.4884,30.0,32.0,106.6667,10.0,20.0,8.0,13.0,162.5,12.5,0.0,124,125,1.0,-25.0145
2014,CH Gayle,133.0,150.0,112.782,18.0451,57.8947,46.0,38.0,82.6087,10.8696,47.8261,5.0,8.0,160.0,20.0,40.0,184,196,1.1359,-23.9561
2014,CJ Anderson,35.0,38.0,108.5714,17.1429,51.4286,119.0,200.0,168.0672,23.5294,31.0924,27.0,27.0,100.0,7.4074,44.4444,181,265,4.0331,34.5516
2014,CM Gautam,54.0,62.0,114.8148,18.5185,53.7037,27.0,23.0,85.1852,7.4074,48.1481,30.0,36.0,120.0,20.0,36.6667,111,121,3.6396,-22.4429
2014,DA Miller,14.0,13.0,92.8571,14.2857,64.2857,201.0,259.0,128.8557,15.4229,31.3433,84.0,174.0,207.1429,26.1905,14.2857,299,446,4.6087,49.2245
2014,DA Warner,91.0,122.0,134.0659,21.978,36.2637,214.0,260.0,121.4953,11.215,31.7757,70.0,146.0,208.5714,27.1429,12.8571,375,528,3.0293,47.2321
2014,DH Yagnik,0.0,0.0,0.0,0.0,0.0,0.0,0.0,0.0,0.0,0.0,6.0,4.0,66.6667,0.0,16.6667,6,4,8.0,-5.4033
2014,DJ Bravo,0.0,0.0,0.0,0.0,0.0,0.0,0.0,0.0,0.0,0.0,3.0,8.0,266.6667,33.3333,0.0,3,8,5.0,3.2984
2014,DJ Hussey,5.0,1.0,20.0,0.0,80.0,66.0,67.0,101.5152,10.6061,36.3636,23.0,48.0,208.6957,30.4348,21.7391,94,116,4.0638,-7.5736
2014,DJG Sammy,0.0,0.0,0.0,0.0,0.0,36.0,40.0,111.1111,11.1111,47.2222,55.0,68.0,123.6364,14.5455,36.3636,91,108,5.7582,-22.7571
2014,DR Smith,258.0,336.0,130.2326,20.9302,44.186,139.0,197.0,141.7266,17.9856,35.2518,19.0,33.0,173.6842,26.3158,36.8421,416,566,1.0,63.1413
2014,DS Kulkarni,0.0,0.0,0.0,0.0,0.0,3.0,1.0,33.3333,0.0,66.6667,22.0,34.0,154.5455,13.6364,18.1818,25,35,10.0,-3.1921
2014,DW Steyn,0.0,0.0,0.0,0.0,0.0,3.0,2.0,66.6667,0.0,33.3333,23.0,20.0,86.9565,4.3478,39.1304,26,22,9.0,-17.7593
2014,F du Plessis,52.0,86.0,165.3846,30.7692,38.4615,136.0,139.0,102.2059,5.1471,26.4706,47.0,78.0,165.9574,21.2766,19.1489,235,303,3.4723,0.3297
2014,G Gambhir,165.0,167.0,101.2121,13.9394,47.8788,110.0,139.0,126.3636,12.7273,21.8182,18.0,29.0,161.1111,16.6667,22.2222,293,335,1.8532,-21.8851
2014,GJ Bailey,2.0,1.0,50.0,0.0,50.0,68.0,48.0,70.5882,4.4118,48.5294,120.0,208.0,173.3333,21.6667,19.1667,190,257,5.6105,-17.5688
2014,GJ Maxwell,41.0,69.0,168.2927,31.7073,29.2683,225.0,426.0,189.3333,27.5556,24.0,28.0,57.0,203.5714,32.1429,35.7143,294,552,3.4762,181.7787
2014,HV Patel,0.0,0.0,0.0,0.0,0.0,0.0,0.0,0.0,0.0,0.0,7.0,13.0,185.7143,28.5714,42.8571,7,13,8.4286,2.0295
2014,Harbhajan Singh,0.0,0.0,0.0,0.0,0.0,0.0,0.0,0.0,0.0,0.0,25.0,28.0,112.0,16.0,52.0,25,28,7.44,-11.1804
2014,IK Pathan,0.0,0.0,0.0,0.0,0.0,19.0,13.0,68.4211,0.0,31.5789,35.0,42.0,120.0,14.2857,34.2857,54,55,6.4444,-23.3704
2014,Imran Tahir,0.0,0.0,0.0,0.0,0.0,6.0,4.0,66.6667,16.6667,83.3333,4.0,4.0,100.0,25.0,75.0,10,8,9.4,-5.6956
2014,JA Morkel,3.0,4.0,133.3333,33.3333,33.3333,32.0,34.0,106.25,9.375,50.0,6.0,7.0,116.6667,0.0,0.0,41,45,6.8537,-7.5127
2014,JD Unadkat,0.0,0.0,0.0,0.0,0.0,4.0,0.0,0.0,0.0,100.0,2.0,1.0,50.0,0.0,50.0,6,1,10.1667,-7.0856
2014,JDS Neesham,0.0,0.0,0.0,0.0,0.0,25.0,29.0,116.0,12.0,40.0,21.0,13.0,61.9048,4.7619,66.6667,46,42,7.0,-21.8561
2014,JH Kallis,50.0,41.0,82.0,10.0,54.0,63.0,82.0,130.1587,11.1111,26.9841,16.0,28.0,175.0,31.25,37.5,129,151,1.938,-10.3949
2014,JJ Bumrah,0.0,0.0,0.0,0.0,0.0,0.0,0.0,0.0,0.0,0.0,3.0,1.0,33.3333,0.0,66.6667,3,1,11.0,-3.7016
2014,JO Holder,0.0,0.0,0.0,0.0,0.0,0.0,0.0,0.0,0.0,0.0,12.0,16.0,133.3333,25.0,58.3333,12,16,7.0,-2.8066
2014,JP Duminy,18.0,10.0,55.5556,5.5556,66.6667,176.0,181.0,102.8409,5.6818,28.9773,111.0,219.0,197.2973,27.9279,15.3153,305,410,4.8852,-2.8129
2014,JP Faulkner,0.0,0.0,0.0,0.0,0.0,13.0,12.0,92.3077,7.6923,38.4615,81.0,169.0,208.642,28.3951,20.9877,94,181,7.4362,37.9643
2014,KA Pollard,4.0,8.0,200.0,25.0,25.0,83.0,92.0,110.8434,12.0482,39.759,116.0,173.0,149.1379,16.3793,27.5862,203,273,5.2414,-16.2002
2014,KD Karthik,56.0,64.0,114.2857,16.0714,46.4286,179.0,231.0,129.0503,15.0838,31.2849,23.0,30.0,130.4348,13.0435,34.7826,258,325,3.5039,2.0511
2014,KK Cooper,2.0,7.0,350.0,50.0,0.0,22.0,30.0,136.3636,18.1818,40.9091,2.0,2.0,100.0,0.0,50.0,26,39,4.0769,6.3008
2014,KK Nair,106.0,136.0,128.3019,18.8679,45.283,115.0,169.0,146.9565,20.0,30.4348,11.0,25.0,227.2727,36.3636,18.1818,232,330,2.1466,46.7367
2014,KL Rahul,44.0,49.0,111.3636,13.6364,40.9091,103.0,94.0,91.2621,6.7961,33.9806,17.0,23.0,135.2941,11.7647,23.5294,164,166,3.622,-39.4727
2014,KM Jadhav,4.0,0.0,0.0,0.0,100.0,9.0,8.0,88.8889,0.0,11.1111,88.0,141.0,160.2273,22.7273,25.0,101,149,6.4653,-4.7222
2014,KP Pietersen,118.0,156.0,132.2034,21.1864,37.2881,100.0,118.0,118.0,14.0,35.0,15.0,20.0,133.3333,13.3333,26.6667,233,294,2.3433,9.0332
2014,KV Sharma,0.0,0.0,0.0,0.0,0.0,3.0,3.0,100.0,0.0,0.0,26.0,39.0,150.0,15.3846,23.0769,29,42,7.5517,-2.461
2014,KW Richardson,0.0,0.0,0.0,0.0,0.0,0.0,0.0,0.0,0.0,0.0,2.0,1.0,50.0,0.0,50.0,2,1,9.0,-2.1344
2014,Karanveer Singh,0.0,0.0,0.0,0.0,0.0,0.0,0.0,0.0,0.0,0.0,1.0,1.0,100.0,0.0,0.0,1,1,10.0,-0.5672
2014,L Balaji,0.0,0.0,0.0,0.0,0.0,0.0,0.0,0.0,0.0,0.0,3.0,1.0,33.3333,0.0,66.6667,3,1,10.0,-3.7016
2014,LMP Simmons,143.0,188.0,131.4685,23.0769,45.4545,131.0,185.0,141.2214,16.7939,33.5878,17.0,21.0,123.5294,11.7647,23.5294,291,394,1.1753,38.3579
2014,LR Shukla,0.0,0.0,0.0,0.0,0.0,29.0,25.0,86.2069,6.8966,31.0345,9.0,6.0,66.6667,11.1111,66.6667,38,31,5.3684,-19.0007
2014,LRPL Taylor,8.0,6.0,75.0,12.5,62.5,35.0,31.0,88.5714,5.7143,31.4286,16.0,22.0,137.5,18.75,31.25,59,59,5.6949,-18.7321
2014,M Manhas,0.0,0.0,0.0,0.0,0.0,10.0,10.0,100.0,10.0,40.0,13.0,25.0,192.3077,23.0769,23.0769,23,35,7.0,2.2484
2014,M Morkel,0.0,0.0,0.0,0.0,0.0,0.0,0.0,0.0,0.0,0.0,3.0,4.0,133.3333,0.0,0.0,3,4,11.0,-0.7016
2014,M Vijay,126.0,102.0,80.9524,8.7302,51.5873,66.0,105.0,159.0909,21.2121,21.2121,0.0,0.0,0.0,0.0,0.0,192,207,1.8698,-21.7082
2014,M Vohra,138.0,210.0,152.1739,22.4638,44.9275,88.0,108.0,122.7273,12.5,37.5,7.0,6.0,85.7143,14.2857,28.5714,233,324,2.0858,43.0886
2014,M de Lange,0.0,0.0,0.0,0.0,0.0,0.0,0.0,0.0,0.0,0.0,2.0,1.0,50.0,0.0,50.0,2,1,9.0,-2.1344
2014,MA Agarwal,69.0,84.0,121.7391,15.942,42.029,20.0,25.0,125.0,15.0,35.0,2.0,6.0,300.0,50.0,50.0,91,115,2.3736,6.6019
2014,MA Starc,0.0,0.0,0.0,0.0,0.0,35.0,37.0,105.7143,11.4286,40.0,49.0,48.0,97.9592,10.2041,32.6531,84,85,7.6905,-35.116
2014,MC Henriques,0.0,0.0,0.0,0.0,0.0,11.0,9.0,81.8182,9.0909,36.3636,3.0,0.0,0.0,0.0,66.6667,14,9,5.9286,-9.3173
2014,MEK Hussey,107.0,126.0,117.757,16.8224,43.9252,75.0,83.0,110.6667,8.0,32.0,0.0,0.0,0.0,0.0,0.0,182,209,1.8901,-8.6794
2014,MG Johnson,0.0,0.0,0.0,0.0,0.0,0.0,0.0,0.0,0.0,0.0,50.0,56.0,112.0,14.0,46.0,50,56,7.48,-22.3608
2014,MK Pandey,112.0,113.0,100.8929,12.5,48.2143,190.0,230.0,121.0526,12.6316,30.5263,38.0,58.0,152.6316,18.4211,23.6842,340,401,2.8559,-24.4126
2014,MK Tiwary,5.0,1.0,20.0,0.0,80.0,60.0,73.0,121.6667,13.3333,30.0,53.0,78.0,147.1698,18.8679,24.5283,118,152,4.8814,-11.1634
2014,MM Sharma,0.0,0.0,0.0,0.0,0.0,0.0,0.0,0.0,0.0,0.0,3.0,1.0,33.3333,0.0,66.6667,3,1,9.0,-3.7016
2014,MS Bisla,9.0,3.0,33.3333,0.0,66.6667,0.0,0.0,0.0,0.0,0.0,0.0,0.0,0.0,0.0,0.0,9,3,2.0,-7.501
2014,MS Dhoni,0.0,0.0,0.0,0.0,0.0,81.0,70.0,86.4198,3.7037,30.8642,169.0,301.0,178.1065,23.0769,21.8935,250,371,5.092,5.88
2014,Mandeep Singh,26.0,24.0,92.3077,7.6923,46.1538,0.0,0.0,0.0,0.0,0.0,0.0,0.0,0.0,0.0,0.0,26,24,2.0,-6.3363
2014,Mohammed Shami,0.0,0.0,0.0,0.0,0.0,3.0,1.0,33.3333,0.0,66.6667,4.0,2.0,50.0,0.0,50.0,7,3,9.0,-6.9822
2014,NJ Maddinson,14.0,16.0,114.2857,21.4286,64.2857,0.0,0.0,0.0,0.0,0.0,0.0,0.0,0.0,0.0,0.0,14,16,1.4286,-0.335
2014,NV Ojha,31.0,34.0,109.6774,19.3548,58.0645,78.0,103.0,132.0513,15.3846,38.4615,52.0,95.0,182.6923,25.0,25.0,161,232,3.3106,17.7874
2014,P Kumar,0.0,0.0,0.0,0.0,0.0,0.0,0.0,0.0,0.0,0.0,2.0,1.0,50.0,0.0,50.0,2,1,8.0,-2.1344
2014,PA Patel,126.0,130.0,103.1746,17.4603,54.7619,51.0,56.0,109.8039,11.7647,27.451,8.0,19.0,237.5,37.5,0.0,185,205,1.7676,-17.6792
2014,PP Chawla,0.0,0.0,0.0,0.0,0.0,2.0,0.0,0.0,0.0,50.0,17.0,31.0,182.3529,29.4118,23.5294,19,31,8.1579,1.8818
2014,PP Ojha,0.0,0.0,0.0,0.0,0.0,0.0,0.0,0.0,0.0,0.0,8.0,4.0,50.0,0.0,25.0,8,4,10.0,-8.5377
2014,PV Tambe,0.0,0.0,0.0,0.0,0.0,0.0,0.0,0.0,0.0,0.0,9.0,5.0,55.5556,0.0,44.4444,9,5,11.0,-9.1049
2014,Q de Kock,100.0,116.0,116.0,18.0,51.0,30.0,37.0,123.3333,16.6667,26.6667,0.0,0.0,0.0,0.0,0.0,130,153,1.0462,-0.8117
2014,R Ashwin,0.0,0.0,0.0,0.0,0.0,25.0,22.0,88.0,4.0,28.0,20.0,23.0,115.0,15.0,30.0,45,45,6.9333,-17.2889
2014,R Bhatia,0.0,0.0,0.0,0.0,0.0,24.0,25.0,104.1667,4.1667,25.0,29.0,42.0,144.8276,20.6897,34.4828,53,67,6.6604,-8.1561
2014,R Dhawan,0.0,0.0,0.0,0.0,0.0,21.0,20.0,95.2381,14.2857,52.381,54.0,62.0,114.8148,11.1111,35.1852,75,82,7.3867,-28.6231
2014,R Rampaul,0.0,0.0,0.0,0.0,0.0,13.0,13.0,100.0,7.6923,46.1538,0.0,0.0,0.0,0.0,0.0,13,13,9.0,-3.0912
2014,R Shukla,0.0,0.0,0.0,0.0,0.0,1.0,1.0,100.0,0.0,0.0,20.0,17.0,85.0,10.0,45.0,21,18,9.1429,-14.5821
2014,R Tewatia,0.0,0.0,0.0,0.0,0.0,10.0,9.0,90.0,0.0,10.0,3.0,7.0,233.3333,33.3333,33.3333,13,16,6.0,-1.0795
2014,R Vinay Kumar,0.0,0.0,0.0,0.0,0.0,0.0,0.0,0.0,0.0,0.0,6.0,4.0,66.6667,0.0,33.3333,6,4,8.0,-5.4033
2014,RA Jadeja,0.0,0.0,0.0,0.0,0.0,45.0,63.0,140.0,17.7778,28.8889,65.0,83.0,127.6923,9.2308,18.4615,110,146,5.6273,-11.5693
2014,RG Sharma,33.0,26.0,78.7879,9.0909,57.5758,178.0,193.0,108.427,10.1124,33.7079,91.0,171.0,187.9121,28.5714,27.4725,302,390,3.8841,-11.4459
2014,RN ten Doeschate,0.0,0.0,0.0,0.0,0.0,1.0,0.0,0.0,0.0,100.0,32.0,52.0,162.5,21.875,28.125,33,52,5.8485,0.6113
2014,RR Rossouw,14.0,6.0,42.8571,7.1429,78.5714,16.0,12.0,75.0,0.0,37.5,11.0,21.0,190.9091,27.2727,27.2727,41,39,4.3902,-14.3789
2014,RV Uthappa,214.0,289.0,135.0467,21.9626,40.6542,228.0,298.0,130.7018,14.9123,26.7544,37.0,73.0,197.2973,29.7297,18.9189,479,660,1.6952,70.1071
2014,S Anirudha,0.0,0.0,0.0,0.0,0.0,0.0,0.0,0.0,0.0,0.0,5.0,3.0,60.0,0.0,40.0,5,3,6.0,-4.8361
2014,S Dhawan,198.0,235.0,118.6869,21.2121,46.4646,106.0,119.0,112.2642,10.3774,32.0755,15.0,23.0,153.3333,20.0,33.3333,319,377,1.9498,-8.7361
2014,S Gopal,0.0,0.0,0.0,0.0,0.0,0.0,0.0,0.0,0.0,0.0,10.0,11.0,110.0,10.0,20.0,10,11,8.0,-4.6722
2014,S Kaul,0.0,0.0,0.0,0.0,0.0,0.0,0.0,0.0,0.0,0.0,2.0,2.0,100.0,0.0,0.0,2,2,11.0,-1.1344
2014,S Nadeem,0.0,0.0,0.0,0.0,0.0,13.0,3.0,23.0769,0.0,76.9231,6.0,4.0,66.6667,0.0,33.3333,19,7,8.0,-18.4945
2014,S Rana,22.0,20.0,90.9091,13.6364,63.6364,6.0,2.0,33.3333,0.0,66.6667,37.0,51.0,137.8378,13.5135,21.6216,65,73,5.6,-18.0829
2014,SA Yadav,3.0,0.0,0.0,0.0,100.0,32.0,43.0,134.375,12.5,28.125,82.0,121.0,147.561,20.7317,26.8293,117,164,6.5897,-7.6211
2014,SE Marsh,17.0,15.0,88.2353,17.6471,76.4706,35.0,55.0,157.1429,20.0,25.7143,0.0,0.0,0.0,0.0,0.0,52,70,3.0,6.8423
2014,SK Raina,103.0,167.0,162.1359,28.1553,43.6893,198.0,275.0,138.8889,16.6667,30.303,58.0,81.0,139.6552,13.7931,20.6897,359,523,3.1337,66.8419
2014,SL Malinga,0.0,0.0,0.0,0.0,0.0,0.0,0.0,0.0,0.0,0.0,4.0,2.0,50.0,0.0,50.0,4,2,9.0,-4.2689
2014,SP Narine,0.0,0.0,0.0,0.0,0.0,4.0,3.0,75.0,0.0,0.0,10.0,7.0,70.0,0.0,40.0,14,10,9.1429,-10.6233
2014,SPD Smith,0.0,0.0,0.0,0.0,0.0,63.0,65.0,103.1746,7.9365,36.5079,47.0,82.0,174.4681,25.5319,19.1489,110,147,5.8182,-4.6395
2014,SR Watson,52.0,33.0,63.4615,5.7692,59.6154,117.0,160.0,136.7521,20.5128,49.5726,27.0,47.0,174.0741,22.2222,29.6296,196,240,3.4745,-7.8081
2014,STR Binny,1.0,0.0,0.0,0.0,100.0,88.0,85.0,96.5909,5.6818,39.7727,32.0,38.0,118.75,12.5,37.5,121,123,5.2397,-37.2426
2014,SV Samson,111.0,122.0,109.9099,18.018,55.8559,144.0,198.0,137.5,13.8889,27.7778,18.0,19.0,105.5556,11.1111,38.8889,273,339,2.9048,3.0365
2014,Sandeep Sharma,0.0,0.0,0.0,0.0,0.0,0.0,0.0,0.0,0.0,0.0,5.0,2.0,40.0,0.0,40.0,5,2,11.0,-5.8361
2014,Shakib Al Hasan,1.0,0.0,0.0,0.0,100.0,79.0,108.0,136.7089,15.1899,32.9114,72.0,119.0,165.2778,23.6111,16.6667,152,227,4.9342,15.2088
2014,Shivam Sharma,0.0,0.0,0.0,0.0,0.0,0.0,0.0,0.0,0.0,0.0,3.0,5.0,166.6667,33.3333,33.3333,3,5,9.3333,0.2984
2014,TG Southee,0.0,0.0,0.0,0.0,0.0,4.0,4.0,100.0,25.0,75.0,0.0,0.0,0.0,0.0,0.0,4,4,9.0,-0.9511
2014,UBT Chand,9.0,2.0,22.2222,0.0,77.7778,0.0,0.0,0.0,0.0,0.0,0.0,0.0,0.0,0.0,0.0,9,2,2.0,-8.501
2014,UT Yadav,0.0,0.0,0.0,0.0,0.0,0.0,0.0,0.0,0.0,0.0,4.0,2.0,50.0,0.0,50.0,4,2,10.0,-4.2689
2014,V Kohli,67.0,45.0,67.1642,8.9552,61.194,195.0,256.0,131.2821,13.3333,28.2051,32.0,58.0,181.25,21.875,21.875,294,359,3.1054,-10.693
2014,V Sehwag,206.0,280.0,135.9223,24.7573,46.1165,97.0,151.0,155.6701,19.5876,23.7113,12.0,24.0,200.0,33.3333,25.0,315,455,1.3079,75.7713
2014,VH Zol,21.0,22.0,104.7619,14.2857,57.1429,5.0,7.0,140.0,20.0,20.0,0.0,0.0,0.0,0.0,0.0,26,29,3.0,-1.6913
2014,VR Aaron,0.0,0.0,0.0,0.0,0.0,1.0,0.0,0.0,0.0,100.0,33.0,35.0,106.0606,9.0909,36.3636,34,35,9.3235,-17.9559
2014,VS Malik,0.0,0.0,0.0,0.0,0.0,0.0,0.0,0.0,0.0,0.0,2.0,1.0,50.0,0.0,50.0,2,1,10.0,-2.1344
2014,WD Parnell,0.0,0.0,0.0,0.0,0.0,0.0,0.0,0.0,0.0,0.0,2.0,2.0,100.0,0.0,50.0,2,2,8.0,-1.1344
2014,WP Saha,81.0,108.0,133.3333,22.2222,48.1481,125.0,164.0,131.2,16.0,33.6,43.0,90.0,209.3023,30.2326,20.9302,249,362,3.6506,45.3775
2014,Y Venugopal Rao,5.0,9.0,180.0,40.0,40.0,45.0,42.0,93.3333,8.8889,33.3333,13.0,20.0,153.8462,15.3846,7.6923,63,71,4.7937,-10.908
2014,YK Pathan,8.0,12.0,150.0,25.0,50.0,113.0,183.0,161.9469,22.1239,37.1681,44.0,73.0,165.9091,18.1818,13.6364,165,268,4.7333,49.8388
2014,YS Chahal,0.0,0.0,0.0,0.0,0.0,0.0,0.0,0.0,0.0,0.0,1.0,1.0,100.0,0.0,0.0,1,1,11.0,-0.5672
2014,YV Takawale,67.0,71.0,105.9701,22.3881,61.194,24.0,33.0,137.5,12.5,16.6667,0.0,0.0,0.0,0.0,0.0,91,104,2.1538,-3.8812
2014,Yuvraj Singh,22.0,12.0,54.5455,4.5455,63.6364,185.0,212.0,114.5946,14.0541,42.1622,71.0,152.0,214.0845,32.3944,35.2113,278,376,4.705,10.0686
2014,Z Khan,0.0,0.0,0.0,0.0,0.0,0.0,0.0,0.0,0.0,0.0,7.0,8.0,114.2857,14.2857,28.5714,7,8,8.7143,-2.9705
2015,A Ashish Reddy,0.0,0.0,0.0,0.0,0.0,12.0,14.0,116.6667,8.3333,41.6667,34.0,59.0,173.5294,20.5882,20.5882,46,73,7.1957,2.7192
2015,A Mishra,0.0,0.0,0.0,0.0,0.0,4.0,2.0,50.0,0.0,50.0,8.0,6.0,75.0,0.0,37.5,12,8,8.6667,-10.0022
2015,A Nehra,0.0,0.0,0.0,0.0,0.0,0.0,0.0,0.0,0.0,0.0,7.0,1.0,14.2857,0.0,42.8571,7,1,9.4286,-10.392
2015,AB de Villiers,72.0,84.0,116.6667,22.2222,48.6111,164.0,297.0,181.0976,27.439,24.3902,57.0,132.0,231.5789,36.8421,14.0351,293,513,3.1741,129.0207
2015,AD Mathews,0.0,0.0,0.0,0.0,0.0,35.0,27.0,77.1429,5.7143,42.8571,69.0,117.0,169.5652,23.1884,24.6377,104,144,5.5385,-11.8914
2015,AD Russell,10.0,23.0,230.0,40.0,30.0,99.0,184.0,185.8586,31.3131,31.3131,60.0,119.0,198.3333,31.6667,23.3333,169,326,5.3728,92.9594
2015,AJ Finch,33.0,23.0,69.697,12.1212,63.6364,0.0,0.0,0.0,0.0,0.0,0.0,0.0,0.0,0.0,0.0,33,23,2.0,-16.8406
2015,AM Rahane,195.0,255.0,130.7692,20.0,39.4872,171.0,213.0,124.5614,10.5263,24.5614,47.0,72.0,153.1915,19.1489,27.6596,413,540,1.0,15.0785
2015,AN Ahmed,0.0,0.0,0.0,0.0,0.0,0.0,0.0,0.0,0.0,0.0,5.0,10.0,200.0,40.0,20.0,5,10,9.0,1.8628
2015,AP Tare,17.0,14.0,82.3529,5.8824,41.1765,0.0,0.0,0.0,0.0,0.0,0.0,0.0,0.0,0.0,0.0,17,14,2.4118,-6.5239
2015,AR Patel,2.0,1.0,50.0,0.0,50.0,109.0,131.0,120.1835,13.7615,34.8624,63.0,74.0,117.4603,9.5238,22.2222,174,206,6.8218,-34.7214
2015,AT Rayudu,14.0,3.0,21.4286,0.0,78.5714,86.0,90.0,104.6512,6.9767,30.2326,93.0,188.0,202.1505,30.1075,20.4301,193,281,5.342,5.6187
2015,Ankit Sharma,0.0,0.0,0.0,0.0,0.0,0.0,0.0,0.0,0.0,0.0,6.0,7.0,116.6667,16.6667,33.3333,6,7,10.0,-2.7646
2015,Anureet Singh,0.0,0.0,0.0,0.0,0.0,9.0,4.0,44.4444,0.0,55.5556,22.0,14.0,63.6364,4.5455,45.4545,31,18,9.1935,-29.0146
2015,Azhar Mahmood,0.0,0.0,0.0,0.0,0.0,0.0,0.0,0.0,0.0,0.0,7.0,6.0,85.7143,14.2857,71.4286,7,6,8.0,-5.392
2015,B Kumar,0.0,0.0,0.0,0.0,0.0,0.0,0.0,0.0,0.0,0.0,10.0,17.0,170.0,30.0,50.0,10,17,9.8,0.7257
2015,BB McCullum,168.0,248.0,147.619,27.381,48.8095,93.0,155.0,166.6667,25.8065,35.4839,19.0,33.0,173.6842,21.0526,21.0526,280,436,2.0429,86.4061
2015,BE Hendricks,0.0,0.0,0.0,0.0,0.0,0.0,0.0,0.0,0.0,0.0,2.0,1.0,50.0,0.0,50.0,2,1,9.0,-2.2549
2015,Bipul Sharma,0.0,0.0,0.0,0.0,0.0,2.0,1.0,50.0,0.0,50.0,0.0,0.0,0.0,0.0,0.0,2,1,7.0,-1.4914
2015,CH Gayle,219.0,300.0,136.9863,23.7443,52.0548,90.0,135.0,150.0,17.7778,28.8889,24.0,56.0,233.3333,37.5,25.0,333,491,1.015,75.4342
2015,CH Morris,0.0,0.0,0.0,0.0,0.0,1.0,0.0,0.0,0.0,100.0,45.0,76.0,168.8889,17.7778,15.5556,46,76,8.0217,1.5199
2015,CJ Anderson,15.0,4.0,26.6667,6.6667,93.3333,58.0,52.0,89.6552,13.7931,53.4483,24.0,58.0,241.6667,33.3333,16.6667,97,114,4.8557,-15.4169
2015,CM Gautam,5.0,4.0,80.0,0.0,40.0,0.0,0.0,0.0,0.0,0.0,0.0,0.0,0.0,0.0,0.0,5,4,2.0,-2.0365
2015,D Wiese,0.0,0.0,0.0,0.0,0.0,24.0,23.0,95.8333,4.1667,25.0,62.0,99.0,159.6774,24.1935,29.0323,86,122,6.5116,-8.7969
2015,DA Miller,24.0,26.0,108.3333,12.5,45.8333,180.0,199.0,110.5556,11.1111,33.8889,62.0,132.0,212.9032,30.6452,25.8065,266,357,5.0376,2.9027
2015,DA Warner,223.0,361.0,161.8834,28.6996,38.565,128.0,187.0,146.0938,15.625,27.3438,8.0,14.0,175.0,25.0,25.0,359,562,1.2646,120.3082
2015,DJ Bravo,1.0,1.0,100.0,0.0,0.0,82.0,92.0,112.1951,15.8537,40.2439,65.0,102.0,156.9231,21.5385,24.6154,148,195,5.5946,-14.1357
2015,DJ Hooda,0.0,0.0,0.0,0.0,0.0,71.0,115.0,161.9718,18.3099,30.9859,24.0,36.0,150.0,16.6667,33.3333,95,151,5.5158,23.4987
2015,DJ Muthuswami,0.0,0.0,0.0,0.0,0.0,0.0,0.0,0.0,0.0,0.0,3.0,1.0,33.3333,0.0,66.6667,3,1,11.0,-3.8823
2015,DJG Sammy,0.0,0.0,0.0,0.0,0.0,17.0,13.0,76.4706,0.0,23.5294,1.0,0.0,0.0,0.0,100.0,18,13,6.0,-9.8039
2015,DR Smith,242.0,262.0,108.2645,19.4215,56.6116,93.0,137.0,147.3118,22.5806,36.5591,0.0,0.0,0.0,0.0,0.0,335,399,1.0,-9.0122
2015,DS Kulkarni,0.0,0.0,0.0,0.0,0.0,0.0,0.0,0.0,0.0,0.0,11.0,4.0,36.3636,0.0,63.6364,11,4,10.8182,-13.9017
2015,DW Steyn,0.0,0.0,0.0,0.0,0.0,0.0,0.0,0.0,0.0,0.0,13.0,20.0,153.8462,23.0769,23.0769,13,20,10.8462,-1.1566
2015,EJG Morgan,33.0,18.0,54.5455,6.0606,66.6667,82.0,103.0,125.6098,13.4146,34.1463,36.0,66.0,183.3333,25.0,33.3333,151,187,3.8411,-13.5735
2015,F du Plessis,67.0,96.0,143.2836,23.8806,41.791,201.0,236.0,117.4129,9.9502,24.8756,36.0,48.0,133.3333,16.6667,30.5556,304,380,3.727,-9.8568
2015,G Gambhir,163.0,184.0,112.8834,17.7914,44.7853,109.0,138.0,126.6055,14.6789,27.5229,6.0,5.0,83.3333,0.0,33.3333,278,327,2.0,-15.3316
2015,GB Hogg,0.0,0.0,0.0,0.0,0.0,0.0,0.0,0.0,0.0,0.0,6.0,7.0,116.6667,0.0,0.0,6,7,9.3333,-2.7646
2015,GH Vihari,8.0,9.0,112.5,25.0,62.5,12.0,6.0,50.0,0.0,50.0,15.0,24.0,160.0,26.6667,26.6667,35,39,5.4571,-10.0179
2015,GJ Bailey,39.0,56.0,143.5897,25.641,35.8974,86.0,84.0,97.6744,5.814,30.2326,65.0,119.0,183.0769,21.5385,15.3846,190,259,5.1053,-0.9955
2015,GJ Maxwell,40.0,47.0,117.5,17.5,47.5,61.0,76.0,124.5902,18.0328,45.9016,11.0,22.0,200.0,27.2727,27.2727,112,145,3.8393,2.8204
2015,Gurkeerat Singh,4.0,5.0,125.0,25.0,50.0,21.0,17.0,80.9524,9.5238,47.619,14.0,13.0,92.8571,7.1429,42.8571,39,35,6.1026,-18.7724
2015,HH Pandya,8.0,5.0,62.5,12.5,75.0,11.0,12.0,109.0909,9.0909,18.1818,43.0,95.0,220.9302,34.8837,20.9302,62,112,5.5,18.6597
2015,HV Patel,0.0,0.0,0.0,0.0,0.0,0.0,0.0,0.0,0.0,0.0,12.0,19.0,158.3333,16.6667,33.3333,12,19,7.9167,-0.5292
2015,Harbhajan Singh,10.0,11.0,110.0,10.0,50.0,20.0,32.0,160.0,30.0,40.0,43.0,74.0,172.093,25.5814,44.186,73,117,7.0685,10.034
2015,Imran Tahir,0.0,0.0,0.0,0.0,0.0,0.0,0.0,0.0,0.0,0.0,6.0,5.0,83.3333,0.0,33.3333,6,5,10.0,-4.7646
2015,Iqbal Abdulla,0.0,0.0,0.0,0.0,0.0,4.0,4.0,100.0,25.0,75.0,14.0,16.0,114.2857,21.4286,35.7143,18,20,8.1667,-7.7667
2015,J Botha,0.0,0.0,0.0,0.0,0.0,0.0,0.0,0.0,0.0,0.0,15.0,31.0,206.6667,40.0,20.0,15,31,7.3333,6.5885
2015,J Suchith,0.0,0.0,0.0,0.0,0.0,10.0,6.0,60.0,10.0,70.0,22.0,42.0,190.9091,22.7273,13.6364,32,48,7.3438,-0.2602
2015,J Theron,0.0,0.0,0.0,0.0,0.0,0.0,0.0,0.0,0.0,0.0,1.0,1.0,100.0,0.0,0.0,1,1,9.0,-0.6274
2015,JA Morkel,9.0,13.0,144.4444,22.2222,22.2222,35.0,31.0,88.5714,8.5714,42.8571,21.0,42.0,200.0,28.5714,19.0476,65,86,3.4,-2.6403
2015,JP Duminy,104.0,113.0,108.6538,15.3846,49.0385,152.0,203.0,133.5526,13.8158,25.0,59.0,98.0,166.1017,16.9492,15.2542,315,414,3.0032,3.0807
2015,JP Faulkner,0.0,0.0,0.0,0.0,0.0,41.0,46.0,112.1951,12.1951,43.9024,68.0,98.0,144.1176,17.6471,22.0588,109,144,6.1651,-17.738
2015,KA Pollard,0.0,0.0,0.0,0.0,0.0,136.0,190.0,139.7059,19.1176,39.7059,120.0,229.0,190.8333,25.0,20.0,256,419,5.293,54.2964
2015,KD Karthik,13.0,13.0,100.0,15.3846,46.1538,92.0,102.0,110.8696,14.1304,38.0435,12.0,26.0,216.6667,33.3333,33.3333,117,141,4.2906,-8.8261
2015,KK Nair,17.0,9.0,52.9412,5.8824,70.5882,91.0,103.0,113.1868,13.1868,36.2637,37.0,69.0,186.4865,27.027,21.6216,145,181,4.0,-13.0954
2015,KL Rahul,14.0,8.0,57.1429,7.1429,71.4286,89.0,99.0,111.236,8.9888,32.5843,23.0,35.0,152.1739,17.3913,26.087,126,142,4.0794,-23.1981
2015,KM Jadhav,4.0,0.0,0.0,0.0,100.0,82.0,112.0,136.5854,15.8537,29.2683,54.0,77.0,142.5926,18.5185,25.9259,140,189,5.25,-5.8558
2015,KS Williamson,0.0,0.0,0.0,0.0,0.0,10.0,6.0,60.0,0.0,30.0,17.0,25.0,147.0588,11.7647,5.8824,27,31,5.0,-9.1231
2015,KV Sharma,0.0,0.0,0.0,0.0,0.0,34.0,33.0,97.0588,5.8824,23.5294,51.0,71.0,139.2157,13.7255,29.4118,85,104,7.0824,-21.352
2015,Karanveer Singh,0.0,0.0,0.0,0.0,0.0,7.0,4.0,57.1429,0.0,57.1429,9.0,7.0,77.7778,11.1111,55.5556,16,11,10.0,-12.3666
2015,LMP Simmons,228.0,259.0,113.5965,17.9825,50.4386,194.0,246.0,126.8041,15.9794,38.1443,19.0,35.0,184.2105,26.3158,21.0526,441,540,1.1202,-7.8445
2015,M Morkel,0.0,0.0,0.0,0.0,0.0,0.0,0.0,0.0,0.0,0.0,3.0,4.0,133.3333,0.0,0.0,3,4,11.0,-0.8823
2015,M Vijay,181.0,203.0,112.1547,17.1271,53.5912,47.0,48.0,102.1277,8.5106,31.9149,0.0,0.0,0.0,0.0,0.0,228,251,1.2807,-26.0664
2015,M Vohra,60.0,60.0,100.0,11.6667,51.6667,21.0,22.0,104.7619,9.5238,47.619,0.0,0.0,0.0,0.0,0.0,81,82,2.0864,-16.5966
2015,MA Agarwal,103.0,118.0,114.5631,18.4466,52.4272,64.0,81.0,126.5625,14.0625,21.875,10.0,14.0,140.0,20.0,20.0,177,213,1.0,-7.3485
2015,MA Starc,0.0,0.0,0.0,0.0,0.0,0.0,0.0,0.0,0.0,0.0,14.0,11.0,78.5714,7.1429,42.8571,14,11,8.5,-11.784
2015,MC Henriques,42.0,53.0,126.1905,16.6667,28.5714,132.0,167.0,126.5152,14.3939,33.3333,37.0,67.0,181.0811,16.2162,21.6216,211,287,3.6635,11.6497
2015,MEK Hussey,37.0,32.0,86.4865,10.8108,48.6486,26.0,30.0,115.3846,7.6923,23.0769,7.0,15.0,214.2857,28.5714,28.5714,70,77,2.1,-11.4493
2015,MG Johnson,0.0,0.0,0.0,0.0,0.0,6.0,2.0,33.3333,0.0,66.6667,30.0,29.0,96.6667,6.6667,33.3333,36,31,8.0278,-25.297
2015,MJ McClenaghan,0.0,0.0,0.0,0.0,0.0,0.0,0.0,0.0,0.0,0.0,6.0,13.0,216.6667,33.3333,50.0,6,13,9.0,3.2354
2015,MK Pandey,74.0,91.0,122.973,20.2703,45.9459,107.0,131.0,122.4299,13.0841,30.8411,3.0,3.0,100.0,0.0,33.3333,184,225,3.0,-2.5091
2015,MK Tiwary,24.0,21.0,87.5,16.6667,58.3333,32.0,36.0,112.5,15.625,37.5,0.0,0.0,0.0,0.0,0.0,56,57,2.5,-11.8366
2015,MM Sharma,0.0,0.0,0.0,0.0,0.0,0.0,0.0,0.0,0.0,0.0,18.0,28.0,155.5556,16.6667,33.3333,18,28,9.6111,-1.2938
2015,MS Bisla,30.0,37.0,123.3333,23.3333,60.0,0.0,0.0,0.0,0.0,0.0,0.0,0.0,0.0,0.0,0.0,30,37,1.5333,0.7813
2015,MS Dhoni,1.0,0.0,0.0,0.0,100.0,164.0,136.0,82.9268,7.3171,42.6829,140.0,236.0,168.5714,22.8571,32.1429,305,372,4.8951,-61.3384
2015,Mandeep Singh,24.0,32.0,133.3333,12.5,29.1667,62.0,100.0,161.2903,25.8065,30.6452,14.0,25.0,178.5714,28.5714,21.4286,100,157,4.01,28.0091
2015,NJ Maddinson,7.0,4.0,57.1429,14.2857,85.7143,0.0,0.0,0.0,0.0,0.0,0.0,0.0,0.0,0.0,0.0,7,4,1.0,-4.451
2015,NLTC Perera,0.0,0.0,0.0,0.0,0.0,15.0,12.0,80.0,6.6667,46.6667,0.0,0.0,0.0,0.0,0.0,15,12,6.4667,-6.6851
2015,NM Coulter-Nile,0.0,0.0,0.0,0.0,0.0,8.0,4.0,50.0,12.5,87.5,10.0,16.0,160.0,20.0,30.0,18,20,7.5556,-6.2397
2015,NV Ojha,3.0,0.0,0.0,0.0,100.0,87.0,87.0,100.0,9.1954,40.2299,31.0,50.0,161.2903,25.8065,35.4839,121,137,4.7521,-25.446
2015,P Kumar,0.0,0.0,0.0,0.0,0.0,3.0,5.0,166.6667,33.3333,33.3333,22.0,12.0,54.5455,0.0,45.4545,25,17,9.16,-22.5405
2015,P Negi,0.0,0.0,0.0,0.0,0.0,7.0,12.0,171.4286,28.5714,42.8571,66.0,104.0,157.5758,19.697,25.7576,73,116,6.7534,-0.1302
2015,PA Patel,176.0,231.0,131.25,21.5909,43.1818,70.0,108.0,154.2857,20.0,22.8571,0.0,0.0,0.0,0.0,0.0,246,339,2.0081,39.3195
2015,PJ Cummins,0.0,0.0,0.0,0.0,0.0,0.0,0.0,0.0,0.0,0.0,2.0,0.0,0.0,0.0,50.0,2,0,8.0,-3.2549
2015,PP Chawla,0.0,0.0,0.0,0.0,0.0,19.0,22.0,115.7895,10.5263,31.5789,28.0,32.0,114.2857,17.8571,39.2857,47,54,6.5745,-15.2359
2015,PV Tambe,0.0,0.0,0.0,0.0,0.0,0.0,0.0,0.0,0.0,0.0,5.0,3.0,60.0,0.0,40.0,5,3,11.0,-5.1372
2015,Parvez Rasool,0.0,0.0,0.0,0.0,0.0,0.0,0.0,0.0,0.0,0.0,2.0,2.0,100.0,0.0,0.0,2,2,8.0,-1.2549
2015,Q de Kock,50.0,78.0,156.0,30.0,40.0,27.0,44.0,162.963,25.9259,33.3333,0.0,0.0,0.0,0.0,0.0,77,122,1.0,28.0022
2015,R Ashwin,0.0,0.0,0.0,0.0,0.0,0.0,0.0,0.0,0.0,0.0,32.0,52.0,162.5,21.875,21.875,32,52,8.5,-0.0778
2015,R Bhatia,0.0,0.0,0.0,0.0,0.0,0.0,0.0,0.0,0.0,0.0,1.0,0.0,0.0,0.0,100.0,1,0,9.0,-1.6274
2015,R Dhawan,0.0,0.0,0.0,0.0,0.0,5.0,2.0,40.0,0.0,60.0,28.0,34.0,121.4286,14.2857,39.2857,33,36,7.6364,-15.7965
2015,R Vinay Kumar,0.0,0.0,0.0,0.0,0.0,0.0,0.0,0.0,0.0,0.0,2.0,0.0,0.0,0.0,50.0,2,0,8.5,-3.2549
2015,RA Jadeja,0.0,0.0,0.0,0.0,0.0,61.0,61.0,100.0,9.8361,42.623,65.0,71.0,109.2308,6.1538,21.5385,126,132,6.5556,-49.7692
2015,RG More,0.0,0.0,0.0,0.0,0.0,0.0,0.0,0.0,0.0,0.0,2.0,2.0,100.0,0.0,0.0,2,2,11.0,-1.2549
2015,RG Sharma,59.0,89.0,150.8475,25.4237,44.0678,220.0,298.0,135.4545,15.4545,26.8182,54.0,95.0,175.9259,24.0741,27.7778,333,482,3.042,48.84
2015,RN ten Doeschate,0.0,0.0,0.0,0.0,0.0,24.0,24.0,100.0,8.3333,41.6667,21.0,37.0,176.1905,23.8095,19.0476,45,61,5.5333,-3.0723
2015,RR Rossouw,9.0,14.0,155.5556,22.2222,33.3333,1.0,0.0,0.0,0.0,100.0,0.0,0.0,0.0,0.0,0.0,10,14,2.4,1.8887
2015,RS Bopara,0.0,0.0,0.0,0.0,0.0,60.0,58.0,96.6667,6.6667,36.6667,60.0,87.0,145.0,13.3333,25.0,120,145,4.7,-27.3864
2015,RV Uthappa,199.0,278.0,139.6985,21.608,37.6884,64.0,67.0,104.6875,7.8125,31.25,14.0,19.0,135.7143,7.1429,14.2857,277,364,1.0,21.2418
2015,S Aravind,0.0,0.0,0.0,0.0,0.0,0.0,0.0,0.0,0.0,0.0,1.0,0.0,0.0,0.0,100.0,1,0,10.0,-1.6274
2015,S Dhawan,184.0,220.0,119.5652,19.5652,43.4783,83.0,107.0,128.9157,14.4578,26.506,19.0,26.0,136.8421,15.7895,36.8421,286,353,1.6329,-3.4538
2015,S Gopal,0.0,0.0,0.0,0.0,0.0,0.0,0.0,0.0,0.0,0.0,1.0,1.0,100.0,0.0,0.0,1,1,7.0,-0.6274
2015,S Nadeem,0.0,0.0,0.0,0.0,0.0,0.0,0.0,0.0,0.0,0.0,7.0,2.0,28.5714,0.0,71.4286,7,2,9.0,-9.392
2015,SA Abbott,0.0,0.0,0.0,0.0,0.0,2.0,0.0,0.0,0.0,100.0,11.0,15.0,136.3636,18.1818,36.3636,13,15,7.0,-5.3931
2015,SA Yadav,10.0,21.0,210.0,30.0,30.0,72.0,79.0,109.7222,12.5,37.5,31.0,57.0,183.871,25.8065,25.8065,113,157,4.5133,4.7881
2015,SE Marsh,32.0,33.0,103.125,12.5,50.0,26.0,48.0,184.6154,23.0769,15.3846,0.0,0.0,0.0,0.0,0.0,58,81,2.931,9.9791
2015,SK Raina,100.0,112.0,112.0,17.0,53.0,197.0,248.0,125.8883,14.2132,32.4873,8.0,14.0,175.0,25.0,12.5,305,374,3.2459,-5.1466
2015,SL Malinga,0.0,0.0,0.0,0.0,0.0,0.0,0.0,0.0,0.0,0.0,10.0,6.0,60.0,10.0,60.0,10,6,9.0,-10.2743
2015,SN Khan,0.0,0.0,0.0,0.0,0.0,22.0,22.0,100.0,4.5455,31.8182,49.0,89.0,181.6327,26.5306,16.3265,71,111,5.9014,3.851
2015,SN Thakur,0.0,0.0,0.0,0.0,0.0,0.0,0.0,0.0,0.0,0.0,6.0,7.0,116.6667,16.6667,33.3333,6,7,9.0,-2.7646
2015,SP Narine,0.0,0.0,0.0,0.0,0.0,0.0,0.0,0.0,0.0,0.0,1.0,0.0,0.0,0.0,0.0,1,0,10.0,-1.6274
2015,SPD Smith,40.0,51.0,127.5,22.5,40.0,145.0,185.0,127.5862,13.1034,24.1379,36.0,57.0,158.3333,22.2222,30.5556,221,293,3.2805,5.4979
2015,SR Watson,152.0,173.0,113.8158,18.4211,52.6316,84.0,136.0,161.9048,21.4286,25.0,21.0,38.0,180.9524,23.8095,14.2857,257,347,2.0,24.679
2015,SS Iyer,187.0,197.0,105.3476,16.0428,52.9412,142.0,219.0,154.2254,20.4225,31.6901,13.0,23.0,176.9231,23.0769,15.3846,342,439,2.0936,15.1941
2015,SS Tiwary,0.0,0.0,0.0,0.0,0.0,18.0,19.0,105.5556,16.6667,61.1111,60.0,90.0,150.0,18.3333,18.3333,78,109,6.4744,-11.068
2015,STR Binny,0.0,0.0,0.0,0.0,0.0,30.0,22.0,73.3333,10.0,46.6667,36.0,52.0,144.4444,13.8889,11.1111,66,74,6.1364,-21.9578
2015,SV Samson,65.0,56.0,86.1538,9.2308,49.2308,69.0,80.0,115.942,11.5942,36.2319,29.0,68.0,234.4828,34.4828,17.2414,163,204,3.411,-7.621
2015,Sandeep Sharma,0.0,0.0,0.0,0.0,0.0,9.0,7.0,77.7778,11.1111,55.5556,5.0,2.0,40.0,0.0,60.0,14,9,11.0,-10.3482
2015,Shakib Al Hasan,0.0,0.0,0.0,0.0,0.0,20.0,32.0,160.0,25.0,30.0,7.0,4.0,57.1429,0.0,42.8571,27,36,5.8889,-0.3055
2015,TG Southee,0.0,0.0,0.0,0.0,0.0,0.0,0.0,0.0,0.0,0.0,9.0,13.0,144.4444,11.1111,11.1111,9,13,8.4444,-1.6469
2015,UBT Chand,20.0,14.0,70.0,10.0,65.0,54.0,65.0,120.3704,14.8148,33.3333,9.0,23.0,255.5556,55.5556,11.1111,83,102,3.0,-4.0592
2015,UT Yadav,0.0,0.0,0.0,0.0,0.0,0.0,0.0,0.0,0.0,0.0,14.0,29.0,207.1429,42.8571,35.7143,14,29,9.8571,6.216
2015,V Kohli,174.0,204.0,117.2414,14.3678,45.4023,191.0,253.0,132.4607,13.6126,29.8429,21.0,48.0,228.5714,33.3333,14.2857,386,505,2.1606,22.8313
2015,V Sehwag,54.0,63.0,116.6667,20.3704,46.2963,30.0,36.0,120.0,13.3333,33.3333,0.0,0.0,0.0,0.0,0.0,84,99,2.0833,-3.564
2015,VR Aaron,0.0,0.0,0.0,0.0,0.0,0.0,0.0,0.0,0.0,0.0,3.0,6.0,200.0,33.3333,66.6667,3,6,10.0,1.1177
2015,WP Saha,68.0,93.0,136.7647,20.5882,45.5882,86.0,91.0,105.814,3.4884,25.5814,43.0,65.0,151.1628,20.9302,30.2326,197,249,3.8782,-10.2034
2015,YK Pathan,13.0,14.0,107.6923,15.3846,38.4615,141.0,173.0,122.695,14.1844,34.0426,77.0,125.0,162.3377,24.6753,29.8701,231,312,4.7879,-4.6472
2015,YS Chahal,0.0,0.0,0.0,0.0,0.0,0.0,0.0,0.0,0.0,0.0,1.0,1.0,100.0,0.0,0.0,1,1,11.0,-0.6274
2015,Yuvraj Singh,18.0,20.0,111.1111,22.2222,61.1111,151.0,150.0,99.3377,11.9205,43.7086,41.0,78.0,190.2439,26.8293,29.2683,210,248,4.3905,-28.5529
2016,A Ashish Reddy,0.0,0.0,0.0,0.0,0.0,16.0,31.0,193.75,31.25,37.5,13.0,16.0,123.0769,7.6923,23.0769,29,47,7.0,6.2263
2016,A Mishra,0.0,0.0,0.0,0.0,0.0,8.0,4.0,50.0,0.0,50.0,6.0,0.0,0.0,0.0,100.0,14,4,9.2857,-15.5889
2016,A Nehra,0.0,0.0,0.0,0.0,0.0,0.0,0.0,0.0,0.0,0.0,1.0,1.0,100.0,0.0,0.0,1,1,10.0,-0.5959
2016,A Zampa,0.0,0.0,0.0,0.0,0.0,0.0,0.0,0.0,0.0,0.0,1.0,0.0,0.0,0.0,100.0,1,0,8.0,-1.5959
2016,AB de Villiers,97.0,143.0,147.4227,24.7423,38.1443,245.0,391.0,159.5918,19.1837,19.5918,65.0,153.0,235.3846,35.3846,18.4615,407,687,2.8673,158.9915
2016,AD Nath,0.0,0.0,0.0,0.0,0.0,14.0,14.0,100.0,7.1429,35.7143,13.0,6.0,46.1538,0.0,61.5385,27,20,6.5926,-18.2704
2016,AD Russell,0.0,0.0,0.0,0.0,0.0,45.0,62.0,137.7778,15.5556,37.7778,69.0,126.0,182.6087,26.087,30.4348,114,188,5.3596,21.5568
2016,AJ Finch,93.0,103.0,110.7527,20.4301,48.3871,149.0,201.0,134.8993,17.4497,30.2013,57.0,89.0,156.1404,19.2982,26.3158,299,393,2.9732,2.7708
2016,AM Rahane,191.0,215.0,112.5654,18.3246,48.1675,164.0,225.0,137.1951,14.0244,19.5122,24.0,40.0,166.6667,20.8333,20.8333,379,480,1.0,4.8366
2016,AP Tare,14.0,8.0,57.1429,7.1429,64.2857,1.0,0.0,0.0,0.0,100.0,0.0,0.0,0.0,0.0,0.0,15,8,2.0667,-10.2265
2016,AR Patel,3.0,2.0,66.6667,0.0,33.3333,33.0,34.0,103.0303,12.1212,48.4848,41.0,75.0,182.9268,19.5122,21.9512,77,111,6.6753,0.6248
2016,AT Rayudu,111.0,139.0,125.2252,19.8198,43.2432,148.0,172.0,116.2162,10.8108,29.7297,19.0,23.0,121.0526,10.5263,31.5789,278,334,3.1655,-16.158
2016,Ankit Sharma,0.0,0.0,0.0,0.0,0.0,0.0,0.0,0.0,0.0,0.0,3.0,3.0,100.0,0.0,33.3333,3,3,9.0,-1.7877
2016,B Kumar,0.0,0.0,0.0,0.0,0.0,0.0,0.0,0.0,0.0,0.0,27.0,43.0,159.2593,25.9259,29.6296,27,43,8.5185,-0.0894
2016,BB McCullum,166.0,230.0,138.5542,22.8916,47.5904,96.0,124.0,129.1667,16.6667,27.0833,0.0,0.0,0.0,0.0,0.0,262,354,2.1794,32.5653
2016,BB Sran,0.0,0.0,0.0,0.0,0.0,0.0,0.0,0.0,0.0,0.0,4.0,4.0,100.0,0.0,0.0,4,4,9.5,-2.3836
2016,BCJ Cutting,0.0,0.0,0.0,0.0,0.0,7.0,8.0,114.2857,14.2857,42.8571,27.0,57.0,211.1111,33.3333,33.3333,34,65,6.1176,13.1488
2016,Bipul Sharma,0.0,0.0,0.0,0.0,0.0,0.0,0.0,0.0,0.0,0.0,25.0,51.0,204.0,24.0,24.0,25,51,8.24,11.1025
2016,C Munro,22.0,24.0,109.0909,13.6364,36.3636,3.0,2.0,66.6667,0.0,33.3333,5.0,4.0,80.0,0.0,40.0,30,30,3.5,-8.4093
2016,CA Lynn,12.0,15.0,125.0,8.3333,33.3333,0.0,0.0,0.0,0.0,0.0,10.0,10.0,100.0,0.0,40.0,22,25,4.3636,-5.5088
2016,CH Gayle,117.0,151.0,129.0598,22.2222,52.9915,33.0,76.0,230.303,36.3636,39.3939,0.0,0.0,0.0,0.0,0.0,150,227,1.1267,43.8335
2016,CH Morris,0.0,0.0,0.0,0.0,0.0,33.0,59.0,178.7879,27.2727,36.3636,76.0,136.0,178.9474,23.6842,25.0,109,195,6.8257,32.4057
2016,CJ Jordan,0.0,0.0,0.0,0.0,0.0,0.0,0.0,0.0,0.0,0.0,4.0,3.0,75.0,0.0,25.0,4,3,8.0,-3.3836
2016,CR Brathwaite,0.0,0.0,0.0,0.0,0.0,7.0,8.0,114.2857,14.2857,57.1429,31.0,75.0,241.9355,41.9355,25.8065,38,83,6.1053,24.7652
2016,D Wiese,0.0,0.0,0.0,0.0,0.0,0.0,0.0,0.0,0.0,0.0,4.0,5.0,125.0,0.0,0.0,4,5,7.0,-1.3836
2016,DA Miller,7.0,3.0,42.8571,0.0,57.1429,69.0,69.0,100.0,8.6957,37.6812,55.0,89.0,161.8182,16.3636,18.1818,131,161,4.9847,-21.6285
2016,DA Warner,311.0,467.0,150.1608,23.1511,37.9421,224.0,332.0,148.2143,17.8571,22.7679,25.0,49.0,196.0,28.0,32.0,560,848,1.0286,150.6411
2016,DJ Bravo,0.0,0.0,0.0,0.0,0.0,43.0,29.0,67.4419,2.3256,44.186,39.0,70.0,179.4872,28.2051,17.9487,82,99,5.9512,-17.0628
2016,DJ Hooda,3.0,0.0,0.0,0.0,100.0,74.0,79.0,106.7568,9.4595,33.7838,44.0,65.0,147.7273,15.9091,25.0,121,144,4.8017,-22.4821
2016,DR Smith,134.0,184.0,137.3134,23.1343,45.5224,78.0,125.0,160.2564,23.0769,34.6154,9.0,15.0,166.6667,22.2222,22.2222,221,324,2.2262,49.5321
2016,DS Kulkarni,0.0,0.0,0.0,0.0,0.0,3.0,2.0,66.6667,0.0,33.3333,13.0,25.0,192.3077,23.0769,15.3846,16,27,9.5,2.4982
2016,DW Steyn,0.0,0.0,0.0,0.0,0.0,0.0,0.0,0.0,0.0,0.0,2.0,1.0,50.0,0.0,50.0,2,1,8.0,-2.1918
2016,EJG Morgan,11.0,7.0,63.6364,0.0,54.5455,58.0,59.0,101.7241,10.3448,34.4828,36.0,57.0,158.3333,16.6667,25.0,105,123,4.5333,-20.3878
2016,ER Dwivedi,5.0,5.0,100.0,20.0,60.0,0.0,0.0,0.0,0.0,0.0,9.0,19.0,211.1111,33.3333,22.2222,14,24,5.5,3.5745
2016,F Behardien,0.0,0.0,0.0,0.0,0.0,1.0,0.0,0.0,0.0,100.0,12.0,14.0,116.6667,16.6667,33.3333,13,14,6.4615,-6.4025
2016,F du Plessis,69.0,86.0,124.6377,20.2899,47.8261,79.0,93.0,117.7215,10.1266,27.8481,14.0,27.0,192.8571,28.5714,21.4286,162,206,2.1296,1.1124
2016,G Gambhir,201.0,223.0,110.9453,14.4279,37.3134,189.0,241.0,127.5132,13.2275,26.9841,21.0,37.0,176.1905,28.5714,23.8095,411,501,2.0146,-12.7927
2016,GJ Bailey,44.0,31.0,70.4545,13.6364,63.6364,52.0,53.0,101.9231,9.6154,38.4615,2.0,0.0,0.0,0.0,50.0,98,84,2.6735,-37.629
2016,GJ Maxwell,15.0,18.0,120.0,20.0,40.0,76.0,106.0,139.4737,17.1053,31.5789,33.0,55.0,166.6667,18.1818,27.2727,124,179,4.3548,13.0196
2016,Gurkeerat Singh,3.0,1.0,33.3333,0.0,66.6667,53.0,63.0,118.8679,13.2075,30.1887,30.0,49.0,163.3333,23.3333,26.6667,86,113,4.6744,-4.854
2016,HH Pandya,25.0,13.0,52.0,8.0,68.0,18.0,14.0,77.7778,0.0,33.3333,20.0,17.0,85.0,10.0,40.0,63,44,4.8571,-40.7606
2016,HM Amla,73.0,86.0,117.8082,17.8082,43.8356,30.0,39.0,130.0,16.6667,23.3333,16.0,32.0,200.0,37.5,25.0,119,157,1.1765,5.4035
2016,Harbhajan Singh,0.0,0.0,0.0,0.0,0.0,39.0,25.0,64.1026,2.5641,53.8462,45.0,67.0,148.8889,26.6667,42.2222,84,92,8.2262,-28.6315
2016,IK Pathan,0.0,0.0,0.0,0.0,0.0,11.0,9.0,81.8182,0.0,18.1818,2.0,2.0,100.0,0.0,0.0,13,11,5.5385,-5.9604
2016,Imran Tahir,0.0,0.0,0.0,0.0,0.0,0.0,0.0,0.0,0.0,0.0,7.0,5.0,71.4286,14.2857,71.4286,7,5,10.0,-6.1713
2016,Iqbal Abdulla,0.0,0.0,0.0,0.0,0.0,17.0,11.0,64.7059,0.0,41.1765,10.0,26.0,260.0,50.0,0.0,27,37,8.0741,-0.2377
2016,Ishan Kishan,0.0,0.0,0.0,0.0,0.0,27.0,29.0,107.4074,11.1111,33.3333,14.0,13.0,92.8571,14.2857,42.8571,41,42,6.7317,-14.1382
2016,J Yadav,0.0,0.0,0.0,0.0,0.0,0.0,0.0,0.0,0.0,0.0,10.0,6.0,60.0,0.0,40.0,10,6,8.7,-9.959
2016,JA Morkel,0.0,0.0,0.0,0.0,0.0,1.0,1.0,100.0,0.0,0.0,8.0,15.0,187.5,25.0,25.0,9,16,5.0,1.9811
2016,JC Buttler,23.0,16.0,69.5652,13.0435,73.913,103.0,116.0,112.6214,12.6214,32.0388,58.0,123.0,212.069,31.0345,24.1379,184,255,4.6957,5.6266
2016,JJ Bumrah,0.0,0.0,0.0,0.0,0.0,5.0,5.0,100.0,20.0,60.0,6.0,3.0,50.0,0.0,50.0,11,8,11.0,-7.8339
2016,JO Holder,0.0,0.0,0.0,0.0,0.0,0.0,0.0,0.0,0.0,0.0,19.0,22.0,115.7895,15.7895,42.1053,19,22,7.6842,-8.3221
2016,JP Duminy,9.0,5.0,55.5556,0.0,55.5556,96.0,113.0,117.7083,8.3333,19.7917,51.0,73.0,143.1373,15.6863,17.6471,156,191,4.5256,-21.4655
2016,JP Faulkner,0.0,0.0,0.0,0.0,0.0,14.0,10.0,71.4286,0.0,35.7143,45.0,67.0,148.8889,15.5556,15.5556,59,77,7.4576,-12.3392
2016,KA Pollard,7.0,0.0,0.0,0.0,100.0,61.0,71.0,116.3934,16.3934,44.2623,76.0,136.0,178.9474,22.3684,30.2632,144,207,5.6597,0.871
2016,KC Cariappa,0.0,0.0,0.0,0.0,0.0,8.0,12.0,150.0,12.5,12.5,3.0,1.0,33.3333,0.0,66.6667,11,13,9.7273,-1.8012
2016,KD Karthik,38.0,29.0,76.3158,10.5263,57.8947,185.0,235.0,127.027,14.5946,28.6486,43.0,71.0,165.1163,23.2558,25.5814,266,335,4.0489,-11.2607
2016,KH Pandya,14.0,21.0,150.0,28.5714,57.1429,66.0,136.0,206.0606,30.303,21.2121,44.0,80.0,181.8182,25.0,27.2727,124,237,4.7097,67.194
2016,KJ Abbott,0.0,0.0,0.0,0.0,0.0,1.0,0.0,0.0,0.0,100.0,7.0,13.0,185.7143,14.2857,28.5714,8,13,9.625,0.577
2016,KK Nair,104.0,121.0,116.3462,19.2308,49.0385,159.0,178.0,111.9497,11.3208,28.9308,34.0,58.0,170.5882,23.5294,26.4706,297,357,3.3535,-22.3777
2016,KL Rahul,116.0,163.0,140.5172,20.6897,37.069,126.0,185.0,146.8254,18.254,22.2222,29.0,49.0,168.9655,20.6897,13.7931,271,397,2.8192,52.3577
2016,KM Jadhav,0.0,0.0,0.0,0.0,0.0,1.0,2.0,200.0,0.0,0.0,31.0,40.0,129.0323,12.9032,25.8065,32,42,5.8125,-8.7246
2016,KP Pietersen,18.0,28.0,155.5556,22.2222,22.2222,43.0,45.0,104.6512,6.9767,34.8837,0.0,0.0,0.0,0.0,0.0,61,73,3.0,-2.6474
2016,KS Williamson,22.0,12.0,54.5455,4.5455,68.1818,77.0,83.0,107.7922,11.6883,25.974,23.0,29.0,126.087,17.3913,21.7391,122,124,3.1475,-35.7605
2016,KV Sharma,0.0,0.0,0.0,0.0,0.0,0.0,0.0,0.0,0.0,0.0,30.0,36.0,120.0,13.3333,26.6667,30,36,8.0,-11.8771
2016,KW Richardson,0.0,0.0,0.0,0.0,0.0,0.0,0.0,0.0,0.0,0.0,1.0,1.0,100.0,0.0,0.0,1,1,8.0,-0.5959
2016,LMP Simmons,8.0,8.0,100.0,12.5,62.5,0.0,0.0,0.0,0.0,0.0,0.0,0.0,0.0,0.0,0.0,8,8,1.0,-1.6999
2016,M Ashwin,0.0,0.0,0.0,0.0,0.0,0.0,0.0,0.0,0.0,0.0,1.0,0.0,0.0,0.0,100.0,1,0,10.0,-1.5959
2016,M Morkel,0.0,0.0,0.0,0.0,0.0,0.0,0.0,0.0,0.0,0.0,1.0,1.0,100.0,0.0,0.0,1,1,10.0,-0.5959
2016,M Vijay,204.0,263.0,128.9216,20.5882,42.1569,145.0,170.0,117.2414,11.0345,28.2759,15.0,20.0,133.3333,13.3333,33.3333,364,453,1.3022,0.2195
2016,M Vohra,92.0,101.0,109.7826,15.2174,48.913,39.0,60.0,153.8462,20.5128,28.2051,0.0,0.0,0.0,0.0,0.0,131,161,2.0382,0.6355
2016,MA Agarwal,25.0,27.0,108.0,16.0,48.0,0.0,0.0,0.0,0.0,0.0,0.0,0.0,0.0,0.0,0.0,25,27,1.36,-3.3121
2016,MC Henriques,47.0,42.0,89.3617,10.6383,46.8085,72.0,82.0,113.8889,12.5,36.1111,39.0,58.0,148.7179,17.9487,28.2051,158,182,3.8987,-27.3486
2016,MG Johnson,0.0,0.0,0.0,0.0,0.0,5.0,2.0,40.0,0.0,80.0,9.0,3.0,33.3333,0.0,55.5556,14,5,8.0,-15.6216
2016,MJ Guptill,29.0,23.0,79.3103,6.8966,58.6207,26.0,34.0,130.7692,15.3846,34.6154,0.0,0.0,0.0,0.0,0.0,55,57,1.9273,-10.706
2016,MJ McClenaghan,0.0,0.0,0.0,0.0,0.0,17.0,28.0,164.7059,23.5294,41.1765,6.0,6.0,100.0,16.6667,50.0,23,34,7.913,3.1459
2016,MK Pandey,36.0,42.0,116.6667,16.6667,44.4444,129.0,188.0,145.7364,14.7287,17.8295,18.0,18.0,100.0,5.5556,22.2222,183,248,3.388,14.1564
2016,MM Sharma,0.0,0.0,0.0,0.0,0.0,12.0,14.0,116.6667,16.6667,25.0,14.0,18.0,128.5714,14.2857,42.8571,26,32,8.9615,-5.3629
2016,MP Stoinis,35.0,38.0,108.5714,14.2857,45.7143,46.0,60.0,130.4348,13.0435,28.2609,27.0,48.0,177.7778,22.2222,14.8148,108,146,3.4259,2.896
2016,MR Marsh,0.0,0.0,0.0,0.0,0.0,0.0,0.0,0.0,0.0,0.0,11.0,7.0,63.6364,0.0,54.5455,11,7,6.0,-10.5549
2016,MS Dhoni,12.0,8.0,66.6667,8.3333,58.3333,85.0,86.0,101.1765,7.0588,34.1176,113.0,190.0,168.1416,22.1239,27.4336,210,284,5.0286,-17.2803
2016,Mohammed Shami,0.0,0.0,0.0,0.0,0.0,0.0,0.0,0.0,0.0,0.0,4.0,2.0,50.0,0.0,25.0,4,2,9.0,-4.3836
2016,N Rana,13.0,13.0,100.0,15.3846,61.5385,55.0,77.0,140.0,20.0,41.8182,7.0,14.0,200.0,28.5714,28.5714,75,104,3.52,8.2235
2016,NLTC Perera,0.0,0.0,0.0,0.0,0.0,28.0,35.0,125.0,10.7143,35.7143,65.0,115.0,176.9231,23.0769,27.6923,93,150,5.8602,11.2191
2016,NM Coulter-Nile,0.0,0.0,0.0,0.0,0.0,8.0,5.0,62.5,12.5,75.0,6.0,4.0,66.6667,0.0,33.3333,14,9,8.7857,-10.5889
2016,NS Naik,0.0,0.0,0.0,0.0,0.0,12.0,11.0,91.6667,8.3333,41.6667,19.0,12.0,63.1579,0.0,42.1053,31,23,6.0,-22.3424
2016,NV Ojha,10.0,7.0,70.0,10.0,60.0,62.0,59.0,95.1613,8.0645,46.7742,66.0,70.0,106.0606,9.0909,37.8788,138,136,5.8768,-59.0591
2016,P Kumar,0.0,0.0,0.0,0.0,0.0,4.0,1.0,25.0,0.0,75.0,22.0,23.0,104.5455,13.6364,40.9091,26,24,8.6154,-16.1166
2016,P Negi,3.0,0.0,0.0,0.0,100.0,30.0,25.0,83.3333,6.6667,56.6667,26.0,32.0,123.0769,11.5385,23.0769,59,57,6.2034,-25.6816
2016,P Sahu,0.0,0.0,0.0,0.0,0.0,0.0,0.0,0.0,0.0,0.0,13.0,19.0,146.1538,15.3846,30.7692,13,19,9.9231,-1.7467
2016,PA Patel,97.0,94.0,96.9072,17.5258,55.6701,48.0,72.0,150.0,18.75,25.0,7.0,11.0,157.1429,14.2857,14.2857,152,177,2.6513,-11.8635
2016,PP Chawla,13.0,15.0,115.3846,23.0769,53.8462,8.0,4.0,50.0,0.0,50.0,5.0,8.0,160.0,20.0,20.0,26,27,4.5769,-6.7553
2016,PSP Handscomb,0.0,0.0,0.0,0.0,0.0,12.0,6.0,50.0,0.0,50.0,0.0,0.0,0.0,0.0,0.0,12,6,4.0,-9.0203
2016,PV Tambe,0.0,0.0,0.0,0.0,0.0,9.0,6.0,66.6667,11.1111,55.5556,10.0,1.0,10.0,0.0,90.0,19,7,10.0,-20.2242
2016,Parvez Rasool,0.0,0.0,0.0,0.0,0.0,0.0,0.0,0.0,0.0,0.0,9.0,10.0,111.1111,11.1111,33.3333,9,10,7.0,-4.3631
2016,Q de Kock,184.0,243.0,132.0652,21.1957,44.0217,129.0,175.0,135.6589,16.2791,27.1318,14.0,27.0,192.8571,35.7143,14.2857,327,445,1.1162,38.0922
2016,R Ashwin,6.0,0.0,0.0,0.0,100.0,19.0,29.0,152.6316,15.7895,5.2632,13.0,12.0,92.3077,7.6923,53.8462,38,41,5.3684,-10.8037
2016,R Bhatia,0.0,0.0,0.0,0.0,0.0,0.0,0.0,0.0,0.0,0.0,20.0,34.0,170.0,15.0,15.0,20,34,6.8,2.082
2016,R Dhawan,0.0,0.0,0.0,0.0,0.0,0.0,0.0,0.0,0.0,0.0,6.0,14.0,233.3333,16.6667,0.0,6,14,8.0,4.4246
2016,R Sathish,0.0,0.0,0.0,0.0,0.0,7.0,6.0,85.7143,14.2857,57.1429,17.0,18.0,105.8824,5.8824,29.4118,24,24,6.7083,-11.8922
2016,R Vinay Kumar,0.0,0.0,0.0,0.0,0.0,0.0,0.0,0.0,0.0,0.0,12.0,13.0,108.3333,8.3333,41.6667,12,13,9.0,-6.1508
2016,RA Jadeja,16.0,19.0,118.75,18.75,43.75,75.0,66.0,88.0,4.0,36.0,86.0,106.0,123.2558,13.9535,32.5581,177,191,5.565,-59.524
2016,RG Sharma,175.0,242.0,138.2857,22.2857,44.5714,152.0,172.0,113.1579,9.8684,27.6316,41.0,75.0,182.9268,29.2683,17.0732,368,489,1.0788,21.1263
2016,RR Pant,38.0,43.0,113.1579,15.7895,42.1053,95.0,126.0,132.6316,15.7895,32.6316,19.0,29.0,152.6316,21.0526,42.1053,152,198,3.5658,2.693
2016,RV Uthappa,178.0,253.0,142.1348,21.3483,34.8315,99.0,122.0,123.2323,13.1313,26.2626,12.0,19.0,158.3333,16.6667,8.3333,289,394,1.0,35.1095
2016,S Dhawan,191.0,208.0,108.9005,14.1361,45.0262,197.0,223.0,113.198,10.6599,31.9797,41.0,70.0,170.7317,26.8293,21.9512,429,501,2.0536,-42.5994
2016,S Gopal,0.0,0.0,0.0,0.0,0.0,16.0,2.0,12.5,0.0,87.5,0.0,0.0,0.0,0.0,0.0,16,2,7.0,-18.027
2016,S Kaushik,0.0,0.0,0.0,0.0,0.0,0.0,0.0,0.0,0.0,0.0,1.0,0.0,0.0,0.0,100.0,1,0,11.0,-1.5959
2016,S Nadeem,0.0,0.0,0.0,0.0,0.0,0.0,0.0,0.0,0.0,0.0,5.0,1.0,20.0,0.0,60.0,5,1,9.0,-6.9795
2016,SA Yadav,35.0,44.0,125.7143,20.0,51.4286,82.0,94.0,114.6341,9.7561,24.3902,26.0,44.0,169.2308,30.7692,34.6154,143,182,4.2168,-4.5689
2016,SB Jakati,0.0,0.0,0.0,0.0,0.0,0.0,0.0,0.0,0.0,0.0,2.0,1.0,50.0,0.0,50.0,2,1,11.0,-2.1918
2016,SE Marsh,37.0,34.0,91.8919,10.8108,48.6486,84.0,104.0,123.8095,13.0952,26.1905,13.0,21.0,161.5385,15.3846,7.6923,134,159,3.0,-11.7506
2016,SK Raina,125.0,178.0,142.4,22.4,44.0,160.0,183.0,114.375,10.625,22.5,27.0,38.0,140.7407,14.8148,22.2222,312,399,2.6987,4.0797
2016,SN Khan,0.0,0.0,0.0,0.0,0.0,4.0,5.0,125.0,25.0,50.0,27.0,61.0,225.9259,37.037,22.2222,31,66,5.9032,17.9039
2016,SP Narine,0.0,0.0,0.0,0.0,0.0,0.0,0.0,0.0,0.0,0.0,13.0,7.0,53.8462,0.0,53.8462,13,7,9.2308,-13.7467
2016,SPD Smith,54.0,91.0,168.5185,29.6296,35.1852,92.0,127.0,138.0435,13.0435,23.913,30.0,52.0,173.3333,23.3333,23.3333,176,270,3.142,41.4933
2016,SR Watson,12.0,7.0,58.3333,8.3333,66.6667,84.0,96.0,114.2857,15.4762,46.4286,38.0,76.0,200.0,31.5789,34.2105,134,179,4.4328,-1.336
2016,SS Iyer,40.0,29.0,72.5,7.5,55.0,3.0,1.0,33.3333,0.0,66.6667,0.0,0.0,0.0,0.0,0.0,43,30,2.0698,-22.2545
2016,SS Tiwary,38.0,43.0,113.1579,18.4211,44.7368,98.0,122.0,124.4898,14.2857,32.6531,5.0,5.0,100.0,0.0,40.0,141,170,3.0,-6.7195
2016,STR Binny,2.0,1.0,50.0,0.0,50.0,13.0,20.0,153.8462,23.0769,38.4615,24.0,42.0,175.0,25.0,33.3333,39,63,6.7179,6.0014
2016,SV Samson,102.0,80.0,78.4314,7.8431,50.0,131.0,172.0,131.2977,12.2137,23.6641,26.0,39.0,150.0,15.3846,23.0769,259,291,3.1622,-38.1382
2016,SW Billings,1.0,0.0,0.0,0.0,100.0,50.0,68.0,136.0,12.0,18.0,13.0,20.0,153.8462,15.3846,38.4615,64,88,4.8594,3.4563
2016,Sachin Baby,3.0,0.0,0.0,0.0,100.0,29.0,38.0,131.0345,10.3448,27.5862,47.0,81.0,172.3404,23.4043,23.4043,79,119,5.4304,4.0562
2016,Sandeep Sharma,0.0,0.0,0.0,0.0,0.0,5.0,5.0,100.0,0.0,0.0,4.0,3.0,75.0,0.0,25.0,9,8,11.0,-4.6421
2016,Shakib Al Hasan,12.0,3.0,25.0,0.0,66.6667,52.0,39.0,75.0,5.7692,44.2308,42.0,72.0,171.4286,21.4286,21.4286,106,114,5.1698,-32.6655
2016,Swapnil Singh,0.0,0.0,0.0,0.0,0.0,0.0,0.0,0.0,0.0,0.0,1.0,0.0,0.0,0.0,100.0,1,0,10.0,-1.5959
2016,TG Southee,0.0,0.0,0.0,0.0,0.0,4.0,3.0,75.0,0.0,25.0,15.0,27.0,180.0,20.0,20.0,19,30,8.6316,1.0547
2016,TM Head,0.0,0.0,0.0,0.0,0.0,11.0,10.0,90.9091,9.0909,54.5455,29.0,44.0,151.7241,13.7931,20.6897,40,54,5.175,-6.0497
2016,UBT Chand,4.0,0.0,0.0,0.0,100.0,0.0,0.0,0.0,0.0,0.0,0.0,0.0,0.0,0.0,0.0,4,0,2.0,-4.8499
2016,UT Khawaja,75.0,107.0,142.6667,21.3333,34.6667,25.0,20.0,80.0,4.0,40.0,0.0,0.0,0.0,0.0,0.0,100,127,2.08,4.7714
2016,UT Yadav,0.0,0.0,0.0,0.0,0.0,0.0,0.0,0.0,0.0,0.0,5.0,9.0,180.0,20.0,20.0,5,9,9.0,1.0205
2016,V Kohli,230.0,278.0,120.8696,16.5217,38.2609,304.0,462.0,151.9737,16.7763,19.0789,106.0,233.0,219.8113,31.1321,17.9245,640,973,1.7391,144.4493
2016,WP Saha,35.0,56.0,160.0,28.5714,37.1429,131.0,147.0,112.2137,9.1603,27.4809,46.0,67.0,145.6522,17.3913,23.913,212,270,4.1934,-9.8197
2016,YK Pathan,25.0,49.0,196.0,36.0,32.0,140.0,169.0,120.7143,12.1429,28.5714,83.0,143.0,172.2892,24.0964,14.4578,248,361,4.9677,22.9916
2016,Yuvraj Singh,5.0,6.0,120.0,20.0,40.0,133.0,155.0,116.5414,15.7895,47.3684,41.0,75.0,182.9268,31.7073,31.7073,179,236,4.2458,-1.969
2016,Z Khan,0.0,0.0,0.0,0.0,0.0,0.0,0.0,0.0,0.0,0.0,13.0,6.0,46.1538,7.6923,76.9231,13,6,11.0,-14.7467
2017,A Choudhary,0.0,0.0,0.0,0.0,0.0,0.0,0.0,0.0,0.0,0.0,20.0,25.0,125.0,10.0,20.0,20,25,10.4,-5.4465
2017,A Mishra,0.0,0.0,0.0,0.0,0.0,17.0,10.0,58.8235,0.0,41.1765,35.0,39.0,111.4286,11.4286,37.1429,52,49,8.8654,-25.6873
2017,A Zampa,0.0,0.0,0.0,0.0,0.0,5.0,5.0,100.0,20.0,60.0,2.0,0.0,0.0,0.0,100.0,7,5,9.0,-4.3405
2017,AB Dinda,0.0,0.0,0.0,0.0,0.0,4.0,5.0,125.0,25.0,50.0,3.0,2.0,66.6667,0.0,33.3333,7,7,10.0,-2.6037
2017,AB de Villiers,61.0,71.0,116.3934,19.6721,57.377,82.0,86.0,104.878,8.5366,28.0488,20.0,59.0,295.0,45.0,25.0,163,216,3.2883,2.325
2017,AD Mathews,0.0,0.0,0.0,0.0,0.0,5.0,3.0,60.0,0.0,40.0,22.0,29.0,131.8182,13.6364,31.8182,27,32,6.0,-7.7871
2017,AD Nath,0.0,0.0,0.0,0.0,0.0,1.0,0.0,0.0,0.0,100.0,0.0,0.0,0.0,0.0,0.0,1,0,7.0,-1.2592
2017,AF Milne,0.0,0.0,0.0,0.0,0.0,8.0,5.0,62.5,0.0,50.0,4.0,2.0,50.0,0.0,50.0,12,7,8.0,-9.1627
2017,AJ Finch,46.0,77.0,167.3913,26.087,41.3043,95.0,147.0,154.7368,21.0526,28.4211,39.0,75.0,192.3077,30.7692,30.7692,180,299,4.0889,59.6979
2017,AJ Tye,0.0,0.0,0.0,0.0,0.0,7.0,15.0,214.2857,28.5714,14.2857,23.0,38.0,165.2174,21.7391,21.7391,30,53,8.4,9.1723
2017,AM Rahane,207.0,247.0,119.3237,15.4589,38.6473,116.0,135.0,116.3793,10.3448,28.4483,0.0,0.0,0.0,0.0,0.0,323,382,1.0,-35.4594
2017,AP Tare,23.0,18.0,78.2609,13.0435,60.8696,0.0,0.0,0.0,0.0,0.0,0.0,0.0,0.0,0.0,0.0,23,18,1.0435,-12.1551
2017,AR Bawne,0.0,0.0,0.0,0.0,0.0,0.0,0.0,0.0,0.0,0.0,12.0,12.0,100.0,8.3333,33.3333,12,12,7.0,-6.2679
2017,AR Patel,3.0,6.0,200.0,33.3333,0.0,76.0,80.0,105.2632,7.8947,35.5263,83.0,141.0,169.8795,18.0723,19.2771,162,227,5.9753,1.0166
2017,AS Rajpoot,0.0,0.0,0.0,0.0,0.0,0.0,0.0,0.0,0.0,0.0,7.0,4.0,57.1429,14.2857,85.7143,7,4,11.0,-6.6563
2017,AT Rayudu,22.0,10.0,45.4545,0.0,54.5455,41.0,43.0,104.878,7.3171,26.8293,15.0,38.0,253.3333,46.6667,26.6667,78,91,3.8205,-12.3049
2017,Ankit Sharma,0.0,0.0,0.0,0.0,0.0,3.0,5.0,166.6667,33.3333,33.3333,12.0,20.0,166.6667,16.6667,16.6667,15,25,7.0,2.9546
2017,Ankit Soni,0.0,0.0,0.0,0.0,0.0,0.0,0.0,0.0,0.0,0.0,9.0,7.0,77.7778,11.1111,55.5556,9,7,9.6667,-6.7009
2017,Anureet Singh,0.0,0.0,0.0,0.0,0.0,0.0,0.0,0.0,0.0,0.0,12.0,15.0,125.0,16.6667,25.0,12,15,8.0,-3.2679
2017,B Kumar,0.0,0.0,0.0,0.0,0.0,0.0,0.0,0.0,0.0,0.0,4.0,4.0,100.0,0.0,25.0,4,4,9.0,-2.0893
2017,BA Stokes,22.0,27.0,122.7273,18.1818,45.4545,154.0,213.0,138.3117,14.9351,26.6234,45.0,76.0,168.8889,22.2222,24.4444,221,316,4.6109,24.7391
2017,BB McCullum,131.0,183.0,139.6947,21.374,41.2214,86.0,136.0,158.1395,22.093,26.7442,0.0,0.0,0.0,0.0,0.0,217,319,2.1751,38.9586
2017,BCJ Cutting,0.0,0.0,0.0,0.0,0.0,5.0,10.0,200.0,40.0,20.0,21.0,41.0,195.2381,28.5714,23.8095,26,51,5.6154,12.7353
2017,Basil Thampi,0.0,0.0,0.0,0.0,0.0,0.0,0.0,0.0,0.0,0.0,28.0,28.0,100.0,7.1429,32.1429,28,28,9.3214,-14.6252
2017,Bipul Sharma,0.0,0.0,0.0,0.0,0.0,0.0,0.0,0.0,0.0,0.0,24.0,31.0,129.1667,12.5,33.3333,24,31,7.7083,-5.5359
2017,C de Grandhomme,2.0,1.0,50.0,0.0,50.0,60.0,89.0,148.3333,20.0,30.0,30.0,36.0,120.0,13.3333,30.0,92,126,5.4565,2.1578
2017,CA Lynn,93.0,181.0,194.6237,34.4086,35.4839,64.0,105.0,164.0625,17.1875,23.4375,6.0,9.0,150.0,16.6667,0.0,163,295,1.816,83.3478
2017,CH Gayle,108.0,109.0,100.9259,14.8148,50.9259,55.0,91.0,165.4545,23.6364,36.3636,0.0,0.0,0.0,0.0,0.0,163,200,1.0123,-10.8521
2017,CH Morris,0.0,0.0,0.0,0.0,0.0,36.0,34.0,94.4444,8.3333,33.3333,58.0,120.0,206.8966,31.0345,15.5172,94,154,7.0,20.3749
2017,CJ Anderson,11.0,10.0,90.9091,18.1818,63.6364,62.0,49.0,79.0323,4.8387,50.0,50.0,83.0,166.0,24.0,32.0,123,142,5.5854,-26.6069
2017,CJ Jordan,0.0,0.0,0.0,0.0,0.0,0.0,0.0,0.0,0.0,0.0,1.0,0.0,0.0,0.0,100.0,1,0,7.0,-1.5223
2017,CR Brathwaite,0.0,0.0,0.0,0.0,0.0,15.0,12.0,80.0,13.3333,60.0,0.0,0.0,0.0,0.0,0.0,15,12,7.0,-6.8875
2017,CR Woakes,0.0,0.0,0.0,0.0,0.0,16.0,12.0,75.0,12.5,62.5,31.0,34.0,109.6774,9.6774,35.4839,47,46,7.7234,-21.3389
2017,DA Miller,3.0,2.0,66.6667,0.0,33.3333,52.0,48.0,92.3077,7.6923,38.4615,25.0,33.0,132.0,16.0,40.0,80,83,5.3375,-24.4683
2017,DA Warner,216.0,295.0,136.5741,21.2963,40.2778,201.0,276.0,137.3134,15.4229,28.3582,35.0,70.0,200.0,34.2857,17.1429,452,641,1.0752,51.4299
2017,DJ Hooda,0.0,0.0,0.0,0.0,0.0,16.0,22.0,137.5,18.75,31.25,36.0,56.0,155.5556,16.6667,19.4444,52,78,4.8462,3.0495
2017,DL Chahar,0.0,0.0,0.0,0.0,0.0,6.0,14.0,233.3333,33.3333,33.3333,0.0,0.0,0.0,0.0,0.0,6,14,8.0,6.445
2017,DM Bravo,0.0,0.0,0.0,0.0,0.0,0.0,0.0,0.0,0.0,0.0,5.0,6.0,120.0,20.0,40.0,5,6,4.0,-1.6116
2017,DR Smith,82.0,118.0,143.9024,25.6098,39.0244,69.0,114.0,165.2174,26.087,33.3333,5.0,7.0,140.0,20.0,20.0,156,239,2.1474,36.9962
2017,DS Kulkarni,0.0,0.0,0.0,0.0,0.0,0.0,0.0,0.0,0.0,0.0,2.0,1.0,50.0,0.0,50.0,2,1,7.0,-2.0447
2017,DT Christian,0.0,0.0,0.0,0.0,0.0,0.0,0.0,0.0,0.0,0.0,49.0,79.0,161.2245,20.4082,32.6531,49,79,6.7143,4.406
2017,EJG Morgan,22.0,23.0,104.5455,13.6364,45.4545,40.0,42.0,105.0,12.5,35.0,0.0,0.0,0.0,0.0,0.0,62,65,4.3387,-14.2108
2017,F du Plessis,4.0,7.0,175.0,25.0,0.0,3.0,1.0,33.3333,0.0,66.6667,0.0,0.0,0.0,0.0,0.0,7,8,3.0,-1.0219
2017,G Gambhir,220.0,275.0,125.0,20.0,41.8182,152.0,202.0,132.8947,14.4737,19.7368,17.0,21.0,123.5294,17.6471,35.2941,389,498,2.1183,-7.7132
2017,GJ Maxwell,18.0,11.0,61.1111,11.1111,77.7778,136.0,251.0,184.5588,27.9412,25.7353,25.0,48.0,192.0,24.0,24.0,179,310,4.1788,77.0951
2017,HH Pandya,0.0,0.0,0.0,0.0,0.0,61.0,74.0,121.3115,13.1148,42.623,99.0,176.0,177.7778,23.2323,24.2424,160,250,6.45,22.4802
2017,HM Amla,126.0,175.0,138.8889,22.2222,38.8889,126.0,155.0,123.0159,11.1111,24.6032,36.0,90.0,250.0,41.6667,19.4444,288,420,1.5903,41.3434
2017,Harbhajan Singh,0.0,0.0,0.0,0.0,0.0,0.0,0.0,0.0,0.0,0.0,16.0,16.0,100.0,6.25,31.25,16,16,8.0,-8.3572
2017,I Sharma,0.0,0.0,0.0,0.0,0.0,4.0,1.0,25.0,0.0,75.0,8.0,7.0,87.5,12.5,50.0,12,8,10.0,-9.2153
2017,IK Pathan,0.0,0.0,0.0,0.0,0.0,2.0,2.0,100.0,0.0,0.0,1.0,0.0,0.0,0.0,100.0,3,2,8.0,-2.0407
2017,IR Jaggi,12.0,5.0,41.6667,0.0,50.0,27.0,28.0,103.7037,11.1111,37.037,0.0,0.0,0.0,0.0,0.0,39,33,5.0,-16.7307
2017,Imran Tahir,0.0,0.0,0.0,0.0,0.0,0.0,0.0,0.0,0.0,0.0,2.0,0.0,0.0,0.0,100.0,2,0,11.0,-3.0447
2017,Iqbal Abdulla,0.0,0.0,0.0,0.0,0.0,0.0,0.0,0.0,0.0,0.0,7.0,5.0,71.4286,0.0,42.8571,7,5,7.0,-5.6563
2017,Ishan Kishan,110.0,160.0,145.4545,25.4545,43.6364,71.0,69.0,97.1831,9.8592,40.8451,25.0,48.0,192.0,28.0,28.0,206,277,2.4612,5.3208
2017,JC Buttler,129.0,209.0,162.0155,27.907,40.3101,48.0,63.0,131.25,12.5,29.1667,0.0,0.0,0.0,0.0,0.0,177,272,2.2542,42.4292
2017,JD Unadkat,0.0,0.0,0.0,0.0,0.0,0.0,0.0,0.0,0.0,0.0,5.0,2.0,40.0,0.0,40.0,5,2,8.0,-5.6116
2017,JJ Bumrah,0.0,0.0,0.0,0.0,0.0,0.0,0.0,0.0,0.0,0.0,12.0,16.0,133.3333,8.3333,25.0,12,16,10.0,-2.2679
2017,JJ Roy,33.0,45.0,136.3636,24.2424,42.4242,0.0,0.0,0.0,0.0,0.0,7.0,14.0,200.0,28.5714,14.2857,40,59,1.875,5.0777
2017,JP Faulkner,0.0,0.0,0.0,0.0,0.0,18.0,6.0,33.3333,0.0,66.6667,39.0,48.0,123.0769,10.2564,28.2051,57,54,7.2105,-28.0358
2017,K Rabada,3.0,1.0,33.3333,0.0,66.6667,49.0,48.0,97.9592,12.2449,46.9388,12.0,6.0,50.0,0.0,41.6667,64,55,7.3906,-28.9005
2017,KA Pollard,14.0,6.0,42.8571,0.0,50.0,163.0,221.0,135.5828,17.1779,31.9018,99.0,158.0,159.596,20.202,27.2727,276,385,5.0326,10.6896
2017,KC Cariappa,0.0,0.0,0.0,0.0,0.0,0.0,0.0,0.0,0.0,0.0,7.0,2.0,28.5714,0.0,71.4286,7,2,9.0,-8.6563
2017,KD Karthik,12.0,16.0,133.3333,25.0,50.0,161.0,218.0,135.4037,13.6646,23.6025,86.0,127.0,147.6744,18.6047,24.4186,259,361,4.5676,11.6204
2017,KH Pandya,2.0,2.0,100.0,0.0,50.0,118.0,142.0,120.339,14.4068,35.5932,59.0,99.0,167.7966,23.7288,23.7288,179,243,5.8212,1.9785
2017,KK Nair,145.0,204.0,140.6897,26.2069,43.4483,71.0,61.0,85.9155,7.0423,42.2535,10.0,16.0,160.0,20.0,30.0,226,281,2.4558,-13.7324
2017,KM Jadhav,29.0,32.0,110.3448,24.1379,58.6207,99.0,145.0,146.4646,16.1616,20.202,58.0,90.0,155.1724,20.6897,25.8621,186,267,4.4301,16.0256
2017,KS Williamson,26.0,24.0,92.3077,7.6923,46.1538,107.0,157.0,146.729,16.8224,28.0374,36.0,75.0,208.3333,27.7778,11.1111,169,256,3.0,32.3767
2017,KV Sharma,0.0,0.0,0.0,0.0,0.0,18.0,14.0,77.7778,5.5556,55.5556,23.0,35.0,152.1739,26.087,34.7826,41,49,6.9756,-8.6786
2017,Kuldeep Yadav,0.0,0.0,0.0,0.0,0.0,3.0,2.0,66.6667,0.0,33.3333,19.0,18.0,94.7368,10.5263,42.1053,22,20,8.6364,-12.7017
2017,LH Ferguson,0.0,0.0,0.0,0.0,0.0,0.0,0.0,0.0,0.0,0.0,1.0,1.0,100.0,0.0,0.0,1,1,10.0,-0.5223
2017,LMP Simmons,81.0,87.0,107.4074,13.5802,48.1481,31.0,50.0,161.2903,22.5806,29.0323,0.0,0.0,0.0,0.0,0.0,112,137,1.0446,-8.2326
2017,M Vohra,106.0,141.0,133.0189,19.8113,37.7358,41.0,52.0,126.8293,12.1951,34.1463,12.0,36.0,300.0,50.0,16.6667,159,229,2.4717,20.1305
2017,MA Agarwal,27.0,26.0,96.2963,11.1111,44.4444,0.0,0.0,0.0,0.0,0.0,0.0,0.0,0.0,0.0,0.0,27,26,2.0,-9.3994
2017,MC Henriques,48.0,63.0,131.25,16.6667,35.4167,112.0,137.0,122.3214,12.5,29.4643,43.0,77.0,179.0698,23.2558,6.9767,203,277,3.5222,7.5806
2017,MG Johnson,0.0,0.0,0.0,0.0,0.0,4.0,1.0,25.0,0.0,75.0,13.0,19.0,146.1538,15.3846,23.0769,17,20,9.1765,-4.8269
2017,MJ Guptill,79.0,116.0,146.8354,25.3165,43.038,9.0,16.0,177.7778,22.2222,33.3333,0.0,0.0,0.0,0.0,0.0,88,132,1.1136,17.0913
2017,MJ McClenaghan,1.0,0.0,0.0,0.0,100.0,1.0,1.0,100.0,0.0,0.0,13.0,15.0,115.3846,7.6923,30.7692,15,16,7.9333,-6.3605
2017,MK Pandey,27.0,28.0,103.7037,14.8148,37.037,208.0,244.0,117.3077,10.5769,26.9231,73.0,124.0,169.863,19.1781,21.9178,308,396,4.2987,-12.4367
2017,MK Tiwary,20.0,18.0,90.0,10.0,40.0,98.0,119.0,121.4286,13.2653,30.6122,118.0,187.0,158.4746,22.8814,24.5763,236,324,4.8263,-5.2551
2017,MM Patel,0.0,0.0,0.0,0.0,0.0,0.0,0.0,0.0,0.0,0.0,1.0,0.0,0.0,0.0,100.0,1,0,11.0,-1.5223
2017,MM Sharma,0.0,0.0,0.0,0.0,0.0,13.0,17.0,130.7692,15.3846,30.7692,37.0,34.0,91.8919,8.1081,43.2432,50,51,8.1,-21.6953
2017,MN Samuels,2.0,0.0,0.0,0.0,100.0,29.0,29.0,100.0,10.3448,51.7241,0.0,0.0,0.0,0.0,0.0,31,29,5.1613,-10.1381
2017,MP Stoinis,5.0,4.0,80.0,20.0,80.0,8.0,6.0,75.0,0.0,37.5,11.0,7.0,63.6364,0.0,45.4545,24,17,4.375,-16.3744
2017,MS Dhoni,0.0,0.0,0.0,0.0,0.0,143.0,122.0,85.3147,7.6923,48.951,107.0,168.0,157.0093,18.6916,27.1028,250,290,4.9,-52.9503
2017,Mandeep Singh,82.0,100.0,121.9512,23.1707,56.0976,91.0,87.0,95.6044,6.5934,34.0659,4.0,1.0,25.0,0.0,75.0,177,188,3.0056,-40.1832
2017,Mohammad Nabi,0.0,0.0,0.0,0.0,0.0,0.0,0.0,0.0,0.0,0.0,3.0,2.0,66.6667,0.0,66.6667,3,2,7.0,-2.567
2017,Mohammed Shami,0.0,0.0,0.0,0.0,0.0,4.0,7.0,175.0,25.0,50.0,20.0,29.0,145.0,25.0,40.0,24,36,8.9583,0.5168
2017,N Rana,76.0,94.0,123.6842,17.1053,43.4211,167.0,196.0,117.3653,12.5749,35.9281,21.0,43.0,204.7619,33.3333,23.8095,264,333,3.1818,-8.8931
2017,NM Coulter-Nile,0.0,0.0,0.0,0.0,0.0,0.0,0.0,0.0,0.0,0.0,12.0,14.0,116.6667,16.6667,66.6667,12,14,9.0,-4.2679
2017,NV Ojha,0.0,0.0,0.0,0.0,0.0,21.0,35.0,166.6667,14.2857,19.0476,44.0,44.0,100.0,4.5455,36.3636,65,79,5.8615,-14.425
2017,P Kumar,0.0,0.0,0.0,0.0,0.0,0.0,0.0,0.0,0.0,0.0,9.0,8.0,88.8889,0.0,11.1111,9,8,8.4444,-5.7009
2017,P Negi,0.0,0.0,0.0,0.0,0.0,49.0,54.0,110.2041,14.2857,40.8163,62.0,90.0,145.1613,16.129,30.6452,111,144,6.9099,-12.0836
2017,PA Patel,213.0,308.0,144.6009,23.0047,35.2113,80.0,87.0,108.75,10.0,28.75,0.0,0.0,0.0,0.0,0.0,293,395,1.3993,15.0042
2017,PJ Cummins,1.0,0.0,0.0,0.0,100.0,14.0,18.0,128.5714,21.4286,57.1429,38.0,59.0,155.2632,15.7895,21.0526,53,77,7.7358,0.2121
2017,PJ Sangwan,0.0,0.0,0.0,0.0,0.0,0.0,0.0,0.0,0.0,0.0,4.0,2.0,50.0,0.0,50.0,4,2,8.75,-4.0893
2017,PP Chawla,0.0,0.0,0.0,0.0,0.0,1.0,1.0,100.0,0.0,0.0,5.0,1.0,20.0,0.0,80.0,6,2,8.0,-6.8708
2017,R Bhatia,0.0,0.0,0.0,0.0,0.0,17.0,16.0,94.1176,5.8824,35.2941,0.0,0.0,0.0,0.0,0.0,17,16,7.0,-5.4059
2017,R Tewatia,3.0,4.0,133.3333,33.3333,66.6667,0.0,0.0,0.0,0.0,0.0,8.0,15.0,187.5,37.5,12.5,11,19,7.1818,2.8881
2017,RA Jadeja,0.0,0.0,0.0,0.0,0.0,67.0,81.0,120.8955,13.4328,34.3284,46.0,77.0,167.3913,17.3913,10.8696,113,158,6.0619,3.6086
2017,RA Tripathi,184.0,290.0,157.6087,26.6304,38.0435,74.0,91.0,122.973,13.5135,33.7838,9.0,10.0,111.1111,11.1111,44.4444,267,391,2.1498,42.8799
2017,RD Chahar,0.0,0.0,0.0,0.0,0.0,0.0,0.0,0.0,0.0,0.0,2.0,3.0,150.0,0.0,0.0,2,3,9.0,-0.0447
2017,RG Sharma,55.0,53.0,96.3636,12.7273,49.0909,161.0,193.0,119.8758,14.9068,36.0248,57.0,87.0,152.6316,15.7895,17.5439,273,333,3.8681,-28.609
2017,RR Pant,43.0,59.0,137.2093,20.9302,46.5116,149.0,250.0,167.7852,22.8188,24.1611,29.0,57.0,196.5517,31.0345,37.931,221,366,4.0362,77.8593
2017,RV Uthappa,73.0,91.0,124.6575,20.5479,38.3562,143.0,263.0,183.9161,25.8741,19.5804,19.0,34.0,178.9474,26.3158,36.8421,235,388,3.017,83.3049
2017,Rashid Khan,0.0,0.0,0.0,0.0,0.0,0.0,0.0,0.0,0.0,0.0,9.0,11.0,122.2222,11.1111,33.3333,9,11,8.0,-2.7009
2017,S Aravind,0.0,0.0,0.0,0.0,0.0,12.0,10.0,83.3333,8.3333,50.0,28.0,22.0,78.5714,3.5714,35.7143,40,32,9.2,-25.7352
2017,S Badree,0.0,0.0,0.0,0.0,0.0,9.0,5.0,55.5556,0.0,55.5556,14.0,8.0,57.1429,0.0,50.0,23,13,8.6087,-19.6451
2017,S Dhawan,206.0,259.0,125.7282,18.932,39.3204,152.0,189.0,124.3421,13.1579,23.6842,18.0,31.0,172.2222,16.6667,11.1111,376,479,1.8856,-9.8803
2017,S Kaul,0.0,0.0,0.0,0.0,0.0,0.0,0.0,0.0,0.0,0.0,2.0,0.0,0.0,0.0,100.0,2,0,10.0,-3.0447
2017,S Nadeem,0.0,0.0,0.0,0.0,0.0,0.0,0.0,0.0,0.0,0.0,9.0,2.0,22.2222,0.0,66.6667,9,2,10.1111,-11.7009
2017,SA Yadav,0.0,0.0,0.0,0.0,0.0,46.0,49.0,106.5217,10.8696,32.6087,42.0,56.0,133.3333,14.2857,23.8095,88,105,6.4659,-16.8596
2017,SE Marsh,94.0,112.0,119.1489,20.2128,45.7447,92.0,139.0,151.087,21.7391,22.8261,8.0,13.0,162.5,25.0,37.5,194,264,2.9072,12.7353
2017,SK Raina,94.0,133.0,141.4894,20.2128,30.8511,173.0,240.0,138.7283,15.0289,19.0751,40.0,69.0,172.5,25.0,25.0,307,442,2.9055,40.028
2017,SL Malinga,0.0,0.0,0.0,0.0,0.0,0.0,0.0,0.0,0.0,0.0,3.0,7.0,233.3333,33.3333,33.3333,3,7,11.0,2.433
2017,SN Thakur,0.0,0.0,0.0,0.0,0.0,0.0,0.0,0.0,0.0,0.0,3.0,0.0,0.0,0.0,100.0,3,0,8.0,-4.567
2017,SP Jackson,9.0,10.0,111.1111,22.2222,55.5556,9.0,9.0,100.0,11.1111,33.3333,13.0,19.0,146.1538,15.3846,15.3846,31,38,4.9677,-4.9226
2017,SP Narine,126.0,222.0,176.1905,34.9206,42.8571,1.0,0.0,0.0,0.0,100.0,3.0,2.0,66.6667,0.0,33.3333,130,224,1.3692,52.9765
2017,SPD Smith,112.0,131.0,116.9643,16.0714,39.2857,223.0,255.0,114.3498,9.8655,27.8027,52.0,86.0,165.3846,19.2308,21.1538,387,472,2.8398,-34.798
2017,SR Watson,21.0,21.0,100.0,19.0476,52.381,41.0,33.0,80.4878,2.439,36.5854,16.0,17.0,106.25,12.5,37.5,78,71,4.1154,-32.5161
2017,SS Iyer,55.0,55.0,100.0,14.5455,54.5455,149.0,214.0,143.6242,18.1208,24.8322,39.0,69.0,176.9231,28.2051,20.5128,243,338,3.6996,18.903
2017,SS Tiwary,19.0,25.0,131.5789,26.3158,47.3684,23.0,26.0,113.0435,17.3913,30.4348,1.0,1.0,100.0,0.0,0.0,43,52,1.0,-3.3939
2017,STR Binny,6.0,8.0,133.3333,33.3333,66.6667,42.0,23.0,54.7619,2.381,54.7619,28.0,47.0,167.8571,21.4286,25.0,76,78,5.9474,-25.3768
2017,SV Samson,147.0,204.0,138.7755,22.449,40.8163,110.0,141.0,128.1818,10.9091,26.3636,16.0,41.0,256.25,37.5,18.75,273,386,1.5934,30.4038
2017,SW Billings,74.0,101.0,136.4865,21.6216,32.4324,30.0,37.0,123.3333,13.3333,23.3333,0.0,0.0,0.0,0.0,0.0,104,138,2.0,3.2042
2017,Sachin Baby,0.0,0.0,0.0,0.0,0.0,7.0,3.0,42.8571,0.0,57.1429,8.0,12.0,150.0,25.0,37.5,15,15,5.7333,-5.9928
2017,Sandeep Sharma,0.0,0.0,0.0,0.0,0.0,0.0,0.0,0.0,0.0,0.0,6.0,7.0,116.6667,0.0,0.0,6,7,10.6667,-2.134
2017,Shakib Al Hasan,0.0,0.0,0.0,0.0,0.0,0.0,0.0,0.0,0.0,0.0,1.0,1.0,100.0,0.0,0.0,1,1,7.0,-0.5223
2017,Swapnil Singh,0.0,0.0,0.0,0.0,0.0,17.0,10.0,58.8235,0.0,47.0588,2.0,2.0,100.0,0.0,50.0,19,12,7.8947,-12.4505
2017,TA Boult,0.0,0.0,0.0,0.0,0.0,0.0,0.0,0.0,0.0,0.0,8.0,5.0,62.5,0.0,62.5,8,5,10.0,-7.1786
2017,TG Southee,0.0,0.0,0.0,0.0,0.0,0.0,0.0,0.0,0.0,0.0,3.0,7.0,233.3333,33.3333,33.3333,3,7,9.0,2.433
2017,TM Head,17.0,10.0,58.8235,5.8824,70.5882,64.0,85.0,132.8125,10.9375,17.1875,27.0,56.0,207.4074,25.9259,14.8148,108,151,3.8056,7.0218
2017,TS Mills,0.0,0.0,0.0,0.0,0.0,5.0,2.0,40.0,0.0,60.0,6.0,6.0,100.0,16.6667,66.6667,11,8,9.2727,-7.4298
2017,UT Yadav,0.0,0.0,0.0,0.0,0.0,0.0,0.0,0.0,0.0,0.0,13.0,10.0,76.9231,0.0,30.7692,13,10,10.0,-9.7903
2017,V Kohli,125.0,151.0,120.8,16.0,43.2,105.0,134.0,127.619,11.4286,21.9048,22.0,23.0,104.5455,9.0909,54.5455,252,308,2.0714,-21.5903
2017,V Shankar,7.0,7.0,100.0,14.2857,42.8571,36.0,56.0,155.5556,22.2222,22.2222,32.0,38.0,118.75,12.5,28.125,75,101,4.24,-2.2222
2017,VR Aaron,0.0,0.0,0.0,0.0,0.0,0.0,0.0,0.0,0.0,0.0,10.0,4.0,40.0,0.0,70.0,10,4,9.0,-11.2233
2017,Vishnu Vinod,21.0,10.0,47.619,4.7619,66.6667,0.0,0.0,0.0,0.0,0.0,5.0,9.0,180.0,20.0,20.0,26,19,2.7692,-16.1445
2017,WP Saha,47.0,64.0,136.1702,23.4043,40.4255,100.0,107.0,107.0,10.0,33.0,40.0,63.0,157.5,17.5,22.5,187,234,3.6524,-14.4313
2017,Washington Sundar,0.0,0.0,0.0,0.0,0.0,0.0,0.0,0.0,0.0,0.0,12.0,9.0,75.0,0.0,25.0,12,9,7.8333,-9.2679
2017,YK Pathan,12.0,21.0,175.0,33.3333,33.3333,79.0,86.0,108.8608,8.8608,39.2405,24.0,36.0,150.0,16.6667,25.0,115,143,5.0522,-8.7434
2017,YS Chahal,0.0,0.0,0.0,0.0,0.0,2.0,0.0,0.0,0.0,100.0,24.0,13.0,54.1667,0.0,50.0,26,13,10.3077,-26.0542
2017,Yuvraj Singh,3.0,4.0,133.3333,33.3333,66.6667,109.0,133.0,122.0183,16.5138,42.2018,65.0,115.0,176.9231,29.2308,24.6154,177,252,4.0508,11.8659
2017,Z Khan,0.0,0.0,0.0,0.0,0.0,11.0,2.0,18.1818,0.0,81.8182,2.0,2.0,100.0,0.0,0.0,13,4,11.0,-12.8955
2018,A Dananjaya,0.0,0.0,0.0,0.0,0.0,0.0,0.0,0.0,0.0,0.0,5.0,4.0,80.0,0.0,40.0,5,4,8.0,-3.9647
2018,A Mishra,0.0,0.0,0.0,0.0,0.0,0.0,0.0,0.0,0.0,0.0,2.0,1.0,50.0,0.0,50.0,2,1,9.0,-2.1859
2018,AB de Villiers,54.0,87.0,161.1111,31.4815,42.5926,197.0,338.0,171.5736,22.8426,24.8731,24.0,55.0,229.1667,29.1667,8.3333,275,480,3.6145,113.737
2018,AD Hales,81.0,114.0,140.7407,20.9877,41.9753,37.0,34.0,91.8919,5.4054,32.4324,0.0,0.0,0.0,0.0,0.0,118,148,1.2797,-8.8132
2018,AD Nath,3.0,1.0,33.3333,0.0,66.6667,10.0,8.0,80.0,10.0,60.0,0.0,0.0,0.0,0.0,0.0,13,9,5.0,-7.9992
2018,AD Russell,0.0,0.0,0.0,0.0,0.0,76.0,130.0,171.0526,22.3684,32.8947,95.0,186.0,195.7895,32.6316,40.0,171,316,6.3801,66.1109
2018,AJ Finch,21.0,22.0,104.7619,14.2857,42.8571,68.0,89.0,130.8824,11.7647,22.0588,11.0,23.0,209.0909,27.2727,18.1818,100,134,4.04,0.0768
2018,AJ Tye,0.0,0.0,0.0,0.0,0.0,3.0,0.0,0.0,0.0,100.0,35.0,32.0,91.4286,8.5714,42.8571,38,32,8.3421,-27.6432
2018,AM Rahane,179.0,228.0,127.3743,18.9944,36.8715,118.0,121.0,102.5424,7.6271,25.4237,16.0,21.0,131.25,6.25,18.75,313,370,1.4537,-49.0155
2018,AR Patel,0.0,0.0,0.0,0.0,0.0,50.0,57.0,114.0,10.0,24.0,19.0,23.0,121.0526,10.5263,21.0526,69,80,6.1159,-15.1082
2018,AS Rajpoot,0.0,0.0,0.0,0.0,0.0,5.0,1.0,20.0,0.0,80.0,13.0,10.0,76.9231,7.6923,38.4615,18,11,10.5,-16.1924
2018,AT Rayudu,152.0,234.0,153.9474,25.0,39.4737,198.0,271.0,136.8687,17.6768,31.8182,52.0,97.0,186.5385,26.9231,17.3077,402,602,2.5672,58.1675
2018,Abhishek Sharma,0.0,0.0,0.0,0.0,0.0,4.0,2.0,50.0,0.0,50.0,29.0,61.0,210.3448,27.5862,13.7931,33,63,6.0,11.6176
2018,Anureet Singh,0.0,0.0,0.0,0.0,0.0,0.0,0.0,0.0,0.0,0.0,4.0,3.0,75.0,0.0,0.0,4,3,11.0,-3.3717
2018,B Kumar,0.0,0.0,0.0,0.0,0.0,0.0,0.0,0.0,0.0,0.0,16.0,13.0,81.25,6.25,37.5,16,13,8.4375,-12.4869
2018,B Laughlin,0.0,0.0,0.0,0.0,0.0,0.0,0.0,0.0,0.0,0.0,4.0,1.0,25.0,0.0,75.0,4,1,11.0,-5.3717
2018,B Stanlake,0.0,0.0,0.0,0.0,0.0,0.0,0.0,0.0,0.0,0.0,2.0,5.0,250.0,50.0,0.0,2,5,11.0,1.8141
2018,BA Stokes,31.0,35.0,112.9032,12.9032,48.3871,117.0,141.0,120.5128,11.1111,26.4957,13.0,20.0,153.8462,15.3846,23.0769,161,196,4.1118,-18.0905
2018,BB McCullum,42.0,55.0,130.9524,23.8095,47.619,46.0,72.0,156.5217,26.087,36.9565,0.0,0.0,0.0,0.0,0.0,88,127,1.9318,10.9147
2018,BB Sran,0.0,0.0,0.0,0.0,0.0,0.0,0.0,0.0,0.0,0.0,7.0,3.0,42.8571,0.0,42.8571,7,3,9.0,-8.1505
2018,BCJ Cutting,0.0,0.0,0.0,0.0,0.0,4.0,2.0,50.0,0.0,50.0,54.0,94.0,174.0741,24.0741,35.1852,58,96,7.4138,4.7943
2018,Basil Thampi,0.0,0.0,0.0,0.0,0.0,5.0,3.0,60.0,0.0,40.0,1.0,0.0,0.0,0.0,100.0,6,3,9.0,-5.0772
2018,C Munro,38.0,62.0,163.1579,28.9474,44.7368,3.0,1.0,33.3333,0.0,66.6667,0.0,0.0,0.0,0.0,0.0,41,63,1.8537,8.0535
2018,C de Grandhomme,0.0,0.0,0.0,0.0,0.0,21.0,18.0,85.7143,4.7619,33.3333,63.0,113.0,179.3651,20.6349,25.3968,84,131,6.5119,3.4115
2018,CA Lynn,215.0,291.0,135.3488,24.186,48.8372,152.0,190.0,125.0,13.8158,32.2368,10.0,10.0,100.0,10.0,30.0,377,491,1.3846,-10.9196
2018,CH Gayle,152.0,218.0,143.4211,25.6579,49.3421,84.0,124.0,147.619,19.0476,39.2857,16.0,26.0,162.5,12.5,12.5,252,368,2.0,29.354
2018,CH Morris,7.0,17.0,242.8571,42.8571,14.2857,3.0,2.0,66.6667,0.0,33.3333,16.0,27.0,168.75,12.5,6.25,26,46,6.0385,7.2175
2018,CJ Anderson,0.0,0.0,0.0,0.0,0.0,18.0,10.0,55.5556,0.0,44.4444,4.0,7.0,175.0,25.0,50.0,22,17,4.6364,-12.715
2018,CR Brathwaite,0.0,0.0,0.0,0.0,0.0,10.0,4.0,40.0,0.0,60.0,38.0,71.0,186.8421,23.6842,31.5789,48,75,6.9167,1.5001
2018,CR Woakes,0.0,0.0,0.0,0.0,0.0,5.0,3.0,60.0,0.0,40.0,14.0,14.0,100.0,14.2857,57.1429,19,17,7.6316,-11.7853
2018,DA Miller,6.0,7.0,116.6667,16.6667,33.3333,43.0,45.0,104.6512,4.6512,25.5814,15.0,22.0,146.6667,13.3333,13.3333,64,74,5.2969,-13.72
2018,DJ Bravo,0.0,0.0,0.0,0.0,0.0,32.0,31.0,96.875,9.375,37.5,59.0,110.0,186.4407,25.4237,25.4237,91,141,6.4835,5.5178
2018,DJ Hooda,7.0,1.0,14.2857,0.0,85.7143,27.0,29.0,107.4074,3.7037,18.5185,47.0,57.0,121.2766,8.5106,25.5319,81,87,5.4444,-32.2878
2018,DJM Short,60.0,50.0,83.3333,10.0,46.6667,39.0,65.0,166.6667,25.641,41.0256,0.0,0.0,0.0,0.0,0.0,99,115,1.697,-16.1918
2018,DL Chahar,0.0,0.0,0.0,0.0,0.0,23.0,41.0,178.2609,17.3913,17.3913,6.0,9.0,150.0,16.6667,33.3333,29,50,6.6207,10.6149
2018,DR Shorey,0.0,0.0,0.0,0.0,0.0,9.0,8.0,88.8889,11.1111,66.6667,0.0,0.0,0.0,0.0,0.0,9,8,4.0,-3.6717
2018,DS Kulkarni,0.0,0.0,0.0,0.0,0.0,0.0,0.0,0.0,0.0,0.0,7.0,6.0,85.7143,0.0,14.2857,7,6,9.0,-5.1505
2018,DT Christian,0.0,0.0,0.0,0.0,0.0,11.0,6.0,54.5455,0.0,45.4545,22.0,20.0,90.9091,4.5455,27.2727,33,26,7.0606,-23.3098
2018,E Lewis,167.0,248.0,148.503,24.5509,45.509,105.0,132.0,125.7143,14.2857,40.0,4.0,2.0,50.0,0.0,50.0,276,382,2.3043,15.0817
2018,F du Plessis,76.0,87.0,114.4737,18.4211,50.0,42.0,46.0,109.5238,9.5238,33.3333,11.0,29.0,263.6364,45.4545,9.0909,129,162,2.3256,-12.1018
2018,G Gambhir,68.0,64.0,94.1176,11.7647,45.5882,20.0,21.0,105.0,5.0,10.0,0.0,0.0,0.0,0.0,0.0,88,85,1.9205,-32.3002
2018,GJ Maxwell,49.0,62.0,126.5306,22.449,46.9388,40.0,67.0,167.5,20.0,27.5,31.0,40.0,129.0323,12.9032,38.7097,120,169,3.8667,1.9098
2018,H Klaasen,7.0,7.0,100.0,14.2857,57.1429,9.0,5.0,55.5556,0.0,55.5556,31.0,45.0,145.1613,16.129,22.5806,47,57,4.2128,-13.4576
2018,HH Pandya,0.0,0.0,0.0,0.0,0.0,90.0,114.0,126.6667,14.4444,32.2222,105.0,146.0,139.0476,17.1429,29.5238,195,260,5.5128,-23.9743
2018,HV Patel,0.0,0.0,0.0,0.0,0.0,18.0,25.0,138.8889,11.1111,16.6667,15.0,35.0,233.3333,33.3333,20.0,33,60,5.9697,12.7627
2018,Harbhajan Singh,5.0,5.0,100.0,20.0,60.0,22.0,22.0,100.0,13.6364,45.4545,9.0,2.0,22.2222,0.0,66.6667,36,29,6.5556,-20.585
2018,IS Sodhi,0.0,0.0,0.0,0.0,0.0,1.0,0.0,0.0,0.0,100.0,5.0,1.0,20.0,0.0,80.0,6,1,9.0,-8.2615
2018,Imran Tahir,0.0,0.0,0.0,0.0,0.0,0.0,0.0,0.0,0.0,0.0,2.0,2.0,100.0,0.0,0.0,2,2,11.0,-1.1859
2018,Ishan Kishan,61.0,56.0,91.8033,11.4754,55.7377,119.0,211.0,177.3109,26.0504,31.0924,4.0,8.0,200.0,25.0,25.0,184,275,3.163,32.3449
2018,JC Archer,4.0,0.0,0.0,0.0,100.0,1.0,0.0,0.0,0.0,100.0,16.0,15.0,93.75,12.5,50.0,21,15,6.4286,-17.1581
2018,JC Buttler,121.0,235.0,194.2149,34.7107,28.0992,160.0,206.0,128.75,12.5,25.0,72.0,107.0,148.6111,15.2778,27.7778,353,548,2.7535,63.2401
2018,JD Unadkat,0.0,0.0,0.0,0.0,0.0,8.0,13.0,162.5,25.0,37.5,30.0,36.0,120.0,16.6667,30.0,38,49,9.0263,-9.1627
2018,JJ Bumrah,0.0,0.0,0.0,0.0,0.0,0.0,0.0,0.0,0.0,0.0,11.0,10.0,90.9091,9.0909,27.2727,11,10,9.5455,-7.5222
2018,JJ Roy,59.0,66.0,111.8644,16.9492,49.1525,19.0,27.0,142.1053,10.5263,15.7895,16.0,27.0,168.75,25.0,31.25,94,120,1.266,-9.3981
2018,JP Duminy,16.0,13.0,81.25,12.5,56.25,13.0,10.0,76.9231,7.6923,46.1538,11.0,13.0,118.1818,9.0909,36.3636,40,36,3.825,-19.8785
2018,JPR Scantlebury-Searles,0.0,0.0,0.0,0.0,0.0,0.0,0.0,0.0,0.0,0.0,6.0,8.0,133.3333,16.6667,50.0,6,8,8.0,-1.5576
2018,K Gowtham,4.0,8.0,200.0,25.0,25.0,18.0,23.0,127.7778,16.6667,38.8889,42.0,95.0,226.1905,33.3333,28.5714,64,126,6.5938,30.3793
2018,KA Pollard,9.0,12.0,133.3333,11.1111,44.4444,64.0,96.0,150.0,21.875,40.625,27.0,25.0,92.5926,7.4074,44.4444,100,133,5.32,-5.0998
2018,KD Karthik,14.0,20.0,142.8571,21.4286,28.5714,195.0,254.0,130.2564,14.8718,28.2051,128.0,224.0,175.0,25.7812,25.0,337,498,5.0267,22.4089
2018,KH Pandya,2.0,2.0,100.0,0.0,0.0,80.0,107.0,133.75,18.75,36.25,75.0,119.0,158.6667,22.6667,30.6667,157,228,5.4841,2.095
2018,KK Nair,28.0,25.0,89.2857,14.2857,53.5714,149.0,192.0,128.8591,13.4228,28.1879,44.0,84.0,190.9091,27.2727,27.2727,221,301,4.4932,0.0602
2018,KL Rahul,231.0,364.0,157.5758,26.8398,42.4242,139.0,179.0,128.777,13.6691,25.8993,46.0,116.0,252.1739,36.9565,4.3478,416,659,1.0,95.0967
2018,KM Jadhav,0.0,0.0,0.0,0.0,0.0,17.0,14.0,82.3529,5.8824,35.2941,5.0,10.0,200.0,40.0,60.0,22,24,5.0,-6.0111
2018,KS Williamson,149.0,180.0,120.8054,18.1208,42.953,321.0,494.0,153.8941,18.3801,23.3645,46.0,61.0,132.6087,13.0435,21.7391,516,735,2.9244,45.2432
2018,Kuldeep Yadav,0.0,0.0,0.0,0.0,0.0,5.0,0.0,0.0,0.0,100.0,19.0,12.0,63.1579,5.2632,57.8947,24,12,10.25,-24.75
2018,LE Plunkett,0.0,0.0,0.0,0.0,0.0,0.0,0.0,0.0,0.0,0.0,3.0,1.0,33.3333,0.0,66.6667,3,1,7.3333,-3.7788
2018,M Ashwin,0.0,0.0,0.0,0.0,0.0,2.0,1.0,50.0,0.0,50.0,0.0,0.0,0.0,0.0,0.0,2,1,7.0,-1.5937
2018,M Markande,0.0,0.0,0.0,0.0,0.0,1.0,0.0,0.0,0.0,100.0,23.0,21.0,91.3043,8.6957,34.7826,24,21,9.3333,-16.9343
2018,M Prasidh Krishna,0.0,0.0,0.0,0.0,0.0,0.0,0.0,0.0,0.0,0.0,5.0,1.0,20.0,0.0,80.0,5,1,11.0,-6.9647
2018,M Vijay,10.0,12.0,120.0,10.0,30.0,0.0,0.0,0.0,0.0,0.0,0.0,0.0,0.0,0.0,0.0,10,12,2.0,-1.4358
2018,M Vohra,35.0,43.0,122.8571,14.2857,48.5714,12.0,12.0,100.0,8.3333,33.3333,0.0,0.0,0.0,0.0,0.0,47,55,1.1702,-7.5874
2018,MA Agarwal,33.0,43.0,130.303,21.2121,42.4242,54.0,66.0,122.2222,11.1111,27.7778,7.0,11.0,157.1429,14.2857,14.2857,94,120,3.3191,-5.5185
2018,MA Wood,0.0,0.0,0.0,0.0,0.0,0.0,0.0,0.0,0.0,0.0,3.0,1.0,33.3333,0.0,66.6667,3,1,10.0,-3.7788
2018,MG Johnson,0.0,0.0,0.0,0.0,0.0,0.0,0.0,0.0,0.0,0.0,11.0,16.0,145.4545,18.1818,18.1818,11,16,9.5455,-1.5222
2018,MJ McClenaghan,0.0,0.0,0.0,0.0,0.0,1.0,0.0,0.0,0.0,100.0,9.0,11.0,122.2222,22.2222,55.5556,10,11,8.7,-4.6332
2018,MK Lomror,0.0,0.0,0.0,0.0,0.0,4.0,3.0,75.0,0.0,50.0,17.0,17.0,100.0,5.8824,35.2941,21,20,6.4286,-12.2672
2018,MK Pandey,35.0,27.0,77.1429,11.4286,65.7143,125.0,139.0,111.2,9.6,29.6,86.0,118.0,137.2093,12.7907,23.2558,246,284,4.1545,-62.1236
2018,MK Tiwary,11.0,8.0,72.7273,0.0,36.3636,30.0,35.0,116.6667,13.3333,36.6667,3.0,4.0,133.3333,33.3333,66.6667,44,47,4.6591,-11.4637
2018,MM Ali,7.0,3.0,42.8571,0.0,57.1429,39.0,74.0,189.7436,25.641,23.0769,0.0,0.0,0.0,0.0,0.0,46,77,4.0217,17.0178
2018,MM Sharma,0.0,0.0,0.0,0.0,0.0,5.0,3.0,60.0,0.0,40.0,8.0,7.0,87.5,12.5,37.5,13,10,10.0,-9.2277
2018,MP Stoinis,1.0,1.0,100.0,0.0,0.0,24.0,27.0,112.5,12.5,41.6667,51.0,71.0,139.2157,13.7255,25.4902,76,99,6.2895,-14.7075
2018,MS Dhoni,11.0,7.0,63.6364,9.0909,72.7273,143.0,151.0,105.5944,9.0909,32.8671,148.0,297.0,200.6757,27.027,19.5946,302,455,4.7715,19.0172
2018,Mandeep Singh,4.0,6.0,150.0,25.0,25.0,85.0,79.0,92.9412,5.8824,36.4706,97.0,167.0,172.1649,21.6495,19.5876,186,252,5.1989,-18.1209
2018,Mohammad Nabi,0.0,0.0,0.0,0.0,0.0,10.0,14.0,140.0,20.0,20.0,2.0,4.0,200.0,50.0,50.0,12,18,7.0,1.8456
2018,Mohammed Shami,0.0,0.0,0.0,0.0,0.0,6.0,7.0,116.6667,16.6667,33.3333,0.0,0.0,0.0,0.0,0.0,6,7,9.0,-0.7811
2018,Mohammed Siraj,0.0,0.0,0.0,0.0,0.0,0.0,0.0,0.0,0.0,0.0,22.0,25.0,113.6364,13.6364,31.8182,22,25,10.0,-10.0445
2018,Mujeeb Ur Rahman,0.0,0.0,0.0,0.0,0.0,0.0,0.0,0.0,0.0,0.0,7.0,10.0,142.8571,28.5714,28.5714,7,10,11.0,-1.1505
2018,Mustafizur Rahman,0.0,0.0,0.0,0.0,0.0,0.0,0.0,0.0,0.0,0.0,3.0,1.0,33.3333,0.0,66.6667,3,1,11.0,-3.7788
2018,N Rana,62.0,72.0,116.129,17.7419,53.2258,134.0,166.0,123.8806,14.1791,32.8358,36.0,66.0,183.3333,27.7778,22.2222,232,304,3.9397,-10.4252
2018,NV Ojha,0.0,0.0,0.0,0.0,0.0,0.0,0.0,0.0,0.0,0.0,4.0,1.0,25.0,0.0,50.0,4,1,5.0,-5.3717
2018,P Chopra,0.0,0.0,0.0,0.0,0.0,6.0,8.0,133.3333,33.3333,66.6667,0.0,0.0,0.0,0.0,0.0,6,8,5.0,0.2189
2018,P Negi,0.0,0.0,0.0,0.0,0.0,4.0,3.0,75.0,0.0,25.0,1.0,0.0,0.0,0.0,100.0,5,3,6.2,-3.7803
2018,PA Patel,78.0,118.0,151.2821,26.9231,39.7436,31.0,35.0,112.9032,9.6774,19.3548,0.0,0.0,0.0,0.0,0.0,109,153,1.5138,7.9987
2018,PJ Sangwan,0.0,0.0,0.0,0.0,0.0,0.0,0.0,0.0,0.0,0.0,4.0,0.0,0.0,0.0,100.0,4,0,8.0,-6.3717
2018,PP Chawla,0.0,0.0,0.0,0.0,0.0,15.0,11.0,73.3333,6.6667,53.3333,19.0,16.0,84.2105,5.2632,42.1053,34,27,8.6471,-22.7185
2018,PP Shaw,118.0,182.0,154.2373,25.4237,41.5254,42.0,63.0,150.0,16.6667,21.4286,0.0,0.0,0.0,0.0,0.0,160,245,1.0,31.9902
2018,Q de Kock,107.0,130.0,121.4953,18.6916,42.9907,55.0,71.0,129.0909,14.5455,34.5455,0.0,0.0,0.0,0.0,0.0,162,201,1.4136,-14.0895
2018,R Ashwin,2.0,0.0,0.0,0.0,100.0,18.0,23.0,127.7778,16.6667,27.7778,51.0,79.0,154.902,17.6471,25.4902,71,102,7.2113,-5.27
2018,R Tewatia,0.0,0.0,0.0,0.0,0.0,16.0,15.0,93.75,6.25,37.5,27.0,35.0,129.6296,18.5185,25.9259,43,50,6.5814,-13.7588
2018,R Vinay Kumar,0.0,0.0,0.0,0.0,0.0,0.0,0.0,0.0,0.0,0.0,3.0,6.0,200.0,33.3333,0.0,3,6,8.0,1.2212
2018,RA Jadeja,0.0,0.0,0.0,0.0,0.0,28.0,21.0,75.0,3.5714,42.8571,46.0,68.0,147.8261,13.0435,19.5652,74,89,6.0135,-20.5867
2018,RA Tripathi,59.0,86.0,145.7627,22.0339,42.3729,83.0,98.0,118.0723,10.8434,30.1205,25.0,42.0,168.0,16.0,16.0,167,226,2.9222,-0.7329
2018,RG Sharma,47.0,41.0,87.234,12.766,63.8298,110.0,133.0,120.9091,13.6364,30.9091,58.0,112.0,193.1034,27.5862,24.1379,215,286,3.2884,-12.1917
2018,RK Bhui,5.0,0.0,0.0,0.0,100.0,0.0,0.0,0.0,0.0,0.0,0.0,0.0,0.0,0.0,0.0,5,0,1.0,-6.7179
2018,RK Singh,0.0,0.0,0.0,0.0,0.0,27.0,25.0,92.5926,11.1111,44.4444,4.0,4.0,100.0,25.0,75.0,31,29,5.5161,-12.3867
2018,RR Pant,73.0,114.0,156.1644,26.0274,31.5068,253.0,403.0,159.2885,22.1344,26.8775,68.0,167.0,245.5882,44.1176,33.8235,394,684,3.8325,149.4964
2018,RV Uthappa,128.0,156.0,121.875,18.75,49.2188,131.0,183.0,139.6947,19.084,38.1679,6.0,12.0,200.0,33.3333,16.6667,265,351,2.9434,-0.4228
2018,Rashid Khan,0.0,0.0,0.0,0.0,0.0,9.0,6.0,66.6667,0.0,44.4444,22.0,53.0,240.9091,40.9091,36.3636,31,59,8.0,12.2839
2018,S Dhawan,196.0,253.0,129.0816,19.3878,37.2449,146.0,218.0,149.3151,21.2329,26.0274,21.0,26.0,123.8095,19.0476,38.0952,363,497,1.6749,10.8672
2018,S Gopal,0.0,0.0,0.0,0.0,0.0,4.0,1.0,25.0,0.0,75.0,41.0,49.0,119.5122,12.1951,26.8293,45,50,8.5778,-20.4976
2018,S Kaul,0.0,0.0,0.0,0.0,0.0,0.0,0.0,0.0,0.0,0.0,14.0,3.0,21.4286,0.0,85.7143,14,3,9.6429,-19.301
2018,S Nadeem,0.0,0.0,0.0,0.0,0.0,8.0,6.0,75.0,0.0,25.0,0.0,0.0,0.0,0.0,0.0,8,6,10.0,-4.3748
2018,SA Yadav,202.0,288.0,142.5743,24.7525,45.0495,169.0,208.0,123.0769,14.7929,31.9527,13.0,16.0,123.0769,15.3846,46.1538,384,512,1.4688,0.7217
2018,SK Raina,97.0,128.0,131.9588,21.6495,40.2062,198.0,234.0,118.1818,13.1313,30.8081,41.0,83.0,202.439,26.8293,7.3171,336,445,2.9613,-7.4135
2018,SN Khan,0.0,0.0,0.0,0.0,0.0,15.0,12.0,80.0,13.3333,60.0,26.0,39.0,150.0,23.0769,26.9231,41,51,6.5122,-9.869
2018,SN Thakur,0.0,0.0,0.0,0.0,0.0,0.0,0.0,0.0,0.0,0.0,5.0,15.0,300.0,60.0,0.0,5,15,10.0,7.0353
2018,SP Goswami,32.0,42.0,131.25,18.75,28.125,8.0,10.0,125.0,12.5,25.0,0.0,0.0,0.0,0.0,0.0,40,52,2.1,-1.3693
2018,SP Narine,142.0,282.0,198.5915,35.9155,38.7324,42.0,70.0,166.6667,26.1905,35.7143,4.0,5.0,125.0,25.0,50.0,188,357,1.9202,105.3727
2018,SR Watson,216.0,274.0,126.8519,18.5185,50.0,122.0,246.0,201.6393,27.8689,14.7541,21.0,35.0,166.6667,23.8095,19.0476,359,555,1.0,73.1201
2018,SS Iyer,89.0,92.0,103.3708,13.4831,46.0674,176.0,228.0,129.5455,14.2045,30.1136,45.0,91.0,202.2222,28.8889,24.4444,310,411,3.3484,-8.5059
2018,STR Binny,0.0,0.0,0.0,0.0,0.0,20.0,20.0,100.0,10.0,45.0,19.0,24.0,126.3158,10.5263,36.8421,39,44,6.1282,-12.2027
2018,SV Samson,75.0,99.0,132.0,17.3333,38.6667,204.0,250.0,122.549,10.7843,27.451,41.0,92.0,224.3902,34.1463,24.3902,320,441,3.3438,10.3641
2018,SW Billings,11.0,12.0,109.0909,18.1818,54.5455,34.0,39.0,114.7059,14.7059,44.1176,33.0,57.0,172.7273,18.1818,18.1818,78,108,4.859,-3.439
2018,Sandeep Sharma,0.0,0.0,0.0,0.0,0.0,0.0,0.0,0.0,0.0,0.0,4.0,0.0,0.0,0.0,100.0,4,0,10.5,-6.3717
2018,Shakib Al Hasan,23.0,32.0,139.1304,26.087,43.4783,130.0,150.0,115.3846,13.0769,33.8462,44.0,57.0,129.5455,18.1818,40.9091,197,239,5.0254,-30.5818
2018,Shivam Mavi,0.0,0.0,0.0,0.0,0.0,0.0,0.0,0.0,0.0,0.0,15.0,13.0,86.6667,6.6667,46.6667,15,13,8.2667,-10.894
2018,Shubman Gill,16.0,24.0,150.0,31.25,43.75,75.0,104.0,138.6667,14.6667,25.3333,48.0,75.0,156.25,22.9167,18.75,139,203,5.7122,7.7783
2018,TA Boult,0.0,0.0,0.0,0.0,0.0,2.0,0.0,0.0,0.0,100.0,0.0,0.0,0.0,0.0,0.0,2,0,11.0,-2.5937
2018,TG Southee,0.0,0.0,0.0,0.0,0.0,13.0,6.0,46.1538,0.0,61.5385,33.0,46.0,139.3939,18.1818,39.3939,46,52,8.0,-17.4258
2018,TK Curran,0.0,0.0,0.0,0.0,0.0,13.0,12.0,92.3077,15.3846,53.8462,15.0,11.0,73.3333,6.6667,40.0,28,23,8.0,-17.753
2018,UT Yadav,0.0,0.0,0.0,0.0,0.0,4.0,1.0,25.0,0.0,75.0,7.0,2.0,28.5714,0.0,57.1429,11,3,9.0,-13.3379
2018,V Kohli,177.0,247.0,139.548,22.0339,35.5932,159.0,200.0,125.7862,13.2075,27.673,45.0,83.0,184.4444,22.2222,22.2222,381,530,2.4016,14.3058
2018,V Shankar,3.0,3.0,100.0,0.0,33.3333,77.0,84.0,109.0909,10.3896,32.4675,68.0,125.0,183.8235,20.5882,14.7059,148,212,5.2838,-0.2076
2018,WP Saha,74.0,81.0,109.4595,17.5676,45.9459,11.0,17.0,154.5455,27.2727,27.2727,17.0,24.0,141.1765,11.7647,17.6471,102,122,2.2157,-18.7699
2018,Washington Sundar,0.0,0.0,0.0,0.0,0.0,11.0,9.0,81.8182,9.0909,45.4545,27.0,56.0,207.4074,29.6296,29.6296,38,65,6.9211,7.7255
2018,YK Pathan,15.0,19.0,126.6667,20.0,33.3333,81.0,83.0,102.4691,11.1111,38.2716,104.0,158.0,151.9231,20.1923,36.5385,200,260,5.77,-30.8634
2018,YS Chahal,0.0,0.0,0.0,0.0,0.0,0.0,0.0,0.0,0.0,0.0,4.0,0.0,0.0,0.0,75.0,4,0,11.0,-6.3717
2018,Yuvraj Singh,16.0,14.0,87.5,18.75,68.75,52.0,48.0,92.3077,9.6154,50.0,5.0,3.0,60.0,0.0,60.0,73,65,3.8219,-31.8981
2019,A Mishra,0.0,0.0,0.0,0.0,0.0,6.0,2.0,33.3333,0.0,66.6667,18.0,19.0,105.5556,11.1111,33.3333,24,21,9.125,-15.0959
2019,AB de Villiers,69.0,83.0,120.2899,17.3913,47.8261,163.0,213.0,130.6748,14.1104,28.8344,55.0,146.0,265.4545,40.0,12.7273,287,442,3.1707,63.4588
2019,AD Nath,8.0,10.0,125.0,12.5,37.5,37.0,35.0,94.5946,8.1081,37.8378,12.0,16.0,133.3333,25.0,41.6667,57,61,4.386,-14.2468
2019,AD Russell,0.0,0.0,0.0,0.0,0.0,108.0,159.0,147.2222,23.1481,47.2222,141.0,351.0,248.9362,41.1348,29.078,249,510,5.498,151.7588
2019,AJ Turner,0.0,0.0,0.0,0.0,0.0,0.0,0.0,0.0,0.0,0.0,10.0,3.0,30.0,0.0,70.0,10,3,5.0,-12.9281
2019,AJ Tye,0.0,0.0,0.0,0.0,0.0,0.0,0.0,0.0,0.0,0.0,2.0,0.0,0.0,0.0,50.0,2,0,8.0,-3.1856
2019,AM Rahane,172.0,234.0,136.0465,23.2558,43.6047,88.0,125.0,142.0455,13.6364,21.5909,25.0,34.0,136.0,8.0,16.0,285,393,1.2211,21.88
2019,AR Patel,0.0,0.0,0.0,0.0,0.0,34.0,27.0,79.4118,5.8824,47.0588,54.0,83.0,153.7037,20.3704,22.2222,88,110,6.6818,-18.0883
2019,AS Joseph,0.0,0.0,0.0,0.0,0.0,0.0,0.0,0.0,0.0,0.0,13.0,15.0,115.3846,15.3846,46.1538,13,15,8.0,-5.7066
2019,AT Rayudu,65.0,37.0,56.9231,6.1538,66.1538,172.0,166.0,96.5116,8.7209,37.7907,66.0,79.0,119.697,12.1212,21.2121,303,282,3.7459,-120.028
2019,Abhishek Sharma,0.0,0.0,0.0,0.0,0.0,3.0,2.0,66.6667,0.0,33.3333,6.0,7.0,116.6667,16.6667,16.6667,9,9,6.6667,-4.2695
2019,Avesh Khan,0.0,0.0,0.0,0.0,0.0,0.0,0.0,0.0,0.0,0.0,3.0,4.0,133.3333,33.3333,66.6667,3,4,9.0,-0.7784
2019,B Kumar,0.0,0.0,0.0,0.0,0.0,0.0,0.0,0.0,0.0,0.0,19.0,12.0,63.1579,5.2632,42.1053,19,12,9.0,-18.2634
2019,BA Stokes,0.0,0.0,0.0,0.0,0.0,50.0,55.0,110.0,8.0,34.0,49.0,68.0,138.7755,16.3265,24.4898,99,123,5.1717,-16.925
2019,BB Sran,0.0,0.0,0.0,0.0,0.0,0.0,0.0,0.0,0.0,0.0,3.0,3.0,100.0,0.0,33.3333,3,3,8.0,-1.7784
2019,BCJ Cutting,0.0,0.0,0.0,0.0,0.0,4.0,2.0,50.0,0.0,50.0,13.0,16.0,123.0769,15.3846,46.1538,17,18,5.7647,-7.6567
2019,Basil Thampi,0.0,0.0,0.0,0.0,0.0,0.0,0.0,0.0,0.0,0.0,1.0,1.0,100.0,0.0,0.0,1,1,9.0,-0.5928
2019,C Munro,31.0,45.0,145.1613,25.8065,45.1613,39.0,39.0,100.0,12.8205,48.7179,0.0,0.0,0.0,0.0,0.0,70,84,3.3714,-4.3472
2019,C de Grandhomme,0.0,0.0,0.0,0.0,0.0,29.0,35.0,120.6897,20.6897,55.1724,20.0,11.0,55.0,0.0,50.0,49,46,6.7755,-21.745
2019,CA Ingram,6.0,7.0,116.6667,16.6667,33.3333,106.0,114.0,107.5472,14.1509,45.283,42.0,63.0,150.0,21.4286,30.9524,154,184,4.7403,-21.8357
2019,CA Lynn,188.0,262.0,139.3617,24.4681,47.8723,96.0,137.0,142.7083,16.6667,30.2083,6.0,6.0,100.0,16.6667,50.0,290,405,1.3379,33.5551
2019,CH Gayle,185.0,262.0,141.6216,25.4054,52.973,111.0,181.0,163.0631,21.6216,28.8288,23.0,47.0,204.3478,34.7826,21.7391,319,490,2.1034,76.7931
2019,CH Morris,0.0,0.0,0.0,0.0,0.0,10.0,6.0,60.0,10.0,60.0,27.0,26.0,96.2963,7.4074,48.1481,37,32,6.7027,-23.3814
2019,CR Brathwaite,0.0,0.0,0.0,0.0,0.0,0.0,0.0,0.0,0.0,0.0,10.0,11.0,110.0,10.0,20.0,10,11,7.0,-4.9281
2019,DA Miller,1.0,4.0,400.0,100.0,0.0,112.0,143.0,127.6786,14.2857,32.1429,51.0,66.0,129.4118,17.6471,31.3725,164,213,4.4756,-8.1313
2019,DA Warner,230.0,331.0,143.913,20.4348,36.5217,205.0,282.0,137.561,10.7317,18.0488,46.0,79.0,171.7391,19.5652,19.5652,481,692,1.1143,67.6444
2019,DJ Bravo,0.0,0.0,0.0,0.0,0.0,32.0,32.0,100.0,12.5,40.625,34.0,48.0,141.1765,14.7059,29.4118,66,80,6.5303,-13.757
2019,DJ Hooda,0.0,0.0,0.0,0.0,0.0,39.0,30.0,76.9231,5.1282,43.5897,24.0,34.0,141.6667,16.6667,33.3333,63,64,5.3175,-22.4917
2019,DL Chahar,0.0,0.0,0.0,0.0,0.0,0.0,0.0,0.0,0.0,0.0,9.0,7.0,77.7778,11.1111,55.5556,9,7,8.2222,-7.3353
2019,DR Shorey,0.0,0.0,0.0,0.0,0.0,8.0,5.0,62.5,0.0,37.5,0.0,0.0,0.0,0.0,0.0,8,5,6.0,-4.9003
2019,DS Kulkarni,0.0,0.0,0.0,0.0,0.0,0.0,0.0,0.0,0.0,0.0,3.0,5.0,166.6667,33.3333,33.3333,3,5,11.0,0.2216
2019,E Lewis,28.0,27.0,96.4286,14.2857,60.7143,24.0,21.0,87.5,8.3333,41.6667,0.0,0.0,0.0,0.0,0.0,52,48,3.1154,-17.905
2019,F du Plessis,177.0,199.0,112.4294,16.3842,46.3277,124.0,149.0,120.1613,12.0968,29.8387,20.0,48.0,240.0,35.0,15.0,321,396,1.5358,-18.1725
2019,GC Viljoen,0.0,0.0,0.0,0.0,0.0,0.0,0.0,0.0,0.0,0.0,7.0,3.0,42.8571,0.0,42.8571,7,3,8.0,-8.1497
2019,GH Vihari,0.0,0.0,0.0,0.0,0.0,0.0,0.0,0.0,0.0,0.0,8.0,4.0,50.0,0.0,50.0,8,4,6.625,-8.7425
2019,Gurkeerat Singh,10.0,13.0,130.0,20.0,40.0,37.0,43.0,116.2162,10.8108,21.6216,23.0,42.0,182.6087,30.4348,17.3913,70,98,5.2714,2.6462
2019,H Klaasen,7.0,6.0,85.7143,0.0,14.2857,3.0,3.0,100.0,0.0,33.3333,0.0,0.0,0.0,0.0,0.0,10,9,4.3,-3.7636
2019,HF Gurney,0.0,0.0,0.0,0.0,0.0,0.0,0.0,0.0,0.0,0.0,5.0,1.0,20.0,0.0,80.0,5,1,11.0,-6.9641
2019,HH Pandya,0.0,0.0,0.0,0.0,0.0,59.0,105.0,177.9661,23.7288,27.1186,151.0,297.0,196.6887,28.4768,25.8278,210,402,5.8524,88.4703
2019,HV Patel,0.0,0.0,0.0,0.0,0.0,0.0,0.0,0.0,0.0,0.0,2.0,0.0,0.0,0.0,100.0,2,0,8.0,-3.1856
2019,Harbhajan Singh,0.0,0.0,0.0,0.0,0.0,0.0,0.0,0.0,0.0,0.0,3.0,1.0,33.3333,0.0,66.6667,3,1,10.0,-3.7784
2019,Harpreet Brar,0.0,0.0,0.0,0.0,0.0,0.0,0.0,0.0,0.0,0.0,12.0,20.0,166.6667,25.0,25.0,12,20,8.0,0.8863
2019,I Sharma,0.0,0.0,0.0,0.0,0.0,0.0,0.0,0.0,0.0,0.0,3.0,10.0,333.3333,66.6667,33.3333,3,10,11.0,5.2216
2019,IS Sodhi,0.0,0.0,0.0,0.0,0.0,6.0,2.0,33.3333,0.0,66.6667,5.0,4.0,80.0,0.0,20.0,11,6,9.0,-9.3893
2019,Ishan Kishan,15.0,13.0,86.6667,13.3333,73.3333,82.0,83.0,101.2195,10.9756,40.2439,3.0,5.0,166.6667,33.3333,33.3333,100,101,4.16,-24.652
2019,J Suchith,0.0,0.0,0.0,0.0,0.0,13.0,6.0,46.1538,0.0,53.8462,2.0,0.0,0.0,0.0,100.0,15,6,9.0,-13.2737
2019,JC Archer,0.0,0.0,0.0,0.0,0.0,0.0,0.0,0.0,0.0,0.0,40.0,67.0,167.5,20.0,20.0,40,67,7.85,3.2875
2019,JC Buttler,120.0,167.0,139.1667,25.8333,50.8333,85.0,144.0,169.4118,24.7059,29.4118,0.0,0.0,0.0,0.0,0.0,205,311,2.2,50.6489
2019,JD Unadkat,0.0,0.0,0.0,0.0,0.0,0.0,0.0,0.0,0.0,0.0,3.0,1.0,33.3333,0.0,66.6667,3,1,9.0,-3.7784
2019,JJ Bumrah,0.0,0.0,0.0,0.0,0.0,0.0,0.0,0.0,0.0,0.0,1.0,0.0,0.0,0.0,0.0,1,0,10.0,-1.5928
2019,JL Denly,1.0,0.0,0.0,0.0,100.0,0.0,0.0,0.0,0.0,0.0,0.0,0.0,0.0,0.0,0.0,1,0,1.0,-1.293
2019,JM Bairstow,130.0,194.0,149.2308,26.1538,38.4615,143.0,226.0,158.042,20.2797,26.5734,10.0,25.0,250.0,30.0,10.0,283,445,1.8021,84.0133
2019,K Gowtham,0.0,0.0,0.0,0.0,0.0,8.0,7.0,87.5,12.5,50.0,11.0,11.0,100.0,9.0909,45.4545,19,18,7.3158,-9.4213
2019,K Rabada,0.0,0.0,0.0,0.0,0.0,0.0,0.0,0.0,0.0,0.0,15.0,14.0,93.3333,6.6667,40.0,15,14,9.0667,-9.8922
2019,KA Pollard,1.0,1.0,100.0,0.0,0.0,82.0,105.0,128.0488,14.6341,34.1463,95.0,173.0,182.1053,25.2632,32.6316,178,279,5.1685,24.9113
2019,KC Cariappa,0.0,0.0,0.0,0.0,0.0,0.0,0.0,0.0,0.0,0.0,3.0,9.0,300.0,33.3333,0.0,3,9,10.0,4.2216
2019,KD Karthik,17.0,9.0,52.9412,11.7647,82.3529,96.0,116.0,120.8333,15.625,36.4583,60.0,128.0,213.3333,31.6667,16.6667,173,253,4.6185,16.6461
2019,KH Pandya,0.0,0.0,0.0,0.0,0.0,98.0,99.0,101.0204,11.2245,44.898,52.0,84.0,161.5385,23.0769,25.0,150,183,5.5933,-21.1055
2019,KK Ahmed,0.0,0.0,0.0,0.0,0.0,0.0,0.0,0.0,0.0,0.0,1.0,0.0,0.0,0.0,100.0,1,0,11.0,-1.5928
2019,KK Nair,0.0,0.0,0.0,0.0,0.0,0.0,0.0,0.0,0.0,0.0,6.0,5.0,83.3333,0.0,33.3333,6,5,4.0,-4.5569
2019,KL Rahul,192.0,232.0,120.8333,18.75,49.4792,168.0,233.0,138.6905,13.6905,22.619,78.0,128.0,164.1026,19.2308,21.7949,438,593,1.016,12.5975
2019,KM Jadhav,35.0,31.0,88.5714,17.1429,68.5714,97.0,97.0,100.0,13.4021,45.3608,37.0,34.0,91.8919,8.1081,32.4324,169,162,4.355,-62.2307
2019,KMA Paul,0.0,0.0,0.0,0.0,0.0,0.0,0.0,0.0,0.0,0.0,24.0,18.0,75.0,8.3333,54.1667,24,18,7.25,-20.2275
2019,KS Williamson,21.0,17.0,80.9524,9.5238,61.9048,81.0,83.0,102.4691,8.642,35.8025,28.0,56.0,200.0,28.5714,10.7143,130,156,3.5923,-15.9927
2019,Kuldeep Yadav,0.0,0.0,0.0,0.0,0.0,0.0,0.0,0.0,0.0,0.0,8.0,12.0,150.0,12.5,25.0,8,12,9.0,-0.7425
2019,LS Livingstone,37.0,57.0,154.0541,24.3243,43.2432,9.0,12.0,133.3333,22.2222,44.4444,2.0,1.0,50.0,0.0,50.0,48,70,2.1667,7.8355
2019,M Ashwin,0.0,0.0,0.0,0.0,0.0,0.0,0.0,0.0,0.0,0.0,5.0,3.0,60.0,0.0,40.0,5,3,9.2,-4.9641
2019,M Markande,0.0,0.0,0.0,0.0,0.0,0.0,0.0,0.0,0.0,0.0,5.0,6.0,120.0,20.0,40.0,5,6,9.0,-1.9641
2019,M Prasidh Krishna,0.0,0.0,0.0,0.0,0.0,0.0,0.0,0.0,0.0,0.0,2.0,0.0,0.0,0.0,100.0,2,0,10.0,-3.1856
2019,M Vijay,27.0,38.0,140.7407,22.2222,48.1481,34.0,26.0,76.4706,2.9412,38.2353,0.0,0.0,0.0,0.0,0.0,61,64,2.2787,-12.9875
2019,MA Agarwal,79.0,86.0,108.8608,13.9241,45.5696,146.0,231.0,158.2192,18.4932,21.2329,9.0,15.0,166.6667,22.2222,33.3333,234,332,2.859,34.8364
2019,MJ Guptill,48.0,79.0,164.5833,22.9167,43.75,5.0,2.0,40.0,0.0,60.0,0.0,0.0,0.0,0.0,0.0,53,81,2.0,12.7483
2019,MJ McClenaghan,0.0,0.0,0.0,0.0,0.0,0.0,0.0,0.0,0.0,0.0,16.0,11.0,68.75,12.5,62.5,16,11,8.625,-14.485
2019,MJ Santner,0.0,0.0,0.0,0.0,0.0,12.0,6.0,50.0,0.0,50.0,11.0,26.0,236.3636,27.2727,18.1818,23,32,8.0,-0.3715
2019,MK Lomror,3.0,8.0,266.6667,66.6667,33.3333,0.0,0.0,0.0,0.0,0.0,0.0,0.0,0.0,0.0,0.0,3,8,4.0,4.121
2019,MK Pandey,45.0,73.0,162.2222,28.8889,42.2222,175.0,203.0,116.0,10.8571,27.4286,43.0,68.0,158.1395,18.6047,11.6279,263,344,3.3118,0.754
2019,MM Ali,23.0,24.0,104.3478,13.0435,47.8261,67.0,106.0,158.209,20.8955,31.3433,43.0,90.0,209.3023,37.2093,27.907,133,220,4.4211,38.8547
2019,MM Sharma,0.0,0.0,0.0,0.0,0.0,0.0,0.0,0.0,0.0,0.0,2.0,0.0,0.0,0.0,100.0,2,0,10.0,-3.1856
2019,MP Stoinis,1.0,0.0,0.0,0.0,100.0,68.0,66.0,97.0588,7.3529,39.7059,87.0,145.0,166.6667,21.8391,26.4368,156,211,5.2179,-13.0206
2019,MS Dhoni,7.0,5.0,71.4286,14.2857,71.4286,145.0,143.0,98.6207,7.5862,37.931,157.0,268.0,170.7006,21.0191,26.1146,309,416,5.3204,-22.5663
2019,Mandeep Singh,0.0,0.0,0.0,0.0,0.0,45.0,55.0,122.2222,6.6667,17.7778,75.0,110.0,146.6667,14.6667,16.0,120,165,5.5333,-10.1504
2019,Mohammad Nabi,0.0,0.0,0.0,0.0,0.0,21.0,24.0,114.2857,4.7619,33.3333,55.0,91.0,165.4545,25.4545,34.5455,76,115,6.1579,1.4069
2019,Mohammed Shami,0.0,0.0,0.0,0.0,0.0,0.0,0.0,0.0,0.0,0.0,2.0,1.0,50.0,0.0,50.0,2,1,9.5,-2.1856
2019,Mohammed Siraj,0.0,0.0,0.0,0.0,0.0,0.0,0.0,0.0,0.0,0.0,14.0,4.0,28.5714,0.0,57.1429,14,4,9.7143,-18.2994
2019,Mujeeb Ur Rahman,0.0,0.0,0.0,0.0,0.0,0.0,0.0,0.0,0.0,0.0,4.0,0.0,0.0,0.0,75.0,4,0,8.0,-6.3712
2019,N Pooran,9.0,16.0,177.7778,22.2222,44.4444,62.0,112.0,180.6452,29.0323,40.3226,36.0,40.0,111.1111,11.1111,38.8889,107,168,4.4486,22.2941
2019,N Rana,55.0,56.0,101.8182,16.3636,50.9091,150.0,225.0,150.0,20.0,36.0,30.0,63.0,210.0,30.0,30.0,235,344,3.6085,39.4692
2019,NS Naik,16.0,7.0,43.75,6.25,75.0,0.0,0.0,0.0,0.0,0.0,0.0,0.0,0.0,0.0,0.0,16,7,1.0,-13.688
2019,Navdeep Saini,1.0,0.0,0.0,0.0,0.0,3.0,2.0,66.6667,0.0,33.3333,0.0,0.0,0.0,0.0,0.0,4,2,8.0,-3.0056
2019,P Negi,3.0,4.0,133.3333,33.3333,33.3333,0.0,0.0,0.0,0.0,0.0,9.0,5.0,55.5556,0.0,55.5556,12,9,7.0833,-9.2143
2019,P Ray Barman,0.0,0.0,0.0,0.0,0.0,23.0,19.0,82.6087,8.6957,43.4783,1.0,0.0,0.0,0.0,100.0,24,19,8.0,-11.0563
2019,P Simran Singh,0.0,0.0,0.0,0.0,0.0,6.0,1.0,16.6667,0.0,83.3333,11.0,15.0,136.3636,18.1818,45.4545,17,16,7.0,-8.9462
2019,PA Patel,182.0,265.0,145.6044,25.2747,36.2637,69.0,86.0,124.6377,13.0435,27.5362,17.0,22.0,129.4118,17.6471,29.4118,268,373,1.3769,25.2058
2019,PP Chawla,0.0,0.0,0.0,0.0,0.0,11.0,8.0,72.7273,9.0909,72.7273,26.0,34.0,130.7692,19.2308,42.3077,37,42,8.0,-13.0261
2019,PP Shaw,173.0,221.0,127.7457,21.9653,46.8208,72.0,102.0,141.6667,15.2778,19.4444,19.0,30.0,157.8947,26.3158,31.5789,264,353,1.0,9.9445
2019,Q de Kock,236.0,319.0,135.1695,19.9153,42.3729,135.0,165.0,122.2222,12.5926,29.6296,27.0,45.0,166.6667,22.2222,11.1111,398,529,1.6106,13.7779
2019,R Ashwin,0.0,0.0,0.0,0.0,0.0,6.0,6.0,100.0,16.6667,50.0,22.0,36.0,163.6364,22.7273,27.2727,28,42,7.1071,-0.4671
2019,R Parag,4.0,0.0,0.0,0.0,100.0,83.0,90.0,108.4337,14.4578,39.759,39.0,70.0,179.4872,25.641,25.641,126,160,5.6349,-10.0078
2019,R Tewatia,0.0,0.0,0.0,0.0,0.0,7.0,5.0,71.4286,14.2857,57.1429,15.0,21.0,140.0,13.3333,20.0,22,26,6.9545,-6.555
2019,RA Jadeja,0.0,0.0,0.0,0.0,0.0,13.0,9.0,69.2308,0.0,38.4615,75.0,97.0,129.3333,14.6667,34.6667,88,106,6.4091,-29.549
2019,RA Tripathi,29.0,38.0,131.0345,17.2414,34.4828,59.0,73.0,123.7288,11.8644,23.7288,30.0,30.0,100.0,10.0,43.3333,118,141,3.0085,-17.2964
2019,RD Chahar,0.0,0.0,0.0,0.0,0.0,0.0,0.0,0.0,0.0,0.0,11.0,12.0,109.0909,18.1818,54.5455,11,12,8.1818,-5.5209
2019,RG Sharma,209.0,271.0,129.6651,21.0526,43.0622,97.0,114.0,117.5258,14.433,35.0515,9.0,20.0,222.2222,44.4444,33.3333,315,405,1.4698,0.3861
2019,RK Bhui,0.0,0.0,0.0,0.0,0.0,11.0,7.0,63.6364,0.0,54.5455,1.0,0.0,0.0,0.0,100.0,12,7,4.0,-8.2058
2019,RK Singh,0.0,0.0,0.0,0.0,0.0,22.0,22.0,100.0,9.0909,40.9091,12.0,15.0,125.0,8.3333,25.0,34,37,6.3529,-9.3397
2019,RR Pant,13.0,5.0,38.4615,7.6923,84.6154,196.0,268.0,136.7347,15.8163,26.0204,91.0,215.0,236.2637,35.1648,19.7802,300,488,4.1933,83.6866
2019,RV Uthappa,68.0,86.0,126.4706,22.0588,47.0588,148.0,162.0,109.4595,12.8378,41.8919,29.0,34.0,117.2414,13.7931,31.0345,245,282,2.9633,-35.2719
2019,Rashid Khan,0.0,0.0,0.0,0.0,0.0,0.0,0.0,0.0,0.0,0.0,23.0,34.0,147.8261,17.3913,34.7826,23,34,7.1304,-2.6347
2019,Rasikh Salam,0.0,0.0,0.0,0.0,0.0,0.0,0.0,0.0,0.0,0.0,4.0,5.0,125.0,0.0,25.0,4,5,10.0,-1.3712
2019,S Dhawan,235.0,338.0,143.8298,23.4043,37.8723,133.0,165.0,124.0602,14.2857,25.5639,16.0,18.0,112.5,6.25,18.75,384,521,2.099,27.0669
2019,S Dube,0.0,0.0,0.0,0.0,0.0,28.0,31.0,110.7143,10.7143,39.2857,5.0,9.0,180.0,20.0,20.0,33,40,5.1818,-2.6153
2019,S Gopal,4.0,0.0,0.0,0.0,100.0,22.0,30.0,136.3636,18.1818,22.7273,20.0,33.0,165.0,25.0,30.0,46,63,6.8913,-1.2542
2019,S Kaul,0.0,0.0,0.0,0.0,0.0,0.0,0.0,0.0,0.0,0.0,1.0,0.0,0.0,0.0,100.0,1,0,11.0,-1.5928
2019,S Lamichhane,0.0,0.0,0.0,0.0,0.0,0.0,0.0,0.0,0.0,0.0,1.0,0.0,0.0,0.0,100.0,1,0,11.0,-1.5928
2019,SA Yadav,76.0,103.0,135.5263,25.0,43.4211,218.0,279.0,127.9817,14.2202,26.1468,30.0,42.0,140.0,16.6667,36.6667,324,424,2.9599,8.1633
2019,SD Lad,13.0,15.0,115.3846,15.3846,61.5385,0.0,0.0,0.0,0.0,0.0,0.0,0.0,0.0,0.0,0.0,13,15,2.0,-1.809
2019,SE Rutherford,0.0,0.0,0.0,0.0,0.0,19.0,10.0,52.6316,0.0,52.6316,35.0,63.0,180.0,25.7143,37.1429,54,73,6.463,-6.2618
2019,SK Raina,107.0,134.0,125.2336,23.3645,50.4673,191.0,234.0,122.5131,14.6597,29.3194,16.0,15.0,93.75,6.25,31.25,314,383,2.9873,-17.2067
2019,SM Curran,10.0,20.0,200.0,40.0,50.0,11.0,4.0,36.3636,0.0,63.6364,34.0,71.0,208.8235,35.2941,26.4706,55,95,5.3636,14.3014
2019,SN Khan,28.0,36.0,128.5714,17.8571,35.7143,90.0,108.0,120.0,15.5556,33.3333,25.0,36.0,144.0,16.0,24.0,143,180,4.0,-7.4032
2019,SN Thakur,0.0,0.0,0.0,0.0,0.0,0.0,0.0,0.0,0.0,0.0,7.0,14.0,200.0,28.5714,28.5714,7,14,8.7143,2.8503
2019,SO Hetmyer,26.0,30.0,115.3846,15.3846,46.1538,38.0,48.0,126.3158,15.7895,42.1053,9.0,12.0,133.3333,11.1111,33.3333,73,90,3.863,-4.9799
2019,SP Narine,69.0,119.0,172.4638,31.8841,44.9275,17.0,24.0,141.1765,23.5294,58.8235,0.0,0.0,0.0,0.0,0.0,86,143,2.2791,32.7448
2019,SPD Smith,43.0,48.0,111.6279,13.9535,39.5349,168.0,195.0,116.0714,11.9048,27.9762,64.0,76.0,118.75,12.5,34.375,275,319,3.1382,-46.4462
2019,SR Watson,197.0,189.0,95.9391,15.736,57.868,91.0,151.0,165.9341,24.1758,31.8681,24.0,58.0,241.6667,37.5,16.6667,312,398,1.4519,-7.5648
2019,SS Iyer,121.0,163.0,134.7107,19.8347,38.843,232.0,269.0,115.9483,12.5,30.6034,33.0,31.0,93.9394,6.0606,36.3636,386,463,3.0518,-33.1258
2019,STR Binny,0.0,0.0,0.0,0.0,0.0,12.0,11.0,91.6667,8.3333,66.6667,28.0,59.0,210.7143,28.5714,21.4286,40,70,6.075,10.5507
2019,SV Samson,77.0,107.0,138.961,20.7792,38.961,115.0,152.0,132.1739,11.3043,25.2174,38.0,83.0,218.4211,31.5789,5.2632,230,342,2.6957,39.5947
2019,SW Billings,0.0,0.0,0.0,0.0,0.0,4.0,0.0,0.0,0.0,100.0,0.0,0.0,0.0,0.0,0.0,4,0,6.0,-4.9502
2019,Sandeep Sharma,0.0,0.0,0.0,0.0,0.0,0.0,0.0,0.0,0.0,0.0,3.0,6.0,200.0,33.3333,0.0,3,6,10.0,1.2216
2019,Shakib Al Hasan,0.0,0.0,0.0,0.0,0.0,0.0,0.0,0.0,0.0,0.0,10.0,9.0,90.0,0.0,20.0,10,9,5.0,-6.9281
2019,Shubman Gill,92.0,100.0,108.6957,14.1304,41.3043,104.0,149.0,143.2692,14.4231,22.1154,42.0,47.0,111.9048,7.1429,30.9524,238,296,2.8445,-18.5586
2019,TA Boult,0.0,0.0,0.0,0.0,0.0,0.0,0.0,0.0,0.0,0.0,4.0,7.0,175.0,25.0,50.0,4,7,10.25,0.6288
2019,TG Southee,0.0,0.0,0.0,0.0,0.0,0.0,0.0,0.0,0.0,0.0,9.0,9.0,100.0,0.0,22.2222,9,9,7.0,-5.3353
2019,UT Yadav,0.0,0.0,0.0,0.0,0.0,3.0,0.0,0.0,0.0,100.0,22.0,25.0,113.6364,18.1818,50.0,25,25,9.16,-13.7545
2019,V Kohli,172.0,239.0,138.9535,21.5116,34.8837,123.0,148.0,120.3252,8.9431,18.6992,33.0,77.0,233.3333,33.3333,18.1818,328,464,1.9939,36.8235
2019,V Shankar,20.0,14.0,70.0,10.0,60.0,120.0,144.0,120.0,9.1667,30.0,53.0,86.0,162.2642,18.8679,20.7547,193,244,3.8705,-14.7842
2019,VR Aaron,0.0,0.0,0.0,0.0,0.0,0.0,0.0,0.0,0.0,0.0,7.0,3.0,42.8571,0.0,57.1429,7,3,10.0,-8.1497
2019,WP Saha,47.0,81.0,172.3404,29.7872,23.4043,1.0,0.0,0.0,0.0,100.0,5.0,5.0,100.0,0.0,20.0,53,86,1.8113,16.0274
2019,Washington Sundar,0.0,0.0,0.0,0.0,0.0,0.0,0.0,0.0,0.0,0.0,3.0,1.0,33.3333,0.0,66.6667,3,1,7.6667,-3.7784
2019,Y Prithvi Raj,0.0,0.0,0.0,0.0,0.0,0.0,0.0,0.0,0.0,0.0,1.0,0.0,0.0,0.0,100.0,1,0,9.0,-1.5928
2019,YK Pathan,0.0,0.0,0.0,0.0,0.0,7.0,2.0,28.5714,0.0,71.4286,38.0,38.0,100.0,5.2632,31.5789,45,40,5.7333,-29.1897
2019,YS Chahal,0.0,0.0,0.0,0.0,0.0,12.0,4.0,33.3333,0.0,83.3333,4.0,2.0,50.0,0.0,50.0,16,6,9.4375,-15.2218
2019,Yuvraj Singh,0.0,0.0,0.0,0.0,0.0,65.0,78.0,120.0,15.3846,40.0,10.0,20.0,200.0,30.0,30.0,75,98,4.4667,1.6316
2020,A Nortje,0.0,0.0,0.0,0.0,0.0,0.0,0.0,0.0,0.0,0.0,6.0,7.0,116.6667,0.0,50.0,6,7,10.0,-2.6916
2020,AB de Villiers,32.0,37.0,115.625,18.75,50.0,138.0,159.0,115.2174,10.1449,28.2609,116.0,258.0,222.4138,31.0345,17.2414,286,454,3.993,57.5494
2020,AD Russell,0.0,0.0,0.0,0.0,0.0,72.0,100.0,138.8889,20.8333,41.6667,9.0,17.0,188.8889,33.3333,55.5556,81,117,5.2099,13.6682
2020,AJ Finch,171.0,189.0,110.5263,15.7895,45.614,70.0,79.0,112.8571,12.8571,37.1429,0.0,0.0,0.0,0.0,0.0,241,268,1.8963,-26.1484
2020,AJ Tye,0.0,0.0,0.0,0.0,0.0,6.0,6.0,100.0,16.6667,83.3333,0.0,0.0,0.0,0.0,0.0,6,6,7.0,-1.3995
2020,AM Rahane,73.0,70.0,95.8904,15.0685,50.6849,25.0,33.0,132.0,12.0,20.0,9.0,10.0,111.1111,0.0,11.1111,107,113,2.243,-21.0875
2020,AR Patel,0.0,0.0,0.0,0.0,0.0,34.0,43.0,126.4706,14.7059,35.2941,51.0,74.0,145.098,17.6471,31.3725,85,117,6.9882,-7.3093
2020,AS Rajpoot,0.0,0.0,0.0,0.0,0.0,0.0,0.0,0.0,0.0,0.0,10.0,9.0,90.0,10.0,60.0,10,9,10.5,-7.1527
2020,AT Carey,0.0,0.0,0.0,0.0,0.0,0.0,0.0,0.0,0.0,0.0,29.0,32.0,110.3448,3.4483,20.6897,29,32,6.0,-14.8427
2020,AT Rayudu,51.0,58.0,113.7255,19.6078,52.9412,197.0,250.0,126.9036,13.7056,27.9188,34.0,51.0,150.0,14.7059,17.6471,282,359,3.4362,-0.852
2020,Abdul Samad,0.0,0.0,0.0,0.0,0.0,12.0,25.0,208.3333,33.3333,8.3333,53.0,86.0,162.2642,18.8679,30.1887,65,111,5.9846,10.5918
2020,Abhishek Sharma,0.0,0.0,0.0,0.0,0.0,26.0,35.0,134.6154,19.2308,42.3077,30.0,36.0,120.0,13.3333,26.6667,56,71,6.0179,-9.5227
2020,Arshdeep Singh,0.0,0.0,0.0,0.0,0.0,0.0,0.0,0.0,0.0,0.0,3.0,0.0,0.0,0.0,100.0,3,0,11.0,-4.8458
2020,B Kumar,0.0,0.0,0.0,0.0,0.0,0.0,0.0,0.0,0.0,0.0,2.0,0.0,0.0,0.0,100.0,2,0,8.0,-3.2305
2020,BA Stokes,124.0,177.0,142.7419,24.1935,44.3548,60.0,72.0,120.0,13.3333,28.3333,16.0,36.0,225.0,31.25,12.5,200,285,2.04,34.4602
2020,CH Gayle,45.0,72.0,160.0,28.8889,51.1111,122.0,145.0,118.8525,12.2951,39.3443,43.0,71.0,165.1163,23.2558,30.2326,210,288,3.0,13.3967
2020,CH Morris,0.0,0.0,0.0,0.0,0.0,0.0,0.0,0.0,0.0,0.0,21.0,34.0,161.9048,23.8095,42.8571,21,34,6.9524,0.0794
2020,CJ Jordan,0.0,0.0,0.0,0.0,0.0,4.0,0.0,0.0,0.0,100.0,27.0,29.0,107.4074,7.4074,33.3333,31,29,7.3548,-19.5452
2020,CV Varun,0.0,0.0,0.0,0.0,0.0,0.0,0.0,0.0,0.0,0.0,15.0,10.0,66.6667,0.0,33.3333,15,10,10.0667,-14.229
2020,D Padikkal,210.0,271.0,129.0476,19.0476,37.619,158.0,191.0,120.8861,10.7595,25.9494,11.0,11.0,100.0,18.1818,45.4545,379,473,1.3562,5.1595
2020,DA Warner,216.0,273.0,126.3889,18.0556,41.6667,166.0,233.0,140.3614,12.6506,20.4819,25.0,42.0,168.0,24.0,24.0,407,548,1.2506,40.3878
2020,DJ Bravo,0.0,0.0,0.0,0.0,0.0,0.0,0.0,0.0,0.0,0.0,6.0,7.0,116.6667,0.0,33.3333,6,7,7.8333,-2.6916
2020,DJ Hooda,0.0,0.0,0.0,0.0,0.0,25.0,21.0,84.0,4.0,40.0,46.0,80.0,173.913,19.5652,17.3913,71,101,6.0,-4.1337
2020,DL Chahar,0.0,0.0,0.0,0.0,0.0,5.0,0.0,0.0,0.0,80.0,7.0,7.0,100.0,0.0,28.5714,12,7,8.4167,-10.4731
2020,DR Sams,0.0,0.0,0.0,0.0,0.0,0.0,0.0,0.0,0.0,0.0,2.0,0.0,0.0,0.0,100.0,2,0,8.0,-3.2305
2020,DS Kulkarni,0.0,0.0,0.0,0.0,0.0,0.0,0.0,0.0,0.0,0.0,2.0,3.0,150.0,0.0,0.0,2,3,10.0,-0.2305
2020,DW Steyn,0.0,0.0,0.0,0.0,0.0,0.0,0.0,0.0,0.0,0.0,2.0,1.0,50.0,0.0,50.0,2,1,10.0,-2.2305
2020,EJG Morgan,30.0,26.0,86.6667,16.6667,66.6667,174.0,193.0,110.9195,13.2184,40.2299,98.0,199.0,203.0612,28.5714,19.3878,302,418,5.3179,8.6576
2020,F du Plessis,139.0,189.0,135.9712,20.1439,42.446,140.0,170.0,121.4286,10.7143,21.4286,40.0,90.0,225.0,32.5,15.0,319,449,2.326,42.8034
2020,GJ Maxwell,2.0,2.0,100.0,0.0,0.0,72.0,59.0,81.9444,2.7778,36.1111,32.0,47.0,146.875,21.875,31.25,106,108,4.717,-34.9136
2020,Gurkeerat Singh,0.0,0.0,0.0,0.0,0.0,40.0,29.0,72.5,10.0,60.0,40.0,42.0,105.0,10.0,32.5,80,71,4.5375,-42.9409
2020,HH Pandya,0.0,0.0,0.0,0.0,0.0,46.0,62.0,134.7826,15.2174,39.1304,111.0,219.0,197.2973,28.8288,27.027,157,281,5.586,44.9756
2020,HV Patel,0.0,0.0,0.0,0.0,0.0,14.0,10.0,71.4286,7.1429,64.2857,10.0,11.0,110.0,10.0,30.0,24,21,7.0,-12.4183
2020,I Udana,0.0,0.0,0.0,0.0,0.0,0.0,0.0,0.0,0.0,0.0,11.0,15.0,136.3636,18.1818,36.3636,11,15,7.3636,-2.7679
2020,Imran Tahir,0.0,0.0,0.0,0.0,0.0,0.0,0.0,0.0,0.0,0.0,10.0,13.0,130.0,20.0,30.0,10,13,10.0,-3.1527
2020,Ishan Kishan,114.0,136.0,119.2982,20.1754,48.2456,194.0,273.0,140.7216,13.9175,24.7423,46.0,107.0,232.6087,34.7826,15.2174,354,516,2.9802,63.8991
2020,JC Archer,0.0,0.0,0.0,0.0,0.0,10.0,13.0,130.0,20.0,40.0,53.0,100.0,188.6792,24.5283,28.3019,63,113,8.0635,15.0583
2020,JC Buttler,90.0,123.0,136.6667,21.1111,38.8889,119.0,174.0,146.2185,16.8067,32.7731,18.0,31.0,172.2222,22.2222,38.8889,227,328,3.533,42.7886
2020,JD Unadkat,0.0,0.0,0.0,0.0,0.0,1.0,1.0,100.0,0.0,0.0,12.0,8.0,66.6667,0.0,41.6667,13,9,10.0,-11.6165
2020,JDS Neesham,0.0,0.0,0.0,0.0,0.0,5.0,6.0,120.0,0.0,20.0,13.0,13.0,100.0,7.6923,38.4615,18,19,6.6111,-8.1647
2020,JJ Bumrah,0.0,0.0,0.0,0.0,0.0,0.0,0.0,0.0,0.0,0.0,3.0,5.0,166.6667,0.0,0.0,3,5,11.0,0.1542
2020,JL Pattinson,0.0,0.0,0.0,0.0,0.0,0.0,0.0,0.0,0.0,0.0,13.0,15.0,115.3846,15.3846,30.7692,13,15,8.3846,-5.9985
2020,JM Bairstow,145.0,171.0,117.931,17.931,48.9655,114.0,167.0,146.4912,15.7895,27.193,13.0,7.0,53.8462,0.0,61.5385,272,345,1.9228,7.1883
2020,JO Holder,4.0,4.0,100.0,25.0,75.0,28.0,38.0,135.7143,14.2857,35.7143,21.0,24.0,114.2857,14.2857,28.5714,53,66,5.717,-7.3131
2020,JR Philippe,55.0,51.0,92.7273,12.7273,50.9091,20.0,26.0,130.0,15.0,25.0,2.0,1.0,50.0,0.0,50.0,77,78,1.2078,-16.7385
2020,K Gowtham,0.0,0.0,0.0,0.0,0.0,13.0,20.0,153.8462,15.3846,23.0769,14.0,22.0,157.1429,21.4286,35.7143,27,42,7.4815,3.3539
2020,K Rabada,0.0,0.0,0.0,0.0,0.0,5.0,3.0,60.0,0.0,40.0,44.0,53.0,120.4545,13.6364,40.9091,49,56,8.6531,-21.238
2020,KA Pollard,0.0,0.0,0.0,0.0,0.0,35.0,35.0,100.0,8.5714,40.0,105.0,233.0,221.9048,32.381,21.9048,140,268,6.0571,55.233
2020,KD Karthik,23.0,12.0,52.1739,8.6957,65.2174,56.0,51.0,91.0714,8.9286,42.8571,55.0,106.0,192.7273,30.9091,20.0,134,169,4.8657,-16.8545
2020,KH Pandya,1.0,1.0,100.0,0.0,0.0,67.0,63.0,94.0299,10.4478,41.791,24.0,45.0,187.5,29.1667,20.8333,92,109,5.587,-13.6099
2020,KK Ahmed,0.0,0.0,0.0,0.0,0.0,0.0,0.0,0.0,0.0,0.0,2.0,0.0,0.0,0.0,100.0,2,0,10.0,-3.2305
2020,KK Nair,6.0,1.0,16.6667,0.0,83.3333,0.0,0.0,0.0,0.0,0.0,8.0,15.0,187.5,25.0,0.0,14,16,4.1429,-4.2141
2020,KL Nagarkoti,0.0,0.0,0.0,0.0,0.0,13.0,6.0,46.1538,0.0,61.5385,18.0,16.0,88.8889,5.5556,33.3333,31,22,8.0,-23.1071
2020,KL Rahul,244.0,304.0,124.5902,17.2131,40.5738,214.0,257.0,120.0935,11.6822,26.1682,60.0,109.0,181.6667,23.3333,23.3333,518,670,1.0,12.6281
2020,KM Jadhav,2.0,1.0,50.0,0.0,50.0,43.0,49.0,113.9535,13.9535,32.5581,21.0,12.0,57.1429,4.7619,57.1429,66,62,5.4848,-27.3813
2020,KS Williamson,33.0,43.0,130.303,21.2121,39.3939,131.0,147.0,112.2137,9.9237,31.2977,73.0,127.0,173.9726,21.9178,13.6986,237,317,3.8819,-2.5767
2020,Kartik Tyagi,0.0,0.0,0.0,0.0,0.0,0.0,0.0,0.0,0.0,0.0,6.0,4.0,66.6667,0.0,33.3333,6,4,10.0,-5.6916
2020,Kuldeep Yadav,0.0,0.0,0.0,0.0,0.0,7.0,3.0,42.8571,0.0,57.1429,14.0,10.0,71.4286,7.1429,50.0,21,13,8.1905,-18.2465
2020,LH Ferguson,0.0,0.0,0.0,0.0,0.0,0.0,0.0,0.0,0.0,0.0,29.0,43.0,148.2759,17.2414,20.6897,29,43,9.0,-3.8427
2020,M Ashwin,0.0,0.0,0.0,0.0,0.0,0.0,0.0,0.0,0.0,0.0,4.0,4.0,100.0,0.0,25.0,4,4,8.0,-2.4611
2020,M Prasidh Krishna,0.0,0.0,0.0,0.0,0.0,0.0,0.0,0.0,0.0,0.0,4.0,2.0,50.0,0.0,50.0,4,2,11.0,-4.4611
2020,M Vijay,39.0,30.0,76.9231,10.2564,53.8462,4.0,2.0,50.0,0.0,50.0,0.0,0.0,0.0,0.0,0.0,43,32,1.0,-20.3307
2020,MA Agarwal,153.0,207.0,135.2941,19.6078,35.2941,90.0,157.0,174.4444,22.2222,17.7778,28.0,60.0,214.2857,32.1429,21.4286,271,424,2.0,81.8349
2020,MK Lomror,14.0,11.0,78.5714,7.1429,50.0,34.0,38.0,111.7647,8.8235,26.4706,6.0,10.0,166.6667,16.6667,16.6667,54,59,5.0,-9.6368
2020,MK Pandey,116.0,181.0,156.0345,26.7241,42.2414,164.0,165.0,100.6098,7.3171,33.5366,53.0,79.0,149.0566,18.8679,35.8491,333,425,2.9009,-3.8407
2020,MM Ali,0.0,0.0,0.0,0.0,0.0,14.0,11.0,78.5714,7.1429,35.7143,2.0,1.0,50.0,0.0,50.0,16,12,5.0,-8.4961
2020,MP Stoinis,45.0,56.0,124.4444,22.2222,48.8889,113.0,164.0,145.1327,15.9292,24.7788,79.0,132.0,167.0886,24.0506,20.2532,237,352,4.7384,30.3464
2020,MR Marsh,0.0,0.0,0.0,0.0,0.0,0.0,0.0,0.0,0.0,0.0,1.0,0.0,0.0,0.0,100.0,1,0,10.0,-1.6153
2020,MS Dhoni,12.0,10.0,83.3333,16.6667,66.6667,70.0,62.0,88.5714,7.1429,44.2857,90.0,128.0,142.2222,17.7778,32.2222,172,200,5.0756,-46.2858
2020,Mandeep Singh,35.0,34.0,97.1429,8.5714,54.2857,59.0,73.0,123.7288,11.8644,27.1186,15.0,23.0,153.3333,26.6667,40.0,109,130,2.8165,-9.5275
2020,Mohammad Nabi,0.0,0.0,0.0,0.0,0.0,0.0,0.0,0.0,0.0,0.0,8.0,11.0,137.5,25.0,25.0,8,11,5.0,-1.9221
2020,Mohammed Shami,0.0,0.0,0.0,0.0,0.0,1.0,0.0,0.0,0.0,100.0,2.0,2.0,100.0,0.0,0.0,3,2,9.6667,-2.4638
2020,Mohammed Siraj,0.0,0.0,0.0,0.0,0.0,0.0,0.0,0.0,0.0,0.0,14.0,17.0,121.4286,14.2857,28.5714,14,17,9.2857,-5.6137
2020,Mujeeb Ur Rahman,0.0,0.0,0.0,0.0,0.0,3.0,1.0,33.3333,0.0,66.6667,0.0,0.0,0.0,0.0,0.0,3,1,7.0,-2.6998
2020,N Jagadeesan,3.0,1.0,33.3333,0.0,66.6667,26.0,32.0,123.0769,15.3846,30.7692,0.0,0.0,0.0,0.0,0.0,29,33,4.0,-2.7106
2020,N Pooran,14.0,18.0,128.5714,21.4286,57.1429,136.0,220.0,161.7647,22.0588,30.8824,58.0,115.0,198.2759,25.8621,27.5862,208,353,4.0,74.5772
2020,N Rana,102.0,120.0,117.6471,21.5686,53.9216,126.0,178.0,141.2698,18.254,27.7778,26.0,54.0,207.6923,38.4615,34.6154,254,352,2.6142,30.6497
2020,NM Coulter-Nile,0.0,0.0,0.0,0.0,0.0,0.0,0.0,0.0,0.0,0.0,15.0,25.0,166.6667,26.6667,33.3333,15,25,8.0,0.771
2020,NS Naik,0.0,0.0,0.0,0.0,0.0,0.0,0.0,0.0,0.0,0.0,3.0,1.0,33.3333,0.0,66.6667,3,1,7.0,-3.8458
2020,Navdeep Saini,0.0,0.0,0.0,0.0,0.0,2.0,1.0,50.0,0.0,50.0,25.0,26.0,104.0,12.0,40.0,27,27,8.7037,-15.8482
2020,P Dubey,0.0,0.0,0.0,0.0,0.0,0.0,0.0,0.0,0.0,0.0,13.0,7.0,53.8462,0.0,46.1538,13,7,9.0,-13.9985
2020,P Simran Singh,8.0,11.0,137.5,25.0,37.5,0.0,0.0,0.0,0.0,0.0,7.0,4.0,57.1429,0.0,57.1429,15,15,3.4667,-6.0295
2020,PJ Cummins,0.0,0.0,0.0,0.0,0.0,48.0,40.0,83.3333,8.3333,54.1667,66.0,106.0,160.6061,19.697,31.8182,114,146,7.3421,-19.8039
2020,PK Garg,12.0,17.0,141.6667,16.6667,41.6667,62.0,52.0,83.871,3.2258,38.7097,37.0,64.0,172.973,24.3243,24.3243,111,133,4.4234,-17.8106
2020,PP Shaw,125.0,156.0,124.8,20.0,44.8,42.0,72.0,171.4286,23.8095,26.1905,0.0,0.0,0.0,0.0,0.0,167,228,1.0,24.2877
2020,Q de Kock,222.0,309.0,139.1892,20.2703,40.5405,129.0,188.0,145.7364,17.8295,30.2326,7.0,6.0,85.7143,0.0,14.2857,358,503,1.8184,62.8011
2020,R Ashwin,0.0,0.0,0.0,0.0,0.0,1.0,0.0,0.0,0.0,100.0,33.0,37.0,112.1212,12.1212,42.4242,34,37,8.7353,-17.5371
2020,R Parag,7.0,0.0,0.0,0.0,100.0,37.0,27.0,72.973,2.7027,35.1351,33.0,59.0,178.7879,24.2424,27.2727,77,86,5.8571,-21.4415
2020,R Tewatia,4.0,2.0,50.0,0.0,50.0,83.0,83.0,100.0,8.4337,38.5542,96.0,170.0,177.0833,23.9583,28.125,183,255,6.1311,-7.2871
2020,RA Jadeja,6.0,7.0,116.6667,16.6667,50.0,40.0,41.0,102.5,10.0,42.5,89.0,184.0,206.7416,31.4607,15.7303,135,232,6.163,31.6191
2020,RA Tripathi,90.0,106.0,117.7778,18.8889,47.7778,62.0,73.0,117.7419,9.6774,29.0323,29.0,51.0,175.8621,27.5862,34.4828,181,230,3.0829,-2.6838
2020,RD Chahar,0.0,0.0,0.0,0.0,0.0,0.0,0.0,0.0,0.0,0.0,4.0,2.0,50.0,0.0,50.0,4,2,9.0,-4.4611
2020,RD Gaikwad,66.0,66.0,100.0,12.1212,53.0303,73.0,94.0,128.7671,10.9589,19.1781,30.0,44.0,146.6667,20.0,23.3333,169,204,1.5148,-14.6971
2020,RG Sharma,139.0,161.0,115.8273,17.2662,51.7986,104.0,139.0,133.6538,16.3462,32.6923,17.0,32.0,188.2353,29.4118,29.4118,260,332,1.6462,7.3518
2020,RK Singh,0.0,0.0,0.0,0.0,0.0,11.0,11.0,100.0,9.0909,27.2727,0.0,0.0,0.0,0.0,0.0,11,11,4.0,-2.5658
2020,RR Pant,41.0,23.0,56.0976,4.878,60.9756,206.0,223.0,108.2524,10.6796,33.0097,54.0,97.0,179.6296,31.4815,24.0741,301,343,4.3488,-48.1034
2020,RV Uthappa,80.0,100.0,125.0,18.75,47.5,74.0,83.0,112.1622,12.1622,32.4324,10.0,13.0,130.0,20.0,30.0,164,196,2.7805,-8.6396
2020,Rashid Khan,0.0,0.0,0.0,0.0,0.0,0.0,0.0,0.0,0.0,0.0,30.0,35.0,116.6667,16.6667,46.6667,30,35,7.3333,-13.458
2020,Ravi Bishnoi,0.0,0.0,0.0,0.0,0.0,1.0,0.0,0.0,0.0,100.0,11.0,7.0,63.6364,9.0909,63.6364,12,7,8.4167,-12.0012
2020,S Dhawan,184.0,256.0,139.1304,22.2826,39.6739,187.0,275.0,147.0588,15.508,15.508,56.0,87.0,155.3571,17.8571,17.8571,427,618,2.4614,73.3065
2020,S Dube,0.0,0.0,0.0,0.0,0.0,46.0,49.0,106.5217,8.6957,41.3043,59.0,80.0,135.5932,16.9492,38.9831,105,129,5.819,-23.0305
2020,S Gopal,0.0,0.0,0.0,0.0,0.0,19.0,12.0,63.1579,0.0,42.1053,20.0,25.0,125.0,15.0,25.0,39,37,8.2308,-18.7372
2020,S Nadeem,0.0,0.0,0.0,0.0,0.0,0.0,0.0,0.0,0.0,0.0,8.0,7.0,87.5,12.5,50.0,8,7,8.375,-5.9221
2020,SA Yadav,96.0,149.0,155.2083,29.1667,42.7083,205.0,265.0,129.2683,15.6098,28.2927,30.0,66.0,220.0,40.0,23.3333,331,480,2.9245,62.0534
2020,SM Curran,42.0,48.0,114.2857,16.6667,54.7619,47.0,53.0,112.766,10.6383,42.5532,52.0,85.0,163.4615,23.0769,30.7692,141,186,4.3972,-7.0005
2020,SN Khan,0.0,0.0,0.0,0.0,0.0,12.0,12.0,100.0,16.6667,50.0,17.0,21.0,123.5294,17.6471,29.4118,29,33,5.9655,-9.2586
2020,SN Thakur,0.0,0.0,0.0,0.0,0.0,20.0,11.0,55.0,0.0,50.0,1.0,1.0,100.0,0.0,0.0,21,12,9.0476,-14.2804
2020,SO Hetmyer,25.0,23.0,92.0,16.0,56.0,47.0,70.0,148.9362,14.8936,25.5319,53.0,92.0,173.5849,22.6415,28.3019,125,185,4.992,11.0447
2020,SP Goswami,3.0,0.0,0.0,0.0,100.0,0.0,0.0,0.0,0.0,0.0,1.0,0.0,0.0,0.0,100.0,4,0,3.5,-5.2612
2020,SP Narine,31.0,27.0,87.0968,12.9032,58.0645,48.0,87.0,181.25,27.0833,31.25,6.0,7.0,116.6667,16.6667,50.0,85,121,3.6588,14.4371
2020,SPD Smith,91.0,110.0,120.8791,19.7802,51.6484,102.0,128.0,125.4902,11.7647,25.4902,44.0,73.0,165.9091,25.0,18.1818,237,311,3.1055,3.5416
2020,SR Watson,145.0,151.0,104.1379,17.931,57.931,94.0,140.0,148.9362,20.2128,27.6596,8.0,8.0,100.0,12.5,37.5,247,299,1.753,-6.0702
2020,SS Cottrell,0.0,0.0,0.0,0.0,0.0,0.0,0.0,0.0,0.0,0.0,2.0,0.0,0.0,0.0,100.0,2,0,10.0,-3.2305
2020,SS Iyer,124.0,134.0,108.0645,17.7419,51.6129,248.0,299.0,120.5645,9.2742,24.1935,49.0,86.0,175.5102,22.449,20.4082,421,519,3.4489,-16.6958
2020,SS Tiwary,4.0,3.0,75.0,0.0,50.0,66.0,82.0,124.2424,12.1212,28.7879,10.0,18.0,180.0,30.0,30.0,80,103,4.075,0.5911
2020,SV Samson,66.0,80.0,121.2121,18.1818,53.0303,159.0,271.0,170.4403,20.1258,21.3836,11.0,24.0,218.1818,27.2727,27.2727,236,375,3.4831,80.933
2020,Sandeep Sharma,0.0,0.0,0.0,0.0,0.0,0.0,0.0,0.0,0.0,0.0,15.0,12.0,80.0,6.6667,46.6667,15,12,9.2667,-12.229
2020,Shahbaz Ahmed,0.0,0.0,0.0,0.0,0.0,0.0,0.0,0.0,0.0,0.0,1.0,1.0,100.0,0.0,0.0,1,1,9.0,-0.6153
2020,Shivam Mavi,0.0,0.0,0.0,0.0,0.0,0.0,0.0,0.0,0.0,0.0,14.0,10.0,71.4286,7.1429,50.0,14,10,9.2857,-12.6137
2020,Shubman Gill,209.0,258.0,123.445,18.6603,41.1483,142.0,159.0,111.9718,8.4507,28.169,22.0,23.0,104.5455,9.0909,36.3636,373,440,1.2869,-24.661
2020,T Banton,20.0,18.0,90.0,10.0,55.0,0.0,0.0,0.0,0.0,0.0,0.0,0.0,0.0,0.0,0.0,20,18,2.2,-6.3065
2020,T Natarajan,0.0,0.0,0.0,0.0,0.0,0.0,0.0,0.0,0.0,0.0,5.0,3.0,60.0,0.0,40.0,5,3,10.8,-5.0763
2020,TA Boult,0.0,0.0,0.0,0.0,0.0,0.0,0.0,0.0,0.0,0.0,1.0,0.0,0.0,0.0,100.0,1,0,10.0,-1.6153
2020,TK Curran,0.0,0.0,0.0,0.0,0.0,39.0,38.0,97.4359,5.1282,30.7692,23.0,45.0,195.6522,26.087,17.3913,62,83,6.7581,-2.2481
2020,TU Deshpande,0.0,0.0,0.0,0.0,0.0,0.0,0.0,0.0,0.0,0.0,12.0,21.0,175.0,25.0,25.0,12,21,9.25,1.6168
2020,UT Yadav,0.0,0.0,0.0,0.0,0.0,2.0,0.0,0.0,0.0,100.0,0.0,0.0,0.0,0.0,0.0,2,0,8.0,-2.4665
2020,V Kohli,74.0,81.0,109.4595,12.1622,36.4865,248.0,273.0,110.0806,6.0484,27.0161,62.0,112.0,180.6452,16.129,6.4516,384,466,3.0547,-29.928
2020,V Shankar,6.0,2.0,33.3333,0.0,66.6667,60.0,56.0,93.3333,8.3333,38.3333,30.0,39.0,130.0,20.0,36.6667,96,97,4.6458,-32.7453
2020,VR Aaron,0.0,0.0,0.0,0.0,0.0,0.0,0.0,0.0,0.0,0.0,10.0,1.0,10.0,0.0,90.0,10,1,11.0,-15.1527
2020,WP Saha,42.0,71.0,169.0476,28.5714,35.7143,97.0,126.0,129.8969,15.4639,26.8041,14.0,17.0,121.4286,14.2857,35.7143,153,214,2.4052,20.7168
2020,Washington Sundar,0.0,0.0,0.0,0.0,0.0,65.0,68.0,104.6154,9.2308,32.3077,30.0,43.0,143.3333,20.0,26.6667,95,111,5.8526,-17.6196
2020,YBK Jaiswal,28.0,18.0,64.2857,7.1429,64.2857,16.0,22.0,137.5,12.5,12.5,0.0,0.0,0.0,0.0,0.0,44,40,1.0,-13.7612
2020,YS Chahal,0.0,0.0,0.0,0.0,0.0,0.0,0.0,0.0,0.0,0.0,3.0,1.0,33.3333,0.0,66.6667,3,1,11.0,-3.8458
2021,AB de Villiers,13.0,6.0,46.1538,0.0,53.8462,105.0,101.0,96.1905,7.619,40.0,93.0,206.0,221.5054,33.3333,18.2796,211,313,4.8341,34.413
2021,AD Russell,4.0,14.0,350.0,75.0,25.0,54.0,76.0,140.7407,20.3704,40.7407,62.0,93.0,150.0,22.5806,41.9355,120,183,6.2083,22.2817
2021,AF Milne,0.0,0.0,0.0,0.0,0.0,1.0,1.0,100.0,0.0,0.0,16.0,15.0,93.75,6.25,43.75,17,16,8.1765,-8.607
2021,AK Markram,4.0,1.0,25.0,0.0,75.0,91.0,108.0,118.6813,12.0879,25.2747,24.0,37.0,154.1667,20.8333,33.3333,119,146,3.8992,-3.7853
2021,AM Rahane,8.0,8.0,100.0,12.5,50.0,0.0,0.0,0.0,0.0,0.0,0.0,0.0,0.0,0.0,0.0,8,8,3.0,-1.7737
2021,AR Patel,2.0,0.0,0.0,0.0,100.0,21.0,19.0,90.4762,9.5238,38.0952,23.0,21.0,91.3043,4.3478,34.7826,46,40,6.3043,-21.4195
2021,AT Rayudu,3.0,0.0,0.0,0.0,66.6667,103.0,129.0,125.2427,13.5922,31.068,64.0,128.0,200.0,29.6875,26.5625,170,257,4.9588,35.4565
2021,Abdul Samad,0.0,0.0,0.0,0.0,0.0,45.0,46.0,102.2222,8.8889,35.5556,42.0,65.0,154.7619,19.0476,38.0952,87,111,5.9655,-4.7218
2021,Abhishek Sharma,23.0,43.0,186.9565,30.4348,34.7826,34.0,32.0,94.1176,5.8824,32.3529,18.0,23.0,127.7778,11.1111,33.3333,75,98,4.0933,2.5518
2021,Anmolpreet Singh,14.0,16.0,114.2857,21.4286,64.2857,0.0,0.0,0.0,0.0,0.0,0.0,0.0,0.0,0.0,0.0,14,16,2.0,-1.1039
2021,Anuj Rawat,1.0,0.0,0.0,0.0,100.0,0.0,0.0,0.0,0.0,0.0,0.0,0.0,0.0,0.0,0.0,1,0,5.0,-1.2217
2021,Arshdeep Singh,0.0,0.0,0.0,0.0,0.0,0.0,0.0,0.0,0.0,0.0,3.0,2.0,66.6667,0.0,0.0,3,2,10.3333,-2.3876
2021,Avesh Khan,0.0,0.0,0.0,0.0,0.0,0.0,0.0,0.0,0.0,0.0,3.0,5.0,166.6667,33.3333,33.3333,3,5,9.0,0.6124
2021,B Kumar,0.0,0.0,0.0,0.0,0.0,0.0,0.0,0.0,0.0,0.0,30.0,34.0,113.3333,10.0,16.6667,30,34,9.3333,-9.8758
2021,BA Stokes,3.0,0.0,0.0,0.0,100.0,0.0,0.0,0.0,0.0,0.0,0.0,0.0,0.0,0.0,0.0,3,0,1.0,-3.6651
2021,C Sakariya,0.0,0.0,0.0,0.0,0.0,4.0,1.0,25.0,0.0,75.0,21.0,15.0,71.4286,9.5238,52.381,25,16,9.28,-19.5394
2021,CA Lynn,14.0,13.0,92.8571,14.2857,64.2857,21.0,36.0,171.4286,23.8095,23.8095,0.0,0.0,0.0,0.0,0.0,35,49,2.0,6.5581
2021,CH Gayle,56.0,68.0,121.4286,21.4286,46.4286,85.0,100.0,117.6471,15.2941,43.5294,13.0,25.0,192.3077,30.7692,30.7692,154,193,3.0,3.013
2021,CH Morris,0.0,0.0,0.0,0.0,0.0,5.0,0.0,0.0,0.0,100.0,44.0,67.0,152.2727,15.9091,29.5455,49,67,8.0,-3.3841
2021,CJ Jordan,0.0,0.0,0.0,0.0,0.0,1.0,1.0,100.0,0.0,0.0,20.0,31.0,155.0,20.0,40.0,21,32,7.8571,1.5429
2021,CR Woakes,0.0,0.0,0.0,0.0,0.0,0.0,0.0,0.0,0.0,0.0,11.0,15.0,136.3636,18.1818,18.1818,11,15,8.0,-1.0878
2021,CV Varun,0.0,0.0,0.0,0.0,0.0,0.0,0.0,0.0,0.0,0.0,4.0,2.0,50.0,0.0,50.0,4,2,9.25,-3.8501
2021,D Padikkal,205.0,260.0,126.8293,20.4878,47.3171,105.0,123.0,117.1429,12.381,31.4286,18.0,28.0,155.5556,16.6667,16.6667,328,411,1.9451,7.5342
2021,DA Miller,23.0,15.0,65.2174,4.3478,56.5217,54.0,56.0,103.7037,11.1111,29.6296,36.0,53.0,147.2222,19.4444,38.8889,113,124,4.8319,-21.9051
2021,DA Warner,90.0,95.0,105.5556,12.2222,45.5556,84.0,91.0,108.3333,10.7143,38.0952,7.0,9.0,128.5714,14.2857,42.8571,181,195,1.2265,-26.5434
2021,DJ Bravo,0.0,0.0,0.0,0.0,0.0,0.0,0.0,0.0,0.0,0.0,18.0,47.0,261.1111,38.8889,22.2222,18,47,8.4444,20.6745
2021,DJ Hooda,13.0,10.0,76.9231,7.6923,53.8462,74.0,99.0,133.7838,14.8649,33.7838,36.0,51.0,141.6667,16.6667,27.7778,123,160,4.7154,2.1807
2021,DJ Malan,2.0,1.0,50.0,0.0,50.0,24.0,25.0,104.1667,8.3333,33.3333,0.0,0.0,0.0,0.0,0.0,26,26,4.0,-5.4011
2021,DL Chahar,0.0,0.0,0.0,0.0,0.0,0.0,0.0,0.0,0.0,0.0,1.0,1.0,100.0,0.0,0.0,1,1,10.0,-0.4625
2021,DR Sams,0.0,0.0,0.0,0.0,0.0,1.0,0.0,0.0,0.0,100.0,5.0,6.0,120.0,0.0,20.0,6,6,7.0,-2.5192
2021,DT Christian,4.0,1.0,25.0,0.0,75.0,4.0,1.0,25.0,0.0,75.0,16.0,12.0,75.0,6.25,43.75,24,14,6.0417,-19.1136
2021,E Lewis,77.0,134.0,174.026,29.8701,37.6623,16.0,17.0,106.25,12.5,37.5,0.0,0.0,0.0,0.0,0.0,93,151,1.0,37.6232
2021,EJG Morgan,22.0,23.0,104.5455,18.1818,68.1818,79.0,72.0,91.1392,7.5949,41.7722,38.0,38.0,100.0,10.5263,36.8421,139,133,4.777,-44.7726
2021,F du Plessis,218.0,297.0,136.2385,21.1009,37.6147,186.0,238.0,127.957,12.3656,26.3441,54.0,98.0,181.4815,27.7778,29.6296,458,633,2.0611,63.2689
2021,FA Allen,0.0,0.0,0.0,0.0,0.0,6.0,3.0,50.0,0.0,50.0,6.0,3.0,50.0,0.0,50.0,12,6,6.9167,-10.0146
2021,GD Phillips,7.0,0.0,0.0,0.0,100.0,18.0,12.0,66.6667,5.5556,66.6667,8.0,14.0,175.0,25.0,25.0,33,26,5.3636,-15.9704
2021,GHS Garton,0.0,0.0,0.0,0.0,0.0,0.0,0.0,0.0,0.0,0.0,4.0,2.0,50.0,0.0,50.0,4,2,7.75,-3.8501
2021,GJ Maxwell,28.0,39.0,139.2857,25.0,46.4286,242.0,331.0,136.7769,16.9421,30.9917,86.0,143.0,166.2791,24.4186,26.7442,356,513,4.1067,61.025
2021,HH Pandya,3.0,1.0,33.3333,0.0,66.6667,53.0,45.0,84.9057,7.5472,45.283,56.0,81.0,144.6429,21.4286,42.8571,112,127,5.2143,-22.5148
2021,HV Patel,0.0,0.0,0.0,0.0,0.0,12.0,7.0,58.3333,8.3333,75.0,34.0,52.0,152.9412,20.5882,26.4706,46,59,8.0652,-5.2048
2021,Harbhajan Singh,0.0,0.0,0.0,0.0,0.0,0.0,0.0,0.0,0.0,0.0,4.0,4.0,100.0,0.0,25.0,4,4,9.5,-1.8501
2021,Harpreet Brar,0.0,0.0,0.0,0.0,0.0,3.0,2.0,66.6667,0.0,33.3333,55.0,62.0,112.7273,9.0909,29.0909,58,64,7.069,-20.0587
2021,Ishan Kishan,51.0,89.0,174.5098,29.4118,35.2941,105.0,122.0,116.1905,11.4286,30.4762,24.0,30.0,125.0,16.6667,50.0,180,241,3.2056,16.9024
2021,J Suchith,0.0,0.0,0.0,0.0,0.0,0.0,0.0,0.0,0.0,0.0,6.0,14.0,233.3333,50.0,16.6667,6,14,9.0,5.2248
2021,J Yadav,0.0,0.0,0.0,0.0,0.0,9.0,9.0,100.0,11.1111,33.3333,17.0,25.0,147.0588,11.7647,29.4118,26,34,8.1538,-1.7221
2021,JA Richardson,0.0,0.0,0.0,0.0,0.0,22.0,15.0,68.1818,9.0909,59.0909,2.0,0.0,0.0,0.0,100.0,24,15,7.0,-14.4696
2021,JC Buttler,91.0,105.0,115.3846,19.7802,47.2527,61.0,109.0,178.6885,24.5902,27.8689,14.0,40.0,285.7143,50.0,14.2857,166,254,1.2349,48.7483
2021,JD Unadkat,0.0,0.0,0.0,0.0,0.0,7.0,7.0,100.0,14.2857,42.8571,22.0,34.0,154.5455,18.1818,27.2727,29,41,9.0,0.3784
2021,JDS Neesham,0.0,0.0,0.0,0.0,0.0,1.0,0.0,0.0,0.0,100.0,1.0,0.0,0.0,0.0,100.0,2,0,6.5,-2.6691
2021,JJ Bumrah,0.0,0.0,0.0,0.0,0.0,0.0,0.0,0.0,0.0,0.0,17.0,16.0,94.1176,11.7647,41.1765,17,16,9.5294,-8.863
2021,JJ Roy,77.0,92.0,119.4805,19.4805,41.5584,44.0,58.0,131.8182,15.9091,29.5455,0.0,0.0,0.0,0.0,0.0,121,150,1.0,2.8393
2021,JM Bairstow,89.0,149.0,167.4157,26.9663,42.6966,65.0,73.0,112.3077,13.8462,38.4615,21.0,26.0,123.8095,9.5238,38.0952,175,248,2.6057,30.1277
2021,JO Holder,0.0,0.0,0.0,0.0,0.0,19.0,23.0,121.0526,10.5263,26.3158,53.0,62.0,116.9811,11.3208,41.5094,72,85,6.8194,-15.4388
2021,K Rabada,0.0,0.0,0.0,0.0,0.0,0.0,0.0,0.0,0.0,0.0,6.0,13.0,216.6667,33.3333,16.6667,6,13,9.8333,4.2248
2021,K Yadav,0.0,0.0,0.0,0.0,0.0,0.0,0.0,0.0,0.0,0.0,4.0,0.0,0.0,0.0,100.0,4,0,10.0,-5.8501
2021,KA Jamieson,0.0,0.0,0.0,0.0,0.0,19.0,12.0,63.1579,5.2632,52.6316,36.0,53.0,147.2222,19.4444,30.5556,55,65,7.8182,-10.5758
2021,KA Pollard,0.0,0.0,0.0,0.0,0.0,69.0,95.0,137.6812,17.3913,36.2319,96.0,150.0,156.25,20.8333,32.2917,165,245,5.2788,21.3441
2021,KD Karthik,0.0,0.0,0.0,0.0,0.0,75.0,88.0,117.3333,16.0,42.6667,95.0,135.0,142.1053,17.8947,26.3158,170,223,5.9765,-6.4328
2021,KH Pandya,0.0,0.0,0.0,0.0,0.0,67.0,62.0,92.5373,5.9701,41.791,56.0,81.0,144.6429,21.4286,35.7143,123,143,5.5122,-19.7417
2021,KK Ahmed,0.0,0.0,0.0,0.0,0.0,0.0,0.0,0.0,0.0,0.0,2.0,1.0,50.0,0.0,50.0,2,1,10.0,-1.9251
2021,KL Nagarkoti,0.0,0.0,0.0,0.0,0.0,0.0,0.0,0.0,0.0,0.0,2.0,0.0,0.0,0.0,100.0,2,0,9.0,-2.9251
2021,KL Rahul,225.0,259.0,115.1111,15.5556,41.7778,178.0,278.0,156.1798,16.8539,20.7865,48.0,89.0,185.4167,27.0833,18.75,451,626,1.0,66.1446
2021,KM Jadhav,0.0,0.0,0.0,0.0,0.0,43.0,41.0,95.3488,4.6512,32.5581,9.0,14.0,155.5556,22.2222,33.3333,52,55,5.1538,-10.0452
2021,KS Bharat,52.0,57.0,109.6154,13.4615,36.5385,85.0,102.0,120.0,10.5882,30.5882,19.0,32.0,168.4211,10.5263,15.7895,156,191,3.0641,-2.8753
2021,KS Williamson,69.0,77.0,111.5942,18.8406,49.2754,125.0,121.0,96.8,6.4,36.0,41.0,68.0,165.8537,24.3902,17.0732,235,266,2.9064,-29.0828
2021,Kartik Tyagi,0.0,0.0,0.0,0.0,0.0,0.0,0.0,0.0,0.0,0.0,4.0,2.0,50.0,0.0,25.0,4,2,9.75,-3.8501
2021,LH Ferguson,0.0,0.0,0.0,0.0,0.0,0.0,0.0,0.0,0.0,0.0,11.0,18.0,163.6364,18.1818,27.2727,11,18,9.0,1.9122
2021,LS Livingstone,9.0,7.0,77.7778,11.1111,55.5556,28.0,32.0,114.2857,10.7143,25.0,4.0,3.0,75.0,0.0,25.0,41,42,4.0,-8.6294
2021,Lalit Yadav,0.0,0.0,0.0,0.0,0.0,45.0,32.0,71.1111,6.6667,48.8889,28.0,36.0,128.5714,14.2857,10.7143,73,68,5.3151,-27.2464
2021,M Ashwin,0.0,0.0,0.0,0.0,0.0,9.0,4.0,44.4444,0.0,55.5556,15.0,11.0,73.3333,6.6667,46.6667,24,15,8.0,-17.797
2021,M Jansen,0.0,0.0,0.0,0.0,0.0,0.0,0.0,0.0,0.0,0.0,3.0,0.0,0.0,0.0,100.0,3,0,8.0,-4.3876
2021,M Prasidh Krishna,0.0,0.0,0.0,0.0,0.0,0.0,0.0,0.0,0.0,0.0,1.0,0.0,0.0,0.0,100.0,1,0,11.0,-1.4625
2021,M Shahrukh Khan,5.0,0.0,0.0,0.0,100.0,50.0,58.0,116.0,12.0,40.0,59.0,95.0,161.0169,22.0339,28.8136,114,153,5.9474,0.2739
2021,M Vohra,39.0,42.0,107.6923,17.9487,58.9744,0.0,0.0,0.0,0.0,0.0,0.0,0.0,0.0,0.0,0.0,39,42,2.2051,-5.6467
2021,MA Agarwal,162.0,196.0,120.9877,16.6667,42.5926,129.0,193.0,149.6124,19.3798,27.1318,23.0,52.0,226.087,34.7826,13.0435,314,441,2.0,53.7974
2021,MC Henriques,0.0,0.0,0.0,0.0,0.0,23.0,19.0,82.6087,0.0,34.7826,9.0,12.0,133.3333,11.1111,33.3333,32,31,5.75,-9.9138
2021,MK Lomror,8.0,3.0,37.5,0.0,75.0,46.0,55.0,119.5652,10.8696,30.4348,19.0,36.0,189.4737,21.0526,10.5263,73,94,4.9452,0.9361
2021,MK Pandey,73.0,77.0,105.4795,13.6986,52.0548,128.0,167.0,130.4688,12.5,26.5625,35.0,48.0,137.1429,14.2857,20.0,236,292,2.9958,-2.8141
2021,MM Ali,55.0,50.0,90.9091,16.3636,61.8182,165.0,233.0,141.2121,18.7879,35.7576,40.0,74.0,185.0,25.0,25.0,260,357,3.1731,32.2209
2021,MP Stoinis,6.0,3.0,50.0,0.0,50.0,40.0,37.0,92.5,10.0,40.0,26.0,49.0,188.4615,30.7692,19.2308,72,89,4.2639,-4.6187
2021,MS Dhoni,5.0,3.0,60.0,0.0,40.0,42.0,27.0,64.2857,4.7619,52.381,60.0,84.0,140.0,21.6667,40.0,107,114,6.0841,-30.5361
2021,Mandeep Singh,14.0,15.0,107.1429,14.2857,28.5714,0.0,0.0,0.0,0.0,0.0,0.0,0.0,0.0,0.0,0.0,14,15,2.0,-2.1039
2021,Mohammad Nabi,0.0,0.0,0.0,0.0,0.0,15.0,25.0,166.6667,20.0,20.0,5.0,9.0,180.0,40.0,40.0,20,34,5.05,8.5888
2021,Mohammed Shami,0.0,0.0,0.0,0.0,0.0,0.0,0.0,0.0,0.0,0.0,17.0,13.0,76.4706,0.0,41.1765,17,13,9.1176,-11.863
2021,Mohammed Siraj,0.0,0.0,0.0,0.0,0.0,0.0,0.0,0.0,0.0,0.0,26.0,20.0,76.9231,7.6923,57.6923,26,20,10.5385,-18.0257
2021,Mujeeb Ur Rahman,0.0,0.0,0.0,0.0,0.0,0.0,0.0,0.0,0.0,0.0,1.0,1.0,100.0,0.0,0.0,1,1,11.0,-0.4625
2021,Mustafizur Rahman,0.0,0.0,0.0,0.0,0.0,0.0,0.0,0.0,0.0,0.0,14.0,8.0,57.1429,7.1429,78.5714,14,8,10.7143,-12.4754
2021,N Pooran,2.0,0.0,0.0,0.0,100.0,51.0,56.0,109.8039,9.8039,41.1765,23.0,29.0,126.087,13.0435,30.4348,76,85,4.3026,-12.6166
2021,N Rana,95.0,105.0,110.5263,18.9474,51.5789,169.0,209.0,123.6686,13.6095,33.7278,50.0,69.0,138.0,20.0,32.0,314,383,2.4713,-10.099
2021,NM Coulter-Nile,0.0,0.0,0.0,0.0,0.0,0.0,0.0,0.0,0.0,0.0,5.0,4.0,80.0,0.0,40.0,5,4,8.0,-3.3126
2021,NT Ellis,0.0,0.0,0.0,0.0,0.0,0.0,0.0,0.0,0.0,0.0,16.0,18.0,112.5,6.25,31.25,16,18,8.0,-5.4004
2021,Navdeep Saini,0.0,0.0,0.0,0.0,0.0,4.0,2.0,50.0,0.0,50.0,0.0,0.0,0.0,0.0,0.0,4,2,9.0,-2.8263
2021,P Simran Singh,23.0,19.0,82.6087,8.6957,56.5217,0.0,0.0,0.0,0.0,0.0,0.0,0.0,0.0,0.0,0.0,23,19,1.3043,-9.0993
2021,PJ Cummins,0.0,0.0,0.0,0.0,0.0,13.0,18.0,138.4615,23.0769,46.1538,43.0,75.0,174.4186,23.2558,30.2326,56,93,7.8929,14.4259
2021,PK Garg,5.0,0.0,0.0,0.0,100.0,68.0,72.0,105.8824,7.3529,29.4118,1.0,0.0,0.0,0.0,100.0,74,72,4.5676,-17.6178
2021,PP Chawla,0.0,0.0,0.0,0.0,0.0,0.0,0.0,0.0,0.0,0.0,2.0,0.0,0.0,0.0,100.0,2,0,9.0,-2.9251
2021,PP Shaw,206.0,353.0,171.3592,28.6408,33.0097,93.0,126.0,135.4839,16.129,25.8065,2.0,0.0,0.0,0.0,100.0,301,479,1.0,112.1917
2021,PWH de Silva,0.0,0.0,0.0,0.0,0.0,1.0,0.0,0.0,0.0,100.0,1.0,1.0,100.0,0.0,0.0,2,1,7.0,-1.6691
2021,Q de Kock,146.0,173.0,118.4932,16.4384,43.8356,105.0,116.0,110.4762,10.4762,27.619,5.0,8.0,160.0,20.0,0.0,256,297,1.6719,-15.3721
2021,R Ashwin,0.0,0.0,0.0,0.0,0.0,12.0,7.0,58.3333,0.0,50.0,30.0,37.0,123.3333,10.0,20.0,42,44,7.9524,-14.3547
2021,R Parag,0.0,0.0,0.0,0.0,0.0,46.0,47.0,102.1739,13.0435,43.4783,37.0,46.0,124.3243,10.8108,32.4324,83,93,6.0,-16.6157
2021,R Tewatia,0.0,0.0,0.0,0.0,0.0,100.0,103.0,103.0,12.0,44.0,47.0,52.0,110.6383,10.6383,36.1702,147,155,6.8707,-34.3957
2021,RA Jadeja,0.0,0.0,0.0,0.0,0.0,60.0,49.0,81.6667,6.6667,46.6667,96.0,178.0,185.4167,25.0,14.5833,156,227,5.8526,14.2032
2021,RA Tripathi,90.0,121.0,134.4444,21.1111,38.8889,172.0,259.0,150.5814,18.6047,23.2558,21.0,17.0,80.9524,4.7619,52.381,283,397,3.1413,48.8031
2021,RD Chahar,0.0,0.0,0.0,0.0,0.0,0.0,0.0,0.0,0.0,0.0,15.0,14.0,93.3333,6.6667,46.6667,15,14,8.9333,-7.9379
2021,RD Gaikwad,241.0,270.0,112.0332,16.1826,45.6432,182.0,268.0,147.2527,17.5824,25.2747,43.0,97.0,225.5814,37.2093,16.2791,466,635,1.0,58.0836
2021,RG Sharma,203.0,264.0,130.0493,17.734,39.4089,89.0,114.0,128.0899,12.3596,26.9663,7.0,3.0,42.8571,0.0,57.1429,299,381,1.3378,15.3705
2021,RM Patidar,24.0,20.0,83.3333,8.3333,37.5,38.0,51.0,134.2105,10.5263,18.4211,0.0,0.0,0.0,0.0,0.0,62,71,3.3548,-4.1707
2021,RR Pant,41.0,52.0,126.8293,21.9512,48.7805,183.0,216.0,118.0328,12.5683,33.3333,102.0,151.0,148.0392,19.6078,29.4118,326,419,3.9816,-1.0701
2021,RV Patel,0.0,0.0,0.0,0.0,0.0,20.0,18.0,90.0,10.0,55.0,7.0,7.0,100.0,14.2857,42.8571,27,25,5.2593,-9.3691
2021,RV Uthappa,38.0,53.0,139.4737,21.0526,39.4737,46.0,62.0,134.7826,10.8696,21.7391,0.0,0.0,0.0,0.0,0.0,84,115,3.0714,13.0728
2021,Rashid Khan,0.0,0.0,0.0,0.0,0.0,0.0,0.0,0.0,0.0,0.0,69.0,83.0,120.2899,15.942,40.5797,69,83,7.9855,-17.9144
2021,Ravi Bishnoi,0.0,0.0,0.0,0.0,0.0,0.0,0.0,0.0,0.0,0.0,4.0,1.0,25.0,0.0,75.0,4,1,9.0,-4.8501
2021,S Dhawan,231.0,276.0,119.4805,19.0476,44.1558,227.0,291.0,128.1938,14.0969,28.1938,13.0,20.0,153.8462,23.0769,23.0769,471,587,2.0,11.8809
2021,S Dube,33.0,22.0,66.6667,6.0606,63.6364,140.0,182.0,130.0,16.4286,32.1429,20.0,26.0,130.0,15.0,25.0,193,230,4.1762,-8.4867
2021,S Gopal,0.0,0.0,0.0,0.0,0.0,0.0,0.0,0.0,0.0,0.0,5.0,7.0,140.0,20.0,60.0,5,7,9.6,-0.3126
2021,S Kaul,0.0,0.0,0.0,0.0,0.0,0.0,0.0,0.0,0.0,0.0,8.0,8.0,100.0,12.5,37.5,8,8,10.0,-3.7002
2021,S Nadeem,0.0,0.0,0.0,0.0,0.0,0.0,0.0,0.0,0.0,0.0,1.0,0.0,0.0,0.0,100.0,1,0,10.0,-1.4625
2021,SA Yadav,65.0,80.0,123.0769,21.5385,47.6923,129.0,182.0,141.0853,19.3798,27.907,27.0,55.0,203.7037,40.7407,37.037,221,317,3.5249,42.4532
2021,SK Raina,19.0,18.0,94.7368,21.0526,63.1579,82.0,108.0,131.7073,15.8537,40.2439,27.0,34.0,125.9259,18.5185,37.037,128,160,4.1172,-1.6394
2021,SM Curran,0.0,0.0,0.0,0.0,0.0,1.0,1.0,100.0,0.0,0.0,28.0,55.0,196.4286,28.5714,21.4286,29,56,7.5862,13.8427
2021,SN Khan,3.0,0.0,0.0,0.0,100.0,0.0,0.0,0.0,0.0,0.0,1.0,0.0,0.0,0.0,100.0,4,0,3.5,-5.1277
2021,SN Thakur,0.0,0.0,0.0,0.0,0.0,1.0,0.0,0.0,0.0,100.0,4.0,5.0,125.0,0.0,25.0,5,5,8.2,-2.0567
2021,SO Hetmyer,0.0,0.0,0.0,0.0,0.0,58.0,85.0,146.5517,17.2414,25.8621,86.0,157.0,182.5581,24.4186,20.9302,144,242,5.8264,46.2416
2021,SP Narine,7.0,4.0,57.1429,14.2857,71.4286,20.0,32.0,160.0,20.0,30.0,20.0,26.0,130.0,15.0,30.0,47,62,5.4681,0.0661
2021,SPD Smith,44.0,44.0,100.0,11.3636,43.1818,76.0,86.0,113.1579,9.2105,23.6842,15.0,22.0,146.6667,20.0,20.0,135,152,2.6815,-15.3924
2021,SS Iyer,39.0,21.0,53.8462,2.5641,58.9744,87.0,98.0,112.6437,6.8966,22.9885,45.0,56.0,124.4444,11.1111,26.6667,171,175,3.6491,-43.4319
2021,SS Tiwary,10.0,14.0,140.0,30.0,50.0,71.0,75.0,105.6338,8.4507,29.5775,16.0,26.0,162.5,18.75,6.25,97,115,4.4742,-6.2839
2021,SV Samson,93.0,99.0,106.4516,17.2043,48.3871,187.0,248.0,132.6203,14.9733,24.0642,74.0,137.0,185.1351,24.3243,20.2703,354,484,2.9605,36.5255
2021,Sachin Baby,0.0,0.0,0.0,0.0,0.0,17.0,7.0,41.1765,0.0,58.8235,0.0,0.0,0.0,0.0,0.0,17,7,6.0,-13.5117
2021,Sandeep Sharma,0.0,0.0,0.0,0.0,0.0,0.0,0.0,0.0,0.0,0.0,7.0,8.0,114.2857,14.2857,14.2857,7,8,9.1429,-2.2377
2021,Shahbaz Ahmed,9.0,14.0,155.5556,11.1111,11.1111,14.0,13.0,92.8571,14.2857,42.8571,30.0,32.0,106.6667,10.0,40.0,53,59,5.6038,-12.7632
2021,Shakib Al Hasan,0.0,0.0,0.0,0.0,0.0,28.0,31.0,110.7143,10.7143,25.0,20.0,16.0,80.0,5.0,35.0,48,47,6.2292,-16.0345
2021,Shivam Mavi,0.0,0.0,0.0,0.0,0.0,0.0,0.0,0.0,0.0,0.0,20.0,25.0,125.0,20.0,55.0,20,25,9.3,-4.2505
2021,Shubman Gill,230.0,285.0,123.913,18.2609,41.7391,157.0,177.0,112.7389,11.465,35.6688,15.0,16.0,106.6667,13.3333,53.3333,402,478,1.2761,-14.3626
2021,T Shamsi,0.0,0.0,0.0,0.0,0.0,0.0,0.0,0.0,0.0,0.0,4.0,2.0,50.0,0.0,50.0,4,2,8.0,-3.8501
2021,TA Boult,0.0,0.0,0.0,0.0,0.0,0.0,0.0,0.0,0.0,0.0,4.0,1.0,25.0,0.0,75.0,4,1,10.25,-4.8501
2021,TG Southee,0.0,0.0,0.0,0.0,0.0,0.0,0.0,0.0,0.0,0.0,5.0,3.0,60.0,0.0,60.0,5,3,8.0,-4.3126
2021,TH David,0.0,0.0,0.0,0.0,0.0,0.0,0.0,0.0,0.0,0.0,3.0,1.0,33.3333,0.0,66.6667,3,1,5.0,-3.3876
2021,TK Curran,0.0,0.0,0.0,0.0,0.0,5.0,8.0,160.0,20.0,20.0,12.0,13.0,108.3333,8.3333,33.3333,17,21,7.0,-2.5832
2021,TL Seifert,0.0,0.0,0.0,0.0,0.0,0.0,0.0,0.0,0.0,0.0,4.0,2.0,50.0,0.0,25.0,4,2,7.0,-3.8501
2021,V Kohli,185.0,241.0,130.2703,20.0,36.7568,148.0,160.0,108.1081,10.1351,33.1081,6.0,4.0,66.6667,0.0,33.3333,339,405,1.1829,-8.3638
2021,V Shankar,0.0,0.0,0.0,0.0,0.0,18.0,13.0,72.2222,5.5556,38.8889,34.0,45.0,132.3529,8.8235,32.3529,52,58,5.3846,-13.4442
2021,VR Iyer,166.0,212.0,127.7108,19.2771,43.9759,122.0,158.0,129.5082,15.5738,31.1475,0.0,0.0,0.0,0.0,0.0,288,370,1.8299,19.9947
2021,Virat Singh,2.0,0.0,0.0,0.0,100.0,24.0,15.0,62.5,4.1667,45.8333,0.0,0.0,0.0,0.0,0.0,26,15,4.0,-16.4011
2021,WP Saha,77.0,79.0,102.5974,14.2857,54.5455,48.0,38.0,79.1667,0.0,29.1667,15.0,14.0,93.3333,6.6667,33.3333,140,131,2.8143,-42.9249
2021,Washington Sundar,25.0,17.0,68.0,4.0,52.0,10.0,8.0,80.0,10.0,50.0,12.0,6.0,50.0,0.0,50.0,47,31,3.5957,-29.1588
2021,YBK Jaiswal,120.0,176.0,146.6667,25.8333,43.3333,48.0,73.0,152.0833,22.9167,35.4167,0.0,0.0,0.0,0.0,0.0,168,249,1.9821,44.4795
2021,YS Chahal,0.0,0.0,0.0,0.0,0.0,9.0,0.0,0.0,0.0,100.0,18.0,10.0,55.5556,0.0,44.4444,27,10,10.2222,-27.1846
2022,A Badoni,6.0,1.0,16.6667,0.0,83.3333,58.0,59.0,101.7241,10.3448,39.6552,66.0,101.0,153.0303,18.1818,28.7879,130,161,5.7846,-28.1184
2022,A Manohar,12.0,12.0,100.0,16.6667,50.0,31.0,47.0,151.6129,22.5806,25.8065,32.0,49.0,153.125,25.0,37.5,75,108,5.48,1.5779
2022,A Nortje,0.0,0.0,0.0,0.0,0.0,0.0,0.0,0.0,0.0,0.0,6.0,1.0,16.6667,0.0,83.3333,6,1,10.0,-8.785
2022,A Tomar,8.0,4.0,50.0,12.5,87.5,0.0,0.0,0.0,0.0,0.0,0.0,0.0,0.0,0.0,0.0,8,4,3.0,-5.7203
2022,AD Russell,0.0,0.0,0.0,0.0,0.0,122.0,214.0,175.4098,26.2295,45.082,70.0,121.0,172.8571,25.7143,37.1429,192,335,6.4635,64.7798
2022,AJ Finch,49.0,51.0,104.0816,12.2449,48.9796,12.0,35.0,291.6667,58.3333,8.3333,0.0,0.0,0.0,0.0,0.0,61,86,1.4262,11.113
2022,AK Markram,32.0,24.0,75.0,9.375,62.5,189.0,246.0,130.1587,13.7566,27.5132,53.0,111.0,209.434,28.3019,11.3208,274,381,4.0949,13.9165
2022,AM Rahane,95.0,92.0,96.8421,13.6842,50.5263,33.0,41.0,124.2424,15.1515,30.303,0.0,0.0,0.0,0.0,0.0,128,133,1.375,-24.6418
2022,AR Patel,0.0,0.0,0.0,0.0,0.0,50.0,55.0,110.0,12.0,42.0,70.0,127.0,181.4286,22.8571,20.0,120,182,6.9083,3.8821
2022,AS Joseph,0.0,0.0,0.0,0.0,0.0,0.0,0.0,0.0,0.0,0.0,7.0,5.0,71.4286,0.0,28.5714,7,5,9.5714,-6.4158
2022,AS Roy,0.0,0.0,0.0,0.0,0.0,2.0,0.0,0.0,0.0,100.0,0.0,0.0,0.0,0.0,0.0,2,0,8.0,-2.5584
2022,AT Rayudu,50.0,39.0,78.0,12.0,68.0,153.0,198.0,129.4118,18.3007,37.9085,21.0,37.0,176.1905,28.5714,38.0952,224,274,4.2589,-16.7165
2022,Abdul Samad,0.0,0.0,0.0,0.0,0.0,6.0,4.0,66.6667,0.0,33.3333,1.0,0.0,0.0,0.0,100.0,7,4,6.1429,-5.306
2022,Abhishek Sharma,203.0,255.0,125.6158,20.6897,45.8128,109.0,167.0,153.211,16.5138,25.6881,8.0,4.0,50.0,0.0,50.0,320,426,1.1594,26.8689
2022,Akash Deep,0.0,0.0,0.0,0.0,0.0,0.0,0.0,0.0,0.0,0.0,2.0,0.0,0.0,0.0,100.0,2,0,9.0,-3.2617
2022,Aman Hakim Khan,0.0,0.0,0.0,0.0,0.0,0.0,0.0,0.0,0.0,0.0,3.0,5.0,166.6667,33.3333,33.3333,3,5,9.0,0.1075
2022,Anmolpreet Singh,4.0,5.0,125.0,25.0,50.0,9.0,8.0,88.8889,0.0,33.3333,0.0,0.0,0.0,0.0,0.0,13,13,3.0,-3.3729
2022,Anuj Rawat,83.0,77.0,92.7711,13.253,56.6265,28.0,38.0,135.7143,14.2857,21.4286,7.0,14.0,200.0,28.5714,28.5714,118,129,1.9576,-19.0812
2022,Arshdeep Singh,0.0,0.0,0.0,0.0,0.0,3.0,4.0,133.3333,33.3333,66.6667,26.0,17.0,65.3846,7.6923,69.2308,29,21,9.7241,-25.2391
2022,Avesh Khan,0.0,0.0,0.0,0.0,0.0,4.0,12.0,300.0,50.0,50.0,9.0,10.0,111.1111,11.1111,44.4444,13,22,10.0,2.2058
2022,B Indrajith,27.0,19.0,70.3704,7.4074,59.2593,3.0,2.0,66.6667,0.0,33.3333,0.0,0.0,0.0,0.0,0.0,30,21,1.8,-15.6435
2022,B Kumar,0.0,0.0,0.0,0.0,0.0,0.0,0.0,0.0,0.0,0.0,26.0,24.0,92.3077,11.5385,38.4615,26,24,8.7692,-18.4015
2022,B Sai Sudharsan,26.0,28.0,107.6923,15.3846,38.4615,70.0,85.0,121.4286,12.8571,25.7143,18.0,32.0,177.7778,22.2222,22.2222,114,145,3.5351,-5.4897
2022,CJ Jordan,0.0,0.0,0.0,0.0,0.0,0.0,0.0,0.0,0.0,0.0,8.0,11.0,137.5,0.0,25.0,8,11,9.625,-2.0466
2022,CV Varun,0.0,0.0,0.0,0.0,0.0,3.0,0.0,0.0,0.0,100.0,15.0,12.0,80.0,13.3333,60.0,18,12,10.9444,-16.3
2022,D Brevis,46.0,65.0,141.3043,26.087,50.0,67.0,96.0,143.2836,19.403,43.2836,0.0,0.0,0.0,0.0,0.0,113,161,2.9381,19.4021
2022,D Padikkal,97.0,100.0,103.0928,16.4948,51.5464,183.0,249.0,136.0656,19.1257,36.612,26.0,27.0,103.8462,15.3846,42.3077,306,376,3.1634,-18.3532
2022,D Pretorius,0.0,0.0,0.0,0.0,0.0,0.0,0.0,0.0,0.0,0.0,28.0,44.0,157.1429,21.4286,35.7143,28,44,8.1429,-1.6632
2022,DA Miller,7.0,11.0,157.1429,28.5714,28.5714,198.0,240.0,121.2121,12.1212,29.798,132.0,230.0,174.2424,21.9697,20.4545,337,481,4.9258,3.9441
2022,DA Warner,146.0,225.0,154.1096,27.3973,41.0959,117.0,173.0,147.8632,17.9487,23.0769,24.0,34.0,141.6667,25.0,37.5,287,432,2.3902,65.799
2022,DJ Bravo,0.0,0.0,0.0,0.0,0.0,16.0,12.0,75.0,6.25,56.25,8.0,11.0,137.5,12.5,0.0,24,23,8.0833,-10.5138
2022,DJ Hooda,64.0,77.0,120.3125,18.75,46.875,235.0,335.0,142.5532,15.7447,24.6809,31.0,39.0,125.8065,16.129,32.2581,330,451,4.0121,22.0705
2022,DJ Mitchell,5.0,0.0,0.0,0.0,100.0,39.0,33.0,84.6154,2.5641,28.2051,0.0,0.0,0.0,0.0,0.0,44,33,4.0,-22.9639
2022,DJ Willey,11.0,6.0,54.5455,9.0909,72.7273,19.0,12.0,63.1579,10.5263,68.4211,0.0,0.0,0.0,0.0,0.0,30,18,4.9333,-19.6701
2022,DP Conway,76.0,85.0,111.8421,14.4737,40.7895,82.0,142.0,173.1707,25.6098,23.1707,15.0,25.0,166.6667,20.0,13.3333,173,252,2.0462,30.3007
2022,DR Sams,6.0,1.0,16.6667,0.0,83.3333,13.0,16.0,123.0769,7.6923,30.7692,17.0,21.0,123.5294,17.6471,52.9412,36,38,5.0278,-13.6439
2022,E Lewis,14.0,11.0,78.5714,14.2857,64.2857,25.0,32.0,128.0,16.0,32.0,17.0,30.0,176.4706,29.4118,29.4118,56,73,3.5714,-3.7145
2022,F du Plessis,192.0,201.0,104.6875,16.1458,50.0,135.0,194.0,143.7037,16.2963,27.4074,40.0,73.0,182.5,22.5,15.0,367,468,2.0082,-3.2114
2022,FA Allen,0.0,0.0,0.0,0.0,0.0,0.0,0.0,0.0,0.0,0.0,7.0,8.0,114.2857,14.2857,42.8571,7,8,7.0,-3.4158
2022,Fazalhaq Farooqi,0.0,0.0,0.0,0.0,0.0,0.0,0.0,0.0,0.0,0.0,8.0,2.0,25.0,0.0,75.0,8,2,10.0,-11.0466
2022,GJ Maxwell,46.0,78.0,169.5652,28.2609,34.7826,90.0,133.0,147.7778,20.0,36.6667,42.0,90.0,214.2857,35.7143,16.6667,178,301,4.0169,61.4858
2022,HE van der Dussen,0.0,0.0,0.0,0.0,0.0,14.0,10.0,71.4286,7.1429,50.0,10.0,12.0,120.0,10.0,20.0,24,22,5.6667,-12.2171
2022,HH Pandya,64.0,65.0,101.5625,15.625,51.5625,232.0,317.0,136.6379,16.3793,29.7414,75.0,105.0,140.0,17.3333,17.3333,371,487,3.7951,-9.8484
2022,HR Shokeen,5.0,1.0,20.0,0.0,60.0,43.0,42.0,97.6744,11.6279,48.8372,0.0,0.0,0.0,0.0,0.0,48,43,6.0,-18.0807
2022,HV Patel,0.0,0.0,0.0,0.0,0.0,9.0,4.0,44.4444,0.0,66.6667,30.0,39.0,130.0,20.0,43.3333,39,43,8.4872,-17.4376
2022,Harpreet Brar,0.0,0.0,0.0,0.0,0.0,20.0,15.0,75.0,10.0,65.0,5.0,7.0,140.0,20.0,60.0,25,22,6.28,-11.7381
2022,Harshit Rana,0.0,0.0,0.0,0.0,0.0,1.0,2.0,200.0,0.0,0.0,1.0,0.0,0.0,0.0,100.0,2,2,11.0,-0.91
2022,Ishan Kishan,200.0,225.0,112.5,17.5,49.5,131.0,157.0,119.8473,11.4504,27.4809,17.0,36.0,211.7647,35.2941,5.8824,348,418,1.4943,-20.3058
2022,J Suchith,0.0,0.0,0.0,0.0,0.0,7.0,2.0,28.5714,0.0,57.1429,1.0,0.0,0.0,0.0,100.0,8,2,5.375,-8.5852
2022,JC Buttler,280.0,374.0,133.5714,22.5,51.4286,221.0,315.0,142.5339,18.0995,28.5068,78.0,174.0,223.0769,33.3333,21.7949,579,863,1.3264,112.8831
2022,JD Unadkat,0.0,0.0,0.0,0.0,0.0,3.0,2.0,66.6667,0.0,33.3333,34.0,57.0,167.6471,20.5882,32.3529,37,59,8.0541,-0.2857
2022,JDS Neesham,0.0,0.0,0.0,0.0,0.0,15.0,15.0,100.0,6.6667,26.6667,12.0,16.0,133.3333,16.6667,25.0,27,31,7.1111,-7.7579
2022,JJ Bumrah,0.0,0.0,0.0,0.0,0.0,0.0,0.0,0.0,0.0,0.0,8.0,0.0,0.0,0.0,100.0,8,0,8.5,-13.0466
2022,JM Bairstow,106.0,181.0,170.7547,32.0755,44.3396,64.0,66.0,103.125,12.5,32.8125,5.0,6.0,120.0,20.0,40.0,175,253,1.8343,34.1836
2022,JM Sharma,1.0,1.0,100.0,0.0,0.0,101.0,150.0,148.5149,20.7921,37.6238,41.0,83.0,202.439,31.7073,24.3902,143,234,5.3566,36.7219
2022,JO Holder,14.0,8.0,57.1429,14.2857,85.7143,3.0,1.0,33.3333,0.0,66.6667,27.0,49.0,181.4815,22.2222,29.6296,44,58,6.0,-6.8804
2022,JR Hazlewood,0.0,0.0,0.0,0.0,0.0,10.0,2.0,20.0,0.0,80.0,16.0,16.0,100.0,6.25,25.0,26,18,10.5,-20.8852
2022,K Gowtham,1.0,0.0,0.0,0.0,100.0,0.0,0.0,0.0,0.0,0.0,0.0,0.0,0.0,0.0,0.0,1,0,2.0,-1.215
2022,K Kartikeya,0.0,0.0,0.0,0.0,0.0,0.0,0.0,0.0,0.0,0.0,5.0,3.0,60.0,0.0,40.0,5,3,9.0,-5.1541
2022,K Rabada,0.0,0.0,0.0,0.0,0.0,8.0,2.0,25.0,0.0,75.0,35.0,46.0,131.4286,20.0,40.0,43,48,8.7442,-19.3126
2022,KA Pollard,0.0,0.0,0.0,0.0,0.0,54.0,44.0,81.4815,7.4074,48.1481,80.0,100.0,125.0,13.75,38.75,134,144,5.7388,-55.543
2022,KD Karthik,0.0,0.0,0.0,0.0,0.0,59.0,79.0,133.8983,18.6441,35.5932,121.0,251.0,207.438,31.405,24.7934,180,330,6.3167,57.1971
2022,KH Pandya,8.0,17.0,212.5,50.0,25.0,97.0,107.0,110.3093,11.3402,37.1134,40.0,59.0,147.5,12.5,22.5,145,183,4.8345,-16.0357
2022,KK Ahmed,0.0,0.0,0.0,0.0,0.0,0.0,0.0,0.0,0.0,0.0,2.0,0.0,0.0,0.0,100.0,2,0,10.5,-3.2617
2022,KK Nair,0.0,0.0,0.0,0.0,0.0,13.0,13.0,100.0,7.6923,15.3846,5.0,3.0,60.0,0.0,40.0,18,16,4.5556,-8.7837
2022,KL Rahul,196.0,203.0,103.5714,13.2653,47.9592,185.0,272.0,147.027,15.6757,22.1622,74.0,141.0,190.5405,27.027,12.1622,455,616,1.6418,20.5204
2022,KR Sen,0.0,0.0,0.0,0.0,0.0,0.0,0.0,0.0,0.0,0.0,3.0,0.0,0.0,0.0,100.0,3,0,11.0,-4.8925
2022,KS Bharat,7.0,8.0,114.2857,28.5714,71.4286,0.0,0.0,0.0,0.0,0.0,0.0,0.0,0.0,0.0,0.0,7,8,1.7143,-0.5052
2022,KS Sharma,4.0,4.0,100.0,25.0,75.0,0.0,0.0,0.0,0.0,0.0,0.0,0.0,0.0,0.0,0.0,4,4,4.0,-0.8601
2022,KS Williamson,144.0,110.0,76.3889,9.7222,56.9444,74.0,87.0,117.5676,9.4595,28.3784,13.0,19.0,146.1538,23.0769,38.4615,231,216,2.1602,-74.8263
2022,Kartik Tyagi,0.0,0.0,0.0,0.0,0.0,0.0,0.0,0.0,0.0,0.0,6.0,7.0,116.6667,16.6667,50.0,6,7,8.6667,-2.785
2022,Kuldeep Yadav,0.0,0.0,0.0,0.0,0.0,15.0,5.0,33.3333,0.0,60.0,37.0,43.0,116.2162,13.5135,37.8378,52,48,9.0,-31.5286
2022,LH Ferguson,0.0,0.0,0.0,0.0,0.0,0.0,0.0,0.0,0.0,0.0,4.0,5.0,125.0,25.0,50.0,4,5,8.75,-1.5233
2022,LS Livingstone,33.0,70.0,212.1212,36.3636,36.3636,161.0,261.0,162.1118,21.7391,29.1925,46.0,106.0,230.4348,34.7826,19.5652,240,437,4.275,115.9348
2022,Lalit Yadav,30.0,23.0,76.6667,10.0,53.3333,97.0,107.0,110.3093,10.3093,36.0825,19.0,31.0,163.1579,26.3158,31.5789,146,161,4.6575,-30.519
2022,M Ashwin,0.0,0.0,0.0,0.0,0.0,2.0,0.0,0.0,0.0,100.0,12.0,12.0,100.0,16.6667,66.6667,14,12,8.1429,-10.1283
2022,M Jansen,0.0,0.0,0.0,0.0,0.0,0.0,0.0,0.0,0.0,0.0,7.0,9.0,128.5714,14.2857,42.8571,7,9,8.0,-2.4158
2022,M Prasidh Krishna,0.0,0.0,0.0,0.0,0.0,0.0,0.0,0.0,0.0,0.0,12.0,6.0,50.0,0.0,50.0,12,6,9.0,-13.5699
2022,M Shahrukh Khan,7.0,15.0,214.2857,28.5714,0.0,68.0,61.0,89.7059,8.8235,50.0,33.0,41.0,124.2424,15.1515,51.5152,108,117,5.8426,-32.3081
2022,M Theekshana,0.0,0.0,0.0,0.0,0.0,3.0,0.0,0.0,0.0,100.0,4.0,7.0,175.0,25.0,25.0,7,7,10.0,-3.3609
2022,M Vohra,11.0,19.0,172.7273,27.2727,36.3636,0.0,0.0,0.0,0.0,0.0,0.0,0.0,0.0,0.0,0.0,11,19,3.0,5.6346
2022,MA Agarwal,111.0,145.0,130.6306,20.7207,43.2432,49.0,51.0,104.0816,12.2449,34.6939,0.0,0.0,0.0,0.0,0.0,160,196,1.7688,-1.5495
2022,MJ Santner,24.0,20.0,83.3333,12.5,58.3333,0.0,0.0,0.0,0.0,0.0,3.0,2.0,66.6667,0.0,33.3333,27,22,3.1852,-12.0533
2022,MK Lomror,3.0,6.0,200.0,33.3333,66.6667,29.0,37.0,127.5862,13.7931,24.1379,25.0,43.0,172.0,24.0,20.0,57,86,4.7544,4.4874
2022,MK Pandey,34.0,31.0,91.1765,14.7059,58.8235,46.0,57.0,123.913,13.0435,32.6087,0.0,0.0,0.0,0.0,0.0,80,88,3.1875,-12.1543
2022,MM Ali,67.0,111.0,165.6716,29.8507,49.2537,81.0,96.0,118.5185,12.3457,28.3951,29.0,37.0,127.5862,17.2414,41.3793,177,244,3.3842,11.6836
2022,MP Stoinis,0.0,0.0,0.0,0.0,0.0,24.0,27.0,112.5,12.5,41.6667,82.0,129.0,157.3171,20.7317,34.1463,106,156,5.6981,-8.4287
2022,MR Marsh,85.0,115.0,135.2941,18.8235,45.8824,84.0,100.0,119.0476,13.0952,33.3333,20.0,36.0,180.0,30.0,25.0,189,251,2.3439,7.6529
2022,MS Dhoni,5.0,6.0,120.0,20.0,60.0,78.0,52.0,66.6667,5.1282,51.2821,105.0,174.0,165.7143,24.7619,35.2381,188,232,6.3883,-45.0896
2022,MS Wade,91.0,111.0,121.978,23.0769,52.7473,47.0,46.0,97.8723,8.5106,34.0426,0.0,0.0,0.0,0.0,0.0,138,157,2.2899,-13.6904
2022,Mandeep Singh,23.0,18.0,78.2609,17.3913,69.5652,0.0,0.0,0.0,0.0,0.0,0.0,0.0,0.0,0.0,0.0,23,18,2.5652,-9.9458
2022,Mohammed Siraj,0.0,0.0,0.0,0.0,0.0,0.0,0.0,0.0,0.0,0.0,33.0,30.0,90.9091,15.1515,57.5758,33,30,10.1212,-23.8173
2022,Mohsin Khan,0.0,0.0,0.0,0.0,0.0,3.0,1.0,33.3333,0.0,66.6667,13.0,22.0,169.2308,23.0769,23.0769,16,23,9.0,-2.0384
2022,Mukesh Choudhary,0.0,0.0,0.0,0.0,0.0,4.0,4.0,100.0,25.0,75.0,2.0,2.0,100.0,0.0,0.0,6,6,11.0,-2.3785
2022,Mustafizur Rahman,0.0,0.0,0.0,0.0,0.0,0.0,0.0,0.0,0.0,0.0,5.0,3.0,60.0,0.0,40.0,5,3,11.0,-5.1541
2022,N Jagadeesan,0.0,0.0,0.0,0.0,0.0,24.0,29.0,120.8333,16.6667,37.5,13.0,11.0,84.6154,0.0,23.0769,37,40,4.0,-11.9015
2022,N Pooran,9.0,0.0,0.0,0.0,100.0,125.0,171.0,136.8,15.2,29.6,78.0,135.0,173.0769,23.0769,25.641,212,306,4.6934,7.9603
2022,N Rana,61.0,83.0,136.0656,26.2295,54.0984,162.0,231.0,142.5926,17.284,32.0988,28.0,47.0,167.8571,25.0,28.5714,251,361,3.996,33.9896
2022,NM Coulter-Nile,0.0,0.0,0.0,0.0,0.0,0.0,0.0,0.0,0.0,0.0,2.0,1.0,50.0,0.0,0.0,2,1,7.0,-2.2617
2022,NT Ellis,0.0,0.0,0.0,0.0,0.0,2.0,0.0,0.0,0.0,100.0,0.0,0.0,0.0,0.0,0.0,2,0,8.0,-2.5584
2022,Navdeep Saini,0.0,0.0,0.0,0.0,0.0,0.0,0.0,0.0,0.0,0.0,2.0,2.0,100.0,0.0,50.0,2,2,8.0,-1.2617
2022,OC McCoy,0.0,0.0,0.0,0.0,0.0,0.0,0.0,0.0,0.0,0.0,5.0,8.0,160.0,20.0,40.0,5,8,9.0,-0.1541
2022,OF Smith,0.0,0.0,0.0,0.0,0.0,9.0,3.0,33.3333,0.0,66.6667,35.0,48.0,137.1429,17.1429,48.5714,44,51,7.25,-17.5918
2022,P Simran Singh,11.0,14.0,127.2727,18.1818,45.4545,0.0,0.0,0.0,0.0,0.0,0.0,0.0,0.0,0.0,0.0,11,14,2.0,0.6346
2022,PBB Rajapaksa,29.0,56.0,193.1034,34.4828,37.931,95.0,146.0,153.6842,20.0,30.5263,5.0,4.0,80.0,0.0,40.0,129,206,3.0155,41.086
2022,PJ Cummins,0.0,0.0,0.0,0.0,0.0,10.0,26.0,260.0,50.0,30.0,14.0,37.0,264.2857,42.8571,35.7143,24,63,7.25,27.3764
2022,PJ Sangwan,0.0,0.0,0.0,0.0,0.0,0.0,0.0,0.0,0.0,0.0,5.0,2.0,40.0,0.0,60.0,5,2,8.0,-6.1541
2022,PK Garg,20.0,24.0,120.0,15.0,40.0,13.0,22.0,169.2308,23.0769,23.0769,0.0,0.0,0.0,0.0,0.0,33,46,1.7879,5.0697
2022,PN Mankad,0.0,0.0,0.0,0.0,0.0,0.0,0.0,0.0,0.0,0.0,1.0,4.0,400.0,100.0,0.0,1,4,7.0,2.3692
2022,PP Shaw,144.0,217.0,150.6944,26.3889,43.75,41.0,66.0,160.9756,21.9512,24.3902,0.0,0.0,0.0,0.0,0.0,185,283,1.0,55.588
2022,PVD Chameera,0.0,0.0,0.0,0.0,0.0,0.0,0.0,0.0,0.0,0.0,28.0,43.0,153.5714,21.4286,39.2857,28,43,8.3214,-2.6632
2022,PWH de Silva,0.0,0.0,0.0,0.0,0.0,23.0,17.0,73.913,8.6957,52.1739,20.0,21.0,105.0,15.0,60.0,43,38,8.4884,-24.0381
2022,Q de Kock,188.0,257.0,136.7021,20.2128,40.9574,125.0,170.0,136.0,14.4,24.0,28.0,81.0,289.2857,50.0,14.2857,341,508,1.6686,74.0107
2022,R Ashwin,30.0,46.0,153.3333,30.0,50.0,56.0,55.0,98.2143,5.3571,30.3571,49.0,90.0,183.6735,22.449,12.2449,135,191,4.7556,3.0033
2022,R Dhawan,0.0,0.0,0.0,0.0,0.0,18.0,4.0,22.2222,0.0,77.7778,22.0,33.0,150.0,27.2727,50.0,40,37,7.4,-21.9038
2022,R Parag,0.0,0.0,0.0,0.0,0.0,39.0,50.0,128.2051,12.8205,25.641,93.0,133.0,143.0108,17.2043,32.2581,132,183,6.1061,-18.5558
2022,R Powell,0.0,0.0,0.0,0.0,0.0,104.0,116.0,111.5385,11.5385,42.3077,63.0,134.0,212.6984,31.746,30.1587,167,250,5.7904,14.2212
2022,R Sanjay Yadav,0.0,0.0,0.0,0.0,0.0,0.0,0.0,0.0,0.0,0.0,2.0,0.0,0.0,0.0,100.0,2,0,7.0,-3.2617
2022,R Shepherd,0.0,0.0,0.0,0.0,0.0,18.0,24.0,133.3333,11.1111,38.8889,23.0,34.0,147.8261,21.7391,39.1304,41,58,7.1951,-2.5346
2022,R Tewatia,0.0,0.0,0.0,0.0,0.0,48.0,36.0,75.0,6.25,45.8333,99.0,181.0,182.8283,28.2828,25.2525,147,217,5.8027,-5.8535
2022,RA Bawa,1.0,0.0,0.0,0.0,100.0,13.0,11.0,84.6154,7.6923,46.1538,0.0,0.0,0.0,0.0,0.0,14,11,5.0,-6.8446
2022,RA Jadeja,3.0,0.0,0.0,0.0,100.0,32.0,21.0,65.625,0.0,34.375,63.0,95.0,150.7937,17.4603,25.3968,98,116,5.6531,-31.3216
2022,RA Tripathi,97.0,138.0,142.268,22.6804,43.299,146.0,230.0,157.5342,20.5479,26.0274,18.0,45.0,250.0,44.4444,16.6667,261,413,2.7165,79.0238
2022,RD Chahar,0.0,0.0,0.0,0.0,0.0,7.0,3.0,42.8571,0.0,71.4286,61.0,74.0,121.3115,18.0328,49.1803,68,77,9.1471,-31.4349
2022,RD Gaikwad,164.0,186.0,113.4146,16.4634,47.561,109.0,160.0,146.789,17.4312,21.1009,18.0,22.0,122.2222,5.5556,22.2222,291,368,1.0722,-0.0531
2022,RG Sharma,183.0,227.0,124.0437,20.2186,54.0984,40.0,41.0,102.5,10.0,32.5,0.0,0.0,0.0,0.0,0.0,223,268,1.5695,-5.5191
2022,RK Singh,7.0,9.0,128.5714,14.2857,42.8571,50.0,51.0,102.0,10.0,38.0,60.0,114.0,190.0,30.0,25.0,117,174,5.8803,3.6851
2022,RM Patidar,75.0,87.0,116.0,20.0,49.3333,125.0,194.0,155.2,16.8,18.4,18.0,52.0,288.8889,50.0,33.3333,218,333,2.8899,52.6177
2022,RP Meredith,0.0,0.0,0.0,0.0,0.0,0.0,0.0,0.0,0.0,0.0,1.0,0.0,0.0,0.0,100.0,1,0,10.0,-1.6308
2022,RR Pant,31.0,55.0,177.4194,35.4839,35.4839,161.0,211.0,131.0559,17.3913,34.7826,32.0,74.0,231.25,37.5,25.0,224,340,3.9732,44.1965
2022,RV Patel,0.0,0.0,0.0,0.0,0.0,3.0,6.0,200.0,33.3333,66.6667,0.0,0.0,0.0,0.0,0.0,3,6,6.0,2.1624
2022,RV Uthappa,111.0,134.0,120.7207,18.9189,50.4505,45.0,65.0,144.4444,15.5556,31.1111,15.0,31.0,206.6667,33.3333,33.3333,171,230,1.9825,13.1049
2022,Ramandeep Singh,3.0,2.0,66.6667,0.0,33.3333,25.0,16.0,64.0,0.0,36.0,12.0,27.0,225.0,33.3333,16.6667,40,45,5.95,-10.195
2022,Rashid Khan,0.0,0.0,0.0,0.0,0.0,6.0,4.0,66.6667,0.0,33.3333,38.0,87.0,228.9474,31.5789,21.0526,44,91,7.0,21.3533
2022,Rasikh Salam,0.0,0.0,0.0,0.0,0.0,0.0,0.0,0.0,0.0,0.0,6.0,7.0,116.6667,16.6667,66.6667,6,7,10.0,-2.785
2022,Ravi Bishnoi,0.0,0.0,0.0,0.0,0.0,0.0,0.0,0.0,0.0,0.0,1.0,0.0,0.0,0.0,100.0,1,0,10.0,-1.6308
2022,S Dhawan,207.0,242.0,116.9082,16.9082,44.4444,141.0,169.0,119.8582,12.0567,23.4043,27.0,49.0,181.4815,25.9259,14.8148,375,460,2.0347,-15.9113
2022,S Dube,7.0,8.0,114.2857,14.2857,42.8571,129.0,182.0,141.0853,18.6047,34.1085,49.0,99.0,202.0408,26.5306,22.449,185,289,4.6378,35.5676
2022,S Gopal,0.0,0.0,0.0,0.0,0.0,0.0,0.0,0.0,0.0,0.0,7.0,9.0,128.5714,28.5714,57.1429,7,9,8.0,-2.4158
2022,SA Abbott,0.0,0.0,0.0,0.0,0.0,1.0,0.0,0.0,0.0,100.0,4.0,7.0,175.0,25.0,50.0,5,7,7.0,-0.8025
2022,SA Yadav,29.0,42.0,144.8276,20.6897,37.931,133.0,170.0,127.8195,14.2857,30.8271,46.0,91.0,197.8261,30.4348,28.2609,208,303,3.9038,22.6125
2022,SE Rutherford,12.0,4.0,33.3333,0.0,66.6667,31.0,26.0,83.871,6.4516,38.7097,7.0,3.0,42.8571,0.0,57.1429,50,33,4.4,-32.6514
2022,SN Khan,21.0,39.0,185.7143,33.3333,42.8571,32.0,32.0,100.0,6.25,28.125,14.0,20.0,142.8571,14.2857,7.1429,67,91,4.0448,1.7183
2022,SN Thakur,0.0,0.0,0.0,0.0,0.0,29.0,33.0,113.7931,13.7931,31.0345,58.0,87.0,150.0,17.2414,34.4828,87,120,7.5632,-11.6848
2022,SO Hetmyer,0.0,0.0,0.0,0.0,0.0,75.0,73.0,97.3333,10.6667,45.3333,129.0,241.0,186.8217,26.3566,26.3566,204,314,5.2451,7.6833
2022,SP Jackson,0.0,0.0,0.0,0.0,0.0,9.0,8.0,88.8889,11.1111,66.6667,17.0,15.0,88.2353,0.0,23.5294,26,23,6.3077,-16.2369
2022,SP Narine,8.0,11.0,137.5,25.0,62.5,20.0,34.0,170.0,30.0,45.0,12.0,26.0,216.6667,33.3333,33.3333,40,71,6.225,16.1258
2022,SS Iyer,118.0,167.0,141.5254,22.8814,38.1356,167.0,214.0,128.1437,13.7725,30.5389,13.0,20.0,153.8462,15.3846,15.3846,298,401,2.9966,22.7991
2022,SS Prabhudessai,12.0,8.0,66.6667,8.3333,58.3333,47.0,59.0,125.5319,17.0213,40.4255,0.0,0.0,0.0,0.0,0.0,59,67,5.4237,-7.7027
2022,SV Samson,84.0,123.0,146.4286,26.1905,48.8095,193.0,269.0,139.3782,18.6528,36.7876,35.0,66.0,188.5714,31.4286,34.2857,312,458,3.2885,51.9728
2022,SW Billings,11.0,12.0,109.0909,18.1818,63.6364,103.0,116.0,112.6214,10.6796,35.9223,24.0,41.0,170.8333,25.0,33.3333,138,169,4.8043,-15.2627
2022,Shahbaz Ahmed,5.0,0.0,0.0,0.0,100.0,134.0,150.0,111.9403,10.4478,32.8358,42.0,69.0,164.2857,21.4286,33.3333,181,219,5.6243,-26.9826
2022,Shashank Singh,0.0,0.0,0.0,0.0,0.0,15.0,22.0,146.6667,20.0,33.3333,32.0,47.0,146.875,18.75,37.5,47,69,6.383,-2.3745
2022,Shivam Mavi,0.0,0.0,0.0,0.0,0.0,5.0,3.0,60.0,0.0,40.0,2.0,0.0,0.0,0.0,100.0,7,3,8.1429,-6.6576
2022,Shubman Gill,182.0,215.0,118.1319,18.1319,41.2088,149.0,216.0,144.9664,16.1074,20.8054,34.0,52.0,152.9412,14.7059,20.5882,365,483,2.0493,15.8151
2022,Simarjeet Singh,0.0,0.0,0.0,0.0,0.0,3.0,2.0,66.6667,0.0,66.6667,5.0,5.0,100.0,0.0,20.0,8,7,8.25,-4.9917
2022,T Stubbs,2.0,0.0,0.0,0.0,100.0,0.0,0.0,0.0,0.0,0.0,2.0,2.0,100.0,0.0,0.0,4,2,5.5,-3.6917
2022,TA Boult,0.0,0.0,0.0,0.0,0.0,0.0,0.0,0.0,0.0,0.0,29.0,40.0,137.931,10.3448,20.6897,29,40,8.0345,-7.294
2022,TG Southee,0.0,0.0,0.0,0.0,0.0,6.0,1.0,16.6667,0.0,83.3333,6.0,1.0,16.6667,0.0,83.3333,12,2,9.5833,-15.4602
2022,TH David,0.0,0.0,0.0,0.0,0.0,24.0,39.0,162.5,25.0,37.5,62.0,147.0,237.0968,35.4839,20.9677,86,186,5.5349,54.1879
2022,TL Seifert,19.0,24.0,126.3158,21.0526,52.6316,0.0,0.0,0.0,0.0,0.0,0.0,0.0,0.0,0.0,0.0,19,24,2.0,0.9144
2022,TS Mills,0.0,0.0,0.0,0.0,0.0,0.0,0.0,0.0,0.0,0.0,3.0,0.0,0.0,0.0,100.0,3,0,10.0,-4.8925
2022,Tilak Varma,27.0,19.0,70.3704,7.4074,51.8519,214.0,280.0,130.8411,14.0187,27.5701,62.0,98.0,158.0645,20.9677,22.5806,303,397,4.3993,-10.6658
2022,UT Yadav,0.0,0.0,0.0,0.0,0.0,2.0,1.0,50.0,0.0,50.0,38.0,54.0,142.1053,21.0526,44.7368,40,55,9.325,-9.5299
2022,Umran Malik,0.0,0.0,0.0,0.0,0.0,0.0,0.0,0.0,0.0,0.0,8.0,4.0,50.0,0.0,50.0,8,4,9.875,-9.0466
2022,V Kohli,137.0,160.0,116.7883,18.2482,48.9051,131.0,152.0,116.0305,10.687,30.5344,26.0,29.0,111.5385,3.8462,23.0769,294,341,1.6565,-35.4362
2022,V Shankar,34.0,19.0,55.8824,2.9412,52.9412,1.0,0.0,0.0,0.0,100.0,0.0,0.0,0.0,0.0,0.0,35,19,2.8286,-23.5903
2022,VG Arora,0.0,0.0,0.0,0.0,0.0,0.0,0.0,0.0,0.0,0.0,13.0,5.0,38.4615,0.0,61.5385,13,5,10.2308,-16.2008
2022,VR Iyer,121.0,127.0,104.9587,14.876,52.0661,44.0,52.0,118.1818,13.6364,34.0909,4.0,3.0,75.0,0.0,25.0,169,182,2.2485,-27.8271
2022,WP Saha,162.0,217.0,133.9506,24.0741,46.2963,84.0,85.0,101.1905,8.3333,27.381,13.0,15.0,115.3846,7.6923,15.3846,259,317,1.0,-8.4889
2022,Washington Sundar,0.0,0.0,0.0,0.0,0.0,12.0,9.0,75.0,0.0,41.6667,57.0,92.0,161.4035,21.0526,26.3158,69,101,6.5362,-7.3076
2022,YBK Jaiswal,124.0,172.0,138.7097,23.3871,47.5806,70.0,86.0,122.8571,12.8571,25.7143,0.0,0.0,0.0,0.0,0.0,194,258,1.1237,17.7919
2022,YS Chahal,0.0,0.0,0.0,0.0,0.0,0.0,0.0,0.0,0.0,0.0,8.0,5.0,62.5,0.0,50.0,8,5,10.0,-8.0466
2022,Yash Dayal,0.0,0.0,0.0,0.0,0.0,0.0,0.0,0.0,0.0,0.0,1.0,0.0,0.0,0.0,100.0,1,0,10.0,-1.6308
2023,A Badoni,15.0,8.0,53.3333,6.6667,66.6667,72.0,87.0,120.8333,12.5,33.3333,85.0,143.0,168.2353,17.6471,21.1765,172,238,5.7558,-17.2706
2023,A Manohar,0.0,0.0,0.0,0.0,0.0,52.0,58.0,111.5385,13.4615,36.5385,31.0,56.0,180.6452,19.3548,19.3548,83,114,5.6867,-6.2405
2023,A Mishra,0.0,0.0,0.0,0.0,0.0,13.0,6.0,46.1538,0.0,53.8462,17.0,13.0,76.4706,11.7647,58.8235,30,19,9.0,-26.0589
2023,A Nortje,0.0,0.0,0.0,0.0,0.0,0.0,0.0,0.0,0.0,0.0,29.0,37.0,127.5862,20.6897,31.0345,29,37,9.6897,-10.0233
2023,A Zampa,0.0,0.0,0.0,0.0,0.0,9.0,4.0,44.4444,0.0,55.5556,7.0,6.0,85.7143,0.0,14.2857,16,10,9.1875,-13.4614
2023,AD Russell,0.0,0.0,0.0,0.0,0.0,74.0,93.0,125.6757,14.8649,41.8919,82.0,134.0,163.4146,24.3902,43.9024,156,227,6.5256,-5.5412
2023,AJ Hosein,0.0,0.0,0.0,0.0,0.0,0.0,0.0,0.0,0.0,0.0,10.0,16.0,160.0,20.0,30.0,10,16,8.0,-0.2149
2023,AK Markram,30.0,18.0,60.0,3.3333,60.0,142.0,190.0,133.8028,13.3803,23.2394,25.0,40.0,160.0,24.0,24.0,197,248,3.934,-24.7334
2023,AM Rahane,60.0,125.0,208.3333,31.6667,20.0,119.0,167.0,140.3361,12.605,19.3277,10.0,34.0,340.0,60.0,10.0,189,326,2.9788,67.4265
2023,AR Patel,5.0,2.0,40.0,0.0,60.0,108.0,123.0,113.8889,14.8148,41.6667,90.0,158.0,175.5556,22.2222,21.1111,203,283,6.6798,-15.1176
2023,AS Joseph,0.0,0.0,0.0,0.0,0.0,3.0,3.0,100.0,0.0,0.0,9.0,4.0,44.4444,11.1111,77.7778,12,7,10.0,-11.6304
2023,AS Roy,5.0,4.0,80.0,20.0,80.0,1.0,0.0,0.0,0.0,100.0,13.0,19.0,146.1538,15.3846,15.3846,19,23,7.1053,-6.2772
2023,AT Rayudu,0.0,0.0,0.0,0.0,0.0,59.0,74.0,125.4237,13.5593,35.5932,54.0,84.0,155.5556,20.3704,27.7778,113,158,5.0531,-8.9545
2023,AU Rashid,0.0,0.0,0.0,0.0,0.0,13.0,18.0,138.4615,15.3846,38.4615,3.0,4.0,133.3333,33.3333,66.6667,16,22,8.0,-0.358
2023,Abdul Basith,0.0,0.0,0.0,0.0,0.0,0.0,0.0,0.0,0.0,0.0,1.0,1.0,100.0,0.0,0.0,1,1,8.0,-0.6215
2023,Abdul Samad,0.0,0.0,0.0,0.0,0.0,49.0,49.0,100.0,10.2041,42.8571,79.0,120.0,151.8987,20.2532,32.9114,128,169,7.0,-25.0352
2023,Abhishek Sharma,87.0,117.0,134.4828,22.9885,41.3793,58.0,80.0,137.931,15.5172,25.8621,12.0,29.0,241.6667,41.6667,16.6667,157,226,2.0255,9.2674
2023,Abishek Porel,1.0,1.0,100.0,0.0,0.0,18.0,24.0,133.3333,11.1111,27.7778,12.0,8.0,66.6667,8.3333,50.0,31,33,6.7742,-12.0502
2023,Akash Deep,0.0,0.0,0.0,0.0,0.0,2.0,5.0,250.0,50.0,0.0,6.0,12.0,200.0,33.3333,33.3333,8,17,11.0,4.5797
2023,Aman Hakim Khan,5.0,4.0,80.0,20.0,80.0,58.0,52.0,89.6552,8.6207,48.2759,38.0,54.0,142.1053,18.4211,39.4737,101,110,7.0099,-36.517
2023,Anmolpreet Singh,67.0,90.0,134.3284,22.3881,43.2836,15.0,15.0,100.0,13.3333,40.0,0.0,0.0,0.0,0.0,0.0,82,105,1.0,-7.003
2023,Anuj Rawat,4.0,6.0,150.0,25.0,25.0,23.0,11.0,47.8261,0.0,60.8696,44.0,74.0,168.1818,20.4545,18.1818,71,91,6.1831,-16.7775
2023,Arjun Tendulkar,0.0,0.0,0.0,0.0,0.0,0.0,0.0,0.0,0.0,0.0,9.0,13.0,144.4444,11.1111,22.2222,9,13,9.0,-1.5934
2023,Arshad Khan,0.0,0.0,0.0,0.0,0.0,4.0,2.0,50.0,0.0,50.0,11.0,16.0,145.4545,9.0909,18.1818,15,18,8.0667,-5.2191
2023,Arshdeep Singh,0.0,0.0,0.0,0.0,0.0,0.0,0.0,0.0,0.0,0.0,2.0,2.0,100.0,0.0,50.0,2,2,11.0,-1.243
2023,Atharva Taide,65.0,102.0,156.9231,26.1538,41.5385,64.0,84.0,131.25,14.0625,25.0,0.0,0.0,0.0,0.0,0.0,129,186,2.8295,10.8006
2023,Avesh Khan,0.0,0.0,0.0,0.0,0.0,0.0,0.0,0.0,0.0,0.0,1.0,0.0,0.0,0.0,0.0,1,0,11.0,-1.6215
2023,B Kumar,0.0,0.0,0.0,0.0,0.0,17.0,18.0,105.8824,11.7647,35.2941,30.0,24.0,80.0,6.6667,43.3333,47,42,9.0851,-29.521
2023,B Sai Sudharsan,68.0,80.0,117.6471,19.1176,44.1176,147.0,194.0,131.9728,12.2449,24.4898,41.0,88.0,214.6341,34.1463,14.6341,256,362,2.7852,4.5185
2023,BA Stokes,1.0,1.0,100.0,0.0,0.0,8.0,7.0,87.5,12.5,50.0,5.0,7.0,140.0,20.0,20.0,14,15,4.5714,-5.2432
2023,C Green,96.0,167.0,173.9583,30.2083,29.1667,141.0,198.0,140.4255,14.8936,29.7872,45.0,87.0,193.3333,26.6667,13.3333,282,452,3.1277,57.7347
2023,C Sakariya,0.0,0.0,0.0,0.0,0.0,0.0,0.0,0.0,0.0,0.0,6.0,4.0,66.6667,16.6667,83.3333,6,4,10.3333,-5.729
2023,CJ Jordan,0.0,0.0,0.0,0.0,0.0,1.0,0.0,0.0,0.0,100.0,11.0,6.0,54.5455,0.0,45.4545,12,6,8.0,-13.1821
2023,CV Varun,0.0,0.0,0.0,0.0,0.0,0.0,0.0,0.0,0.0,0.0,9.0,1.0,11.1111,0.0,88.8889,9,1,10.6667,-13.5934
2023,D Padikkal,77.0,108.0,140.2597,24.6753,42.8571,96.0,105.0,109.375,9.375,30.2083,27.0,48.0,177.7778,33.3333,25.9259,200,261,3.705,-17.4858
2023,D Wiese,0.0,0.0,0.0,0.0,0.0,0.0,0.0,0.0,0.0,0.0,11.0,21.0,190.9091,27.2727,36.3636,11,21,7.7273,3.1636
2023,DA Miller,7.0,5.0,71.4286,14.2857,57.1429,74.0,109.0,147.2973,16.2162,24.3243,97.0,145.0,149.4845,18.5567,21.6495,178,259,5.1067,-7.4565
2023,DA Warner,205.0,299.0,145.8537,27.8049,48.2927,157.0,185.0,117.8344,12.1019,28.6624,30.0,32.0,106.6667,10.0,30.0,392,516,1.7015,-24.8491
2023,DG Nalkande,0.0,0.0,0.0,0.0,0.0,0.0,0.0,0.0,0.0,0.0,1.0,0.0,0.0,0.0,100.0,1,0,9.0,-1.6215
2023,DJ Hooda,37.0,27.0,72.973,5.4054,48.6486,45.0,44.0,97.7778,2.2222,26.6667,8.0,13.0,162.5,25.0,25.0,90,84,3.6667,-40.2321
2023,DJ Willey,0.0,0.0,0.0,0.0,0.0,10.0,11.0,110.0,10.0,30.0,22.0,24.0,109.0909,13.6364,36.3636,32,35,9.125,-14.1294
2023,DL Chahar,0.0,0.0,0.0,0.0,0.0,0.0,0.0,0.0,0.0,0.0,2.0,1.0,50.0,0.0,50.0,2,1,9.0,-2.243
2023,DP Conway,230.0,307.0,133.4783,21.3043,40.0,210.0,304.0,144.7619,17.1429,22.8571,41.0,61.0,148.7805,24.3902,29.2683,481,672,1.9792,7.7341
2023,Dhruv Jurel,3.0,0.0,0.0,0.0,100.0,15.0,12.0,80.0,6.6667,46.6667,70.0,140.0,200.0,27.1429,14.2857,88,152,6.7045,14.1994
2023,F du Plessis,213.0,359.0,168.5446,27.23,32.3944,228.0,308.0,135.0877,13.1579,21.0526,34.0,63.0,185.2941,23.5294,20.5882,475,730,2.1516,76.1598
2023,Fazalhaq Farooqi,0.0,0.0,0.0,0.0,0.0,0.0,0.0,0.0,0.0,0.0,5.0,1.0,20.0,0.0,80.0,5,1,11.0,-7.1075
2023,GD Phillips,0.0,0.0,0.0,0.0,0.0,7.0,8.0,114.2857,14.2857,57.1429,15.0,31.0,206.6667,33.3333,40.0,22,39,5.6364,5.258
2023,GJ Maxwell,46.0,83.0,180.4348,34.7826,43.4783,141.0,249.0,176.5957,23.4043,26.2411,31.0,68.0,219.3548,35.4839,35.4839,218,400,3.6697,96.9566
2023,H Klaasen,18.0,36.0,200.0,33.3333,22.2222,148.0,249.0,168.2432,19.5946,18.9189,87.0,163.0,187.3563,25.2874,18.3908,253,448,4.996,83.1051
2023,HC Brook,84.0,96.0,114.2857,19.0476,52.381,45.0,58.0,128.8889,15.5556,37.7778,25.0,36.0,144.0,16.0,12.0,154,190,2.0584,-26.2072
2023,HH Pandya,58.0,60.0,103.4483,15.5172,50.0,135.0,182.0,134.8148,15.5556,27.4074,60.0,104.0,173.3333,18.3333,18.3333,253,346,3.3004,-12.4378
2023,HR Shokeen,0.0,0.0,0.0,0.0,0.0,0.0,0.0,0.0,0.0,0.0,17.0,23.0,135.2941,23.5294,29.4118,17,23,8.8235,-4.5654
2023,HV Patel,0.0,0.0,0.0,0.0,0.0,6.0,6.0,100.0,16.6667,66.6667,0.0,0.0,0.0,0.0,0.0,6,6,5.0,-2.074
2023,Harpreet Brar,0.0,0.0,0.0,0.0,0.0,10.0,8.0,80.0,10.0,50.0,31.0,44.0,141.9355,19.3548,29.0323,41,52,8.3902,-11.7229
2023,Harpreet Singh,16.0,18.0,112.5,18.75,50.0,35.0,33.0,94.2857,8.5714,37.1429,8.0,25.0,312.5,62.5,25.0,59,76,4.6271,-5.9967
2023,Harshit Rana,0.0,0.0,0.0,0.0,0.0,0.0,0.0,0.0,0.0,0.0,1.0,0.0,0.0,0.0,100.0,1,0,10.0,-1.6215
2023,I Sharma,0.0,0.0,0.0,0.0,0.0,0.0,0.0,0.0,0.0,0.0,1.0,1.0,100.0,0.0,0.0,1,1,11.0,-0.6215
2023,Ishan Kishan,230.0,333.0,144.7826,23.913,42.1739,86.0,120.0,139.5349,19.7674,32.5581,2.0,1.0,50.0,0.0,50.0,318,454,1.8019,19.834
2023,JC Archer,0.0,0.0,0.0,0.0,0.0,0.0,0.0,0.0,0.0,0.0,4.0,4.0,100.0,0.0,25.0,4,4,8.5,-2.486
2023,JC Buttler,141.0,185.0,131.2057,21.9858,46.8085,114.0,158.0,138.5965,14.9123,23.6842,27.0,49.0,181.4815,29.6296,22.2222,282,392,2.0461,1.5855
2023,JD Unadkat,0.0,0.0,0.0,0.0,0.0,0.0,0.0,0.0,0.0,0.0,7.0,9.0,128.5714,14.2857,14.2857,7,9,8.0,-2.3505
2023,JE Root,15.0,10.0,66.6667,6.6667,53.3333,0.0,0.0,0.0,0.0,0.0,0.0,0.0,0.0,0.0,0.0,15,10,4.0,-10.5563
2023,JJ Roy,121.0,177.0,146.281,27.2727,47.1074,67.0,108.0,161.194,22.3881,23.8806,0.0,0.0,0.0,0.0,0.0,188,285,1.5532,29.0202
2023,JM Sharma,15.0,10.0,66.6667,13.3333,73.3333,122.0,187.0,153.2787,21.3115,33.6066,61.0,112.0,183.6066,24.5902,29.5082,198,309,5.4697,25.3623
2023,JO Holder,0.0,0.0,0.0,0.0,0.0,9.0,11.0,122.2222,11.1111,33.3333,2.0,1.0,50.0,0.0,50.0,11,12,5.6364,-3.3539
2023,JP Behrendorff,0.0,0.0,0.0,0.0,0.0,0.0,0.0,0.0,0.0,0.0,9.0,6.0,66.6667,0.0,33.3333,9,6,10.5556,-8.5934
2023,JR Hazlewood,0.0,0.0,0.0,0.0,0.0,0.0,0.0,0.0,0.0,0.0,2.0,1.0,50.0,0.0,50.0,2,1,11.0,-2.243
2023,K Gowtham,0.0,0.0,0.0,0.0,0.0,16.0,25.0,156.25,18.75,25.0,21.0,36.0,171.4286,19.0476,28.5714,37,61,7.8649,5.4181
2023,K Kartikeya,0.0,0.0,0.0,0.0,0.0,0.0,0.0,0.0,0.0,0.0,7.0,6.0,85.7143,14.2857,42.8571,7,6,10.0,-5.3505
2023,K Rabada,0.0,0.0,0.0,0.0,0.0,0.0,0.0,0.0,0.0,0.0,2.0,0.0,0.0,0.0,100.0,2,0,10.0,-3.243
2023,KD Karthik,0.0,0.0,0.0,0.0,0.0,30.0,33.0,110.0,10.0,30.0,74.0,107.0,144.5946,20.2703,33.7838,104,140,5.7692,-20.3602
2023,KH Pandya,32.0,29.0,90.625,12.5,62.5,120.0,139.0,115.8333,11.6667,36.6667,13.0,20.0,153.8462,23.0769,15.3846,165,188,3.8606,-38.4119
2023,KL Rahul,115.0,137.0,119.1304,18.2609,42.6087,96.0,107.0,111.4583,9.375,30.2083,31.0,30.0,96.7742,6.4516,32.2581,242,274,1.4174,-63.0477
2023,KM Asif,0.0,0.0,0.0,0.0,0.0,2.0,0.0,0.0,0.0,100.0,0.0,0.0,0.0,0.0,0.0,2,0,10.0,-2.6913
2023,KM Jadhav,0.0,0.0,0.0,0.0,0.0,3.0,5.0,166.6667,33.3333,33.3333,7.0,7.0,100.0,0.0,28.5714,10,12,7.0,-3.3874
2023,KR Mayers,205.0,282.0,137.561,22.9268,49.2683,58.0,97.0,167.2414,22.4138,31.0345,0.0,0.0,0.0,0.0,0.0,263,379,1.7034,20.0159
2023,KS Sharma,11.0,6.0,54.5455,0.0,45.4545,10.0,6.0,60.0,0.0,40.0,0.0,0.0,0.0,0.0,0.0,21,12,2.5238,-16.5312
2023,KV Sharma,0.0,0.0,0.0,0.0,0.0,3.0,1.0,33.3333,0.0,66.6667,2.0,2.0,100.0,0.0,50.0,5,3,9.6,-4.28
2023,Kuldeep Yadav,0.0,0.0,0.0,0.0,0.0,0.0,0.0,0.0,0.0,0.0,48.0,31.0,64.5833,4.1667,52.0833,48,31,9.375,-46.8317
2023,LS Livingstone,28.0,28.0,100.0,17.8571,53.5714,102.0,148.0,145.098,17.6471,24.5098,41.0,103.0,251.2195,39.0244,26.8293,171,279,4.0526,36.8899
2023,Lalit Yadav,2.0,2.0,100.0,0.0,50.0,28.0,40.0,142.8571,17.8571,17.8571,29.0,24.0,82.7586,10.3448,48.2759,59,66,6.8475,-21.4426
2023,Liton Das,4.0,4.0,100.0,25.0,75.0,0.0,0.0,0.0,0.0,0.0,0.0,0.0,0.0,0.0,0.0,4,4,2.0,-1.4817
2023,M Jansen,0.0,0.0,0.0,0.0,0.0,11.0,7.0,63.6364,0.0,36.3636,32.0,32.0,100.0,12.5,34.375,43,39,7.4884,-27.69
2023,M Markande,0.0,0.0,0.0,0.0,0.0,0.0,0.0,0.0,0.0,0.0,13.0,21.0,161.5385,23.0769,23.0769,13,21,10.1538,-0.0794
2023,M Shahrukh Khan,0.0,0.0,0.0,0.0,0.0,14.0,13.0,92.8571,14.2857,64.2857,80.0,143.0,178.75,25.0,23.75,94,156,7.2021,7.4413
2023,M Vohra,11.0,10.0,90.9091,9.0909,36.3636,0.0,0.0,0.0,0.0,0.0,0.0,0.0,0.0,0.0,0.0,11,10,1.0,-5.0746
2023,MA Agarwal,115.0,146.0,126.9565,20.0,39.1304,89.0,114.0,128.0899,12.3596,21.3483,6.0,10.0,166.6667,16.6667,16.6667,210,270,2.2952,-17.0908
2023,MA Wood,0.0,0.0,0.0,0.0,0.0,0.0,0.0,0.0,0.0,0.0,5.0,11.0,220.0,40.0,40.0,5,11,9.0,2.8925
2023,MD Shanaka,1.0,0.0,0.0,0.0,100.0,16.0,17.0,106.25,12.5,50.0,9.0,9.0,100.0,11.1111,33.3333,26,26,4.8077,-11.4944
2023,MG Bracewell,2.0,2.0,100.0,0.0,0.0,32.0,43.0,134.375,21.875,31.25,13.0,13.0,100.0,0.0,15.3846,47,58,4.3404,-8.8813
2023,MJ Santner,0.0,0.0,0.0,0.0,0.0,0.0,0.0,0.0,0.0,0.0,4.0,2.0,50.0,0.0,25.0,4,2,9.0,-4.486
2023,MK Lomror,10.0,3.0,30.0,0.0,60.0,55.0,94.0,170.9091,20.0,23.6364,32.0,38.0,118.75,18.75,28.125,97,135,4.2062,-4.6032
2023,MK Pandey,35.0,37.0,105.7143,17.1429,48.5714,98.0,111.0,113.2653,12.2449,34.6939,13.0,12.0,92.3077,0.0,23.0769,146,160,4.5548,-40.9186
2023,MM Ali,17.0,23.0,135.2941,29.4118,58.8235,50.0,62.0,124.0,16.0,36.0,24.0,39.0,162.5,20.8333,25.0,91,124,4.6703,-5.4959
2023,MM Sharma,0.0,0.0,0.0,0.0,0.0,0.0,0.0,0.0,0.0,0.0,1.0,0.0,0.0,0.0,0.0,1,0,11.0,-1.6215
2023,MP Stoinis,31.0,49.0,158.0645,29.0323,51.6129,183.0,239.0,130.6011,15.3005,32.7869,58.0,120.0,206.8966,31.0345,29.3103,272,408,4.5993,25.2149
2023,MR Marsh,48.0,65.0,135.4167,22.9167,45.8333,49.0,63.0,128.5714,14.2857,36.7347,0.0,0.0,0.0,0.0,0.0,97,128,2.5567,-3.7174
2023,MS Dhoni,0.0,0.0,0.0,0.0,0.0,1.0,0.0,0.0,0.0,100.0,56.0,104.0,185.7143,23.2143,23.2143,57,104,7.3684,11.8507
2023,MW Short,78.0,107.0,137.1795,24.359,48.7179,14.0,10.0,71.4286,0.0,35.7143,0.0,0.0,0.0,0.0,0.0,92,117,2.1739,-8.7319
2023,Mandeep Singh,8.0,4.0,50.0,0.0,50.0,8.0,10.0,125.0,12.5,50.0,0.0,0.0,0.0,0.0,0.0,16,14,3.875,-7.7286
2023,Mohammed Shami,0.0,0.0,0.0,0.0,0.0,0.0,0.0,0.0,0.0,0.0,6.0,5.0,83.3333,16.6667,66.6667,6,5,10.8333,-4.729
2023,Mohammed Siraj,0.0,0.0,0.0,0.0,0.0,0.0,0.0,0.0,0.0,0.0,2.0,1.0,50.0,0.0,50.0,2,1,10.0,-2.243
2023,Mohit Rathee,0.0,0.0,0.0,0.0,0.0,0.0,0.0,0.0,0.0,0.0,2.0,1.0,50.0,0.0,50.0,2,1,11.0,-2.243
2023,Mohsin Khan,0.0,0.0,0.0,0.0,0.0,0.0,0.0,0.0,0.0,0.0,7.0,0.0,0.0,0.0,100.0,7,0,11.0,-11.3505
2023,Mukesh Kumar,0.0,0.0,0.0,0.0,0.0,0.0,0.0,0.0,0.0,0.0,9.0,7.0,77.7778,0.0,22.2222,9,7,10.2222,-7.5934
2023,Mustafizur Rahman,0.0,0.0,0.0,0.0,0.0,0.0,0.0,0.0,0.0,0.0,1.0,1.0,100.0,0.0,0.0,1,1,11.0,-0.6215
2023,N Jagadeesan,58.0,63.0,108.6207,18.9655,53.4483,23.0,26.0,113.0435,17.3913,47.8261,0.0,0.0,0.0,0.0,0.0,81,89,2.037,-21.4345
2023,N Pooran,3.0,7.0,233.3333,33.3333,33.3333,104.0,176.0,169.2308,26.9231,37.5,100.0,175.0,175.0,23.0,26.0,207,358,5.9179,51.7909
2023,N Rana,71.0,94.0,132.3944,21.1268,46.4789,193.0,269.0,139.3782,19.171,31.6062,29.0,50.0,172.4138,24.1379,37.931,293,413,4.0444,8.9648
2023,N Wadhera,18.0,20.0,111.1111,16.6667,55.5556,106.0,144.0,135.8491,18.8679,33.9623,42.0,77.0,183.3333,28.5714,30.9524,166,241,4.7831,5.5899
2023,NT Ellis,0.0,0.0,0.0,0.0,0.0,5.0,0.0,0.0,0.0,100.0,2.0,1.0,50.0,0.0,50.0,7,1,10.0,-8.9713
2023,Naveen-ul-Haq,0.0,0.0,0.0,0.0,0.0,5.0,1.0,20.0,0.0,80.0,16.0,15.0,93.75,12.5,25.0,21,16,9.8571,-16.6722
2023,Noor Ahmad,0.0,0.0,0.0,0.0,0.0,3.0,1.0,33.3333,0.0,66.6667,6.0,7.0,116.6667,16.6667,33.3333,9,8,9.2222,-5.7659
2023,P Dubey,0.0,0.0,0.0,0.0,0.0,16.0,13.0,81.25,12.5,56.25,4.0,3.0,75.0,0.0,25.0,20,16,8.0,-12.0165
2023,P Simran Singh,154.0,219.0,142.2078,25.3247,49.3506,68.0,105.0,154.4118,17.6471,29.4118,16.0,34.0,212.5,37.5,25.0,238,358,1.3571,29.5068
2023,PBB Rajapaksa,19.0,21.0,110.5263,15.7895,47.3684,40.0,48.0,120.0,12.5,30.0,3.0,2.0,66.6667,0.0,33.3333,62,71,3.4194,-13.7288
2023,PD Salt,71.0,108.0,152.1127,23.9437,38.0282,46.0,80.0,173.913,26.087,21.7391,16.0,30.0,187.5,31.25,31.25,133,218,2.6391,32.8561
2023,PK Garg,14.0,10.0,71.4286,0.0,50.0,7.0,11.0,157.1429,14.2857,0.0,2.0,1.0,50.0,0.0,50.0,23,22,3.1739,-9.8485
2023,PN Mankad,38.0,45.0,118.4211,21.0526,50.0,24.0,34.0,141.6667,16.6667,20.8333,10.0,14.0,140.0,20.0,40.0,72,93,2.9167,-7.5867
2023,PP Chawla,0.0,0.0,0.0,0.0,0.0,5.0,8.0,160.0,20.0,20.0,17.0,17.0,100.0,5.8824,29.4118,22,25,8.8182,-9.2937
2023,PP Shaw,65.0,78.0,120.0,20.0,46.1538,20.0,28.0,140.0,20.0,30.0,0.0,0.0,0.0,0.0,0.0,85,106,1.7765,-9.9904
2023,PWH de Silva,0.0,0.0,0.0,0.0,0.0,0.0,0.0,0.0,0.0,0.0,28.0,33.0,117.8571,10.7143,28.5714,28,33,8.0714,-12.4018
2023,Q de Kock,48.0,70.0,145.8333,20.8333,35.4167,50.0,64.0,128.0,14.0,26.0,4.0,9.0,225.0,25.0,25.0,102,143,2.0,3.451
2023,R Ashwin,4.0,0.0,0.0,0.0,100.0,28.0,32.0,114.2857,10.7143,42.8571,19.0,35.0,184.2105,26.3158,10.5263,51,67,5.7059,-6.9685
2023,R Dhawan,0.0,0.0,0.0,0.0,0.0,2.0,5.0,250.0,50.0,0.0,10.0,15.0,150.0,10.0,30.0,12,20,7.1667,1.0938
2023,R Parag,0.0,0.0,0.0,0.0,0.0,41.0,44.0,107.3171,9.7561,36.5854,25.0,34.0,136.0,20.0,40.0,66,78,5.4697,-17.7093
2023,R Powell,0.0,0.0,0.0,0.0,0.0,8.0,7.0,87.5,12.5,62.5,1.0,0.0,0.0,0.0,100.0,9,7,5.7778,-5.3868
2023,R Shepherd,0.0,0.0,0.0,0.0,0.0,1.0,0.0,0.0,0.0,100.0,0.0,0.0,0.0,0.0,0.0,1,0,6.0,-1.3457
2023,R Tewatia,0.0,0.0,0.0,0.0,0.0,18.0,17.0,94.4444,5.5556,27.7778,39.0,70.0,179.4872,23.0769,28.2051,57,87,6.5965,-0.4601
2023,RA Jadeja,0.0,0.0,0.0,0.0,0.0,22.0,26.0,118.1818,9.0909,22.7273,111.0,164.0,147.7477,16.2162,21.6216,133,190,6.4511,-19.5902
2023,RA Tripathi,77.0,94.0,122.0779,20.7792,45.4545,117.0,155.0,132.4786,17.094,35.0427,19.0,24.0,126.3158,15.7895,36.8421,213,273,2.9437,-20.7727
2023,RD Chahar,0.0,0.0,0.0,0.0,0.0,8.0,0.0,0.0,0.0,100.0,1.0,0.0,0.0,0.0,100.0,9,0,9.0,-12.3868
2023,RD Gaikwad,235.0,345.0,146.8085,20.8511,34.8936,153.0,230.0,150.3268,16.9935,28.1046,12.0,15.0,125.0,8.3333,25.0,400,590,1.305,42.6078
2023,RG Sharma,179.0,234.0,130.7263,21.2291,49.162,66.0,94.0,142.4242,19.697,27.2727,5.0,4.0,80.0,20.0,80.0,250,332,1.416,-10.226
2023,RK Singh,11.0,18.0,163.6364,27.2727,36.3636,156.0,176.0,112.8205,10.2564,30.1282,150.0,280.0,186.6667,27.3333,30.6667,317,474,5.5773,5.7787
2023,RP Meredith,0.0,0.0,0.0,0.0,0.0,0.0,0.0,0.0,0.0,0.0,2.0,0.0,0.0,0.0,100.0,2,0,11.0,-3.243
2023,RR Rossouw,30.0,37.0,123.3333,20.0,46.6667,90.0,126.0,140.0,17.7778,38.8889,21.0,46.0,219.0476,28.5714,9.5238,141,209,4.0638,12.7268
2023,RV Patel,0.0,0.0,0.0,0.0,0.0,8.0,4.0,50.0,0.0,37.5,35.0,45.0,128.5714,11.4286,17.1429,43,49,7.2558,-18.5175
2023,Rahmanullah Gurbaz,112.0,145.0,129.4643,19.6429,50.0,57.0,82.0,143.8596,17.5439,33.3333,1.0,0.0,0.0,0.0,100.0,170,227,1.7588,-4.811
2023,Rashid Khan,0.0,0.0,0.0,0.0,0.0,13.0,28.0,215.3846,30.7692,38.4615,47.0,102.0,217.0213,36.1702,36.1702,60,130,8.2667,36.2963
2023,Ravi Bishnoi,0.0,0.0,0.0,0.0,0.0,16.0,8.0,50.0,0.0,43.75,11.0,12.0,109.0909,9.0909,54.5455,27,20,8.6296,-19.367
2023,S Dhawan,116.0,159.0,137.069,25.0,45.6897,101.0,134.0,132.6733,18.8119,31.6832,44.0,80.0,181.8182,29.5455,38.6364,261,373,2.3295,6.7742
2023,S Dube,0.0,0.0,0.0,0.0,0.0,189.0,288.0,152.381,16.9312,29.6296,75.0,130.0,173.3333,20.0,24.0,264,418,4.1288,42.0585
2023,SA Yadav,37.0,46.0,124.3243,13.5135,37.8378,246.0,450.0,182.9268,28.0488,24.3902,51.0,109.0,213.7255,37.2549,29.4118,334,605,3.7485,140.5663
2023,SM Curran,9.0,14.0,155.5556,22.2222,33.3333,119.0,116.0,97.479,8.4034,38.6555,75.0,146.0,194.6667,28.0,24.0,203,276,5.5911,-18.0791
2023,SN Khan,17.0,14.0,82.3529,11.7647,52.9412,33.0,25.0,75.7576,3.0303,39.3939,12.0,14.0,116.6667,16.6667,41.6667,62,53,4.3226,-34.1618
2023,SN Thakur,4.0,0.0,0.0,0.0,100.0,27.0,61.0,225.9259,33.3333,11.1111,39.0,52.0,133.3333,20.5128,33.3333,70,113,6.7,7.9473
2023,SO Hetmyer,5.0,7.0,140.0,20.0,60.0,82.0,99.0,120.7317,12.1951,37.8049,110.0,193.0,175.4545,21.8182,25.4545,197,299,5.6853,3.4397
2023,SP Narine,4.0,0.0,0.0,0.0,100.0,7.0,5.0,71.4286,14.2857,71.4286,14.0,16.0,114.2857,14.2857,35.7143,25,21,7.04,-16.6022
2023,SS Prabhudessai,0.0,0.0,0.0,0.0,0.0,16.0,16.0,100.0,6.25,37.5,13.0,19.0,146.1538,15.3846,46.1538,29,35,6.5172,-7.6099
2023,SV Samson,54.0,76.0,140.7407,24.0741,48.1481,159.0,242.0,152.2013,18.239,29.5597,23.0,44.0,191.3043,30.4348,26.087,236,362,3.3051,36.7433
2023,Sandeep Sharma,0.0,0.0,0.0,0.0,0.0,1.0,0.0,0.0,0.0,100.0,5.0,2.0,40.0,0.0,60.0,6,2,10.6667,-7.4531
2023,Sanvir Singh,5.0,7.0,140.0,20.0,60.0,1.0,0.0,0.0,0.0,100.0,3.0,4.0,133.3333,33.3333,33.3333,9,11,6.3333,-2.0622
2023,Shahbaz Ahmed,9.0,4.0,44.4444,0.0,55.5556,13.0,12.0,92.3077,7.6923,30.7692,17.0,26.0,152.9412,17.6471,5.8824,39,42,5.5641,-15.3927
2023,Shubman Gill,236.0,356.0,150.8475,24.5763,36.0169,272.0,429.0,157.7206,17.2794,19.4853,56.0,105.0,187.5,23.2143,10.7143,564,890,2.1631,109.7583
2023,Sikandar Raza,7.0,8.0,114.2857,0.0,28.5714,57.0,84.0,147.3684,19.2982,36.8421,34.0,47.0,138.2353,14.7059,35.2941,98,139,5.2653,-2.4262
2023,Swapnil Singh,0.0,0.0,0.0,0.0,0.0,0.0,0.0,0.0,0.0,0.0,4.0,2.0,50.0,0.0,50.0,4,2,7.0,-4.486
2023,T Stubbs,0.0,0.0,0.0,0.0,0.0,16.0,9.0,56.25,0.0,50.0,15.0,16.0,106.6667,13.3333,40.0,31,25,6.6452,-20.8529
2023,TA Boult,0.0,0.0,0.0,0.0,0.0,5.0,7.0,140.0,20.0,20.0,9.0,9.0,100.0,11.1111,55.5556,14,16,8.8571,-5.3217
2023,TH David,0.0,0.0,0.0,0.0,0.0,42.0,44.0,104.7619,7.1429,30.9524,104.0,187.0,179.8077,23.0769,24.0385,146,231,5.863,5.8471
2023,TU Deshpande,0.0,0.0,0.0,0.0,0.0,0.0,0.0,0.0,0.0,0.0,1.0,0.0,0.0,0.0,0.0,1,0,10.0,-1.6215
2023,Tilak Varma,17.0,50.0,294.1176,52.9412,17.6471,131.0,167.0,127.4809,15.2672,35.8779,61.0,126.0,206.5574,32.7869,32.7869,209,343,4.6555,44.5105
2023,UT Yadav,0.0,0.0,0.0,0.0,0.0,1.0,1.0,100.0,0.0,0.0,17.0,18.0,105.8824,5.8824,35.2941,18,19,9.2778,-9.911
2023,Umran Malik,0.0,0.0,0.0,0.0,0.0,0.0,0.0,0.0,0.0,0.0,8.0,19.0,237.5,37.5,37.5,8,19,10.0,6.0281
2023,V Kohli,220.0,301.0,136.8182,20.4545,35.4545,197.0,264.0,134.0102,13.198,20.8122,40.0,74.0,185.0,25.0,20.0,457,639,1.0,7.5533
2023,V Shankar,33.0,51.0,154.5455,30.303,45.4545,108.0,128.0,118.5185,12.963,28.7037,47.0,122.0,259.5745,38.2979,12.766,188,301,4.3457,34.2349
2023,VG Arora,0.0,0.0,0.0,0.0,0.0,0.0,0.0,0.0,0.0,0.0,2.0,3.0,150.0,0.0,0.0,2,3,10.0,-0.243
2023,VR Iyer,109.0,142.0,130.2752,21.1009,48.6239,146.0,234.0,160.274,17.8082,17.8082,22.0,28.0,127.2727,18.1818,31.8182,277,404,3.0794,22.4853
2023,Vijaykumar Vyshak,0.0,0.0,0.0,0.0,0.0,0.0,0.0,0.0,0.0,0.0,9.0,13.0,144.4444,11.1111,22.2222,9,13,9.8889,-1.5934
2023,Vishnu Vinod,0.0,0.0,0.0,0.0,0.0,25.0,34.0,136.0,16.0,32.0,6.0,3.0,50.0,0.0,33.3333,31,37,5.3548,-6.3704
2023,Vivrant Sharma,24.0,27.0,112.5,20.8333,41.6667,23.0,42.0,182.6087,26.087,17.3913,0.0,0.0,0.0,0.0,0.0,47,69,1.0,5.1598
2023,WD Parnell,0.0,0.0,0.0,0.0,0.0,0.0,0.0,0.0,0.0,0.0,5.0,2.0,40.0,0.0,60.0,5,2,8.0,-6.1075
2023,WP Saha,215.0,287.0,133.4884,21.8605,42.3256,72.0,84.0,116.6667,11.1111,23.6111,0.0,0.0,0.0,0.0,0.0,287,371,1.0,-20.5275
2023,Washington Sundar,0.0,0.0,0.0,0.0,0.0,26.0,14.0,53.8462,0.0,46.1538,34.0,46.0,135.2941,17.6471,23.5294,60,60,6.6667,-30.1179
2023,YBK Jaiswal,206.0,361.0,175.2427,34.466,45.1456,158.0,217.0,137.3418,18.3544,28.481,18.0,47.0,261.1111,50.0,33.3333,382,625,1.0,100.8927
2023,YV Dhull,9.0,2.0,22.2222,0.0,77.7778,14.0,14.0,100.0,7.1429,21.4286,0.0,0.0,0.0,0.0,0.0,23,16,4.6522,-15.173
2023,Yudhvir Singh,0.0,0.0,0.0,0.0,0.0,0.0,0.0,0.0,0.0,0.0,2.0,1.0,50.0,0.0,50.0,2,1,8.5,-2.243
2024,A Badoni,16.0,9.0,56.25,6.25,68.75,71.0,90.0,126.7606,12.6761,23.9437,84.0,136.0,161.9048,20.2381,20.2381,171,235,5.9825,-34.6585
2024,A Kamboj,0.0,0.0,0.0,0.0,0.0,0.0,0.0,0.0,0.0,0.0,2.0,2.0,100.0,0.0,0.0,2,2,9.0,-1.4751
2024,A Manohar,6.0,0.0,0.0,0.0,100.0,10.0,9.0,90.0,10.0,50.0,0.0,0.0,0.0,0.0,0.0,16,9,4.875,-13.9909
2024,A Nortje,0.0,0.0,0.0,0.0,0.0,0.0,0.0,0.0,0.0,0.0,8.0,4.0,50.0,0.0,62.5,8,4,9.75,-9.9005
2024,A Raghuvanshi,49.0,78.0,159.1837,26.5306,38.7755,55.0,85.0,154.5455,20.0,20.0,1.0,0.0,0.0,0.0,100.0,105,163,2.8286,11.0335
2024,AA Kulkarni,8.0,9.0,112.5,25.0,62.5,0.0,0.0,0.0,0.0,0.0,0.0,0.0,0.0,0.0,0.0,8,9,2.0,-2.8894
2024,AD Russell,0.0,0.0,0.0,0.0,0.0,56.0,87.0,155.3571,25.0,39.2857,64.0,135.0,210.9375,34.375,26.5625,120,222,6.05,31.9823
2024,AJ Turner,0.0,0.0,0.0,0.0,0.0,10.0,17.0,170.0,20.0,20.0,8.0,4.0,50.0,0.0,50.0,18,21,6.5,-6.9744
2024,AK Markram,45.0,57.0,126.6667,22.2222,42.2222,111.0,127.0,114.4144,7.2072,24.3243,21.0,36.0,171.4286,19.0476,4.7619,177,220,3.7232,-39.5868
2024,AM Rahane,114.0,145.0,127.193,19.2982,41.2281,82.0,97.0,118.2927,10.9756,25.6098,0.0,0.0,0.0,0.0,0.0,196,242,2.2653,-42.8299
2024,AR Patel,18.0,19.0,105.5556,16.6667,50.0,93.0,129.0,138.7097,19.3548,36.5591,68.0,87.0,127.9412,11.7647,22.0588,179,235,5.4078,-40.7924
2024,AS Roy,0.0,0.0,0.0,0.0,0.0,0.0,0.0,0.0,0.0,0.0,3.0,3.0,100.0,0.0,0.0,3,3,9.0,-2.2127
2024,Abdul Samad,0.0,0.0,0.0,0.0,0.0,48.0,61.0,127.0833,16.6667,37.5,60.0,121.0,201.6667,30.0,21.6667,108,182,6.787,10.1917
2024,Abhishek Sharma,169.0,343.0,202.9586,33.1361,32.5444,68.0,141.0,207.3529,32.3529,29.4118,0.0,0.0,0.0,0.0,0.0,237,484,2.0295,137.1339
2024,Abishek Porel,89.0,140.0,157.3034,26.9663,44.9438,97.0,144.0,148.4536,18.5567,27.8351,19.0,43.0,226.3158,36.8421,15.7895,205,327,3.4146,25.2
2024,Akash Deep,0.0,0.0,0.0,0.0,0.0,0.0,0.0,0.0,0.0,0.0,2.0,2.0,100.0,0.0,0.0,2,2,10.0,-1.4751
2024,Akash Madhwal,0.0,0.0,0.0,0.0,0.0,0.0,0.0,0.0,0.0,0.0,5.0,4.0,80.0,0.0,20.0,5,4,11.0,-4.6878
2024,Anmolpreet Singh,6.0,5.0,83.3333,16.6667,66.6667,0.0,0.0,0.0,0.0,0.0,0.0,0.0,0.0,0.0,0.0,6,5,3.0,-3.9171
2024,Anuj Rawat,0.0,0.0,0.0,0.0,0.0,47.0,44.0,93.617,8.5106,36.1702,30.0,54.0,180.0,30.0,30.0,77,98,6.3636,-20.2741
2024,Arshad Khan,0.0,0.0,0.0,0.0,0.0,21.0,30.0,142.8571,19.0476,42.8571,33.0,53.0,160.6061,21.2121,27.2727,54,83,8.2593,-3.8947
2024,Arshdeep Singh,0.0,0.0,0.0,0.0,0.0,0.0,0.0,0.0,0.0,0.0,3.0,4.0,133.3333,33.3333,66.6667,3,4,11.0,-1.2127
2024,Ashutosh Sharma,0.0,0.0,0.0,0.0,0.0,44.0,61.0,138.6364,18.1818,40.9091,69.0,128.0,185.5072,24.6377,18.8406,113,189,7.6903,7.1832
2024,Atharva Taide,29.0,42.0,144.8276,20.6897,31.0345,10.0,19.0,190.0,30.0,20.0,0.0,0.0,0.0,0.0,0.0,39,61,1.0,3.827
2024,Avesh Khan,0.0,0.0,0.0,0.0,0.0,0.0,0.0,0.0,0.0,0.0,5.0,10.0,200.0,20.0,0.0,5,10,10.0,1.3122
2024,Azmatullah Omarzai,0.0,0.0,0.0,0.0,0.0,29.0,36.0,124.1379,10.3448,27.5862,4.0,6.0,150.0,25.0,50.0,33,42,4.9091,-5.7645
2024,B Kumar,0.0,0.0,0.0,0.0,0.0,11.0,5.0,45.4545,9.0909,81.8182,18.0,18.0,100.0,11.1111,44.4444,29,23,9.5862,-23.7574
2024,B Sai Sudharsan,142.0,164.0,115.493,14.0845,40.1408,205.0,312.0,152.1951,18.5366,20.0,26.0,51.0,196.1538,26.9231,19.2308,373,527,2.4987,-17.7281
2024,BR Sharath,0.0,0.0,0.0,0.0,0.0,5.0,2.0,40.0,0.0,60.0,0.0,0.0,0.0,0.0,0.0,5,2,4.0,-5.0369
2024,C Green,24.0,29.0,120.8333,20.8333,58.3333,96.0,109.0,113.5417,11.4583,31.25,58.0,117.0,201.7241,27.5862,12.069,178,255,4.3876,-16.556
2024,D Brevis,20.0,16.0,80.0,10.0,60.0,38.0,53.0,139.4737,15.7895,36.8421,1.0,0.0,0.0,0.0,100.0,59,69,3.322,-15.9418
2024,D Ferreira,0.0,0.0,0.0,0.0,0.0,3.0,1.0,33.3333,0.0,66.6667,8.0,7.0,87.5,0.0,37.5,11,8,7.7273,-10.1227
2024,D Padikkal,30.0,22.0,73.3333,10.0,66.6667,23.0,16.0,69.5652,0.0,34.7826,0.0,0.0,0.0,0.0,0.0,53,38,3.1509,-38.9552
2024,DA Miller,9.0,6.0,66.6667,11.1111,77.7778,76.0,94.0,123.6842,14.4737,25.0,54.0,110.0,203.7037,29.6296,22.2222,139,210,4.5612,-4.1654
2024,DA Warner,87.0,125.0,143.6782,24.1379,49.4253,38.0,43.0,113.1579,15.7895,36.8421,0.0,0.0,0.0,0.0,0.0,125,168,1.464,-14.7781
2024,DG Nalkande,0.0,0.0,0.0,0.0,0.0,11.0,12.0,109.0909,9.0909,36.3636,0.0,0.0,0.0,0.0,0.0,11,12,6.0,-3.4813
2024,DJ Hooda,30.0,44.0,146.6667,23.3333,36.6667,69.0,84.0,121.7391,13.0435,27.5362,6.0,17.0,283.3333,50.0,16.6667,105,145,4.3905,-7.1204
2024,DJ Mitchell,73.0,97.0,132.8767,17.8082,34.2466,112.0,175.0,156.25,18.75,22.3214,38.0,46.0,121.0526,7.8947,18.4211,223,318,3.6457,-14.1456
2024,Dhruv Jurel,0.0,0.0,0.0,0.0,0.0,64.0,81.0,126.5625,15.625,34.375,77.0,114.0,148.0519,19.4805,29.8701,141,195,5.2199,-28.8651
2024,F du Plessis,194.0,309.0,159.2784,28.866,41.7526,73.0,126.0,172.6027,16.4384,10.9589,4.0,3.0,75.0,0.0,25.0,271,438,2.0,39.9923
2024,G Coetzee,0.0,0.0,0.0,0.0,0.0,4.0,3.0,75.0,0.0,25.0,18.0,11.0,61.1111,5.5556,55.5556,22,14,8.7273,-22.9057
2024,GJ Maxwell,3.0,0.0,0.0,0.0,100.0,35.0,36.0,102.8571,14.2857,45.7143,5.0,16.0,320.0,60.0,20.0,43,52,4.4651,-10.4049
2024,Gulbadin Naib,0.0,0.0,0.0,0.0,0.0,5.0,4.0,80.0,0.0,20.0,10.0,15.0,150.0,20.0,30.0,15,19,7.0,-5.4126
2024,H Klaasen,8.0,13.0,162.5,25.0,37.5,181.0,271.0,149.7238,16.0221,27.6243,91.0,195.0,214.2857,28.5714,21.978,280,479,4.9929,54.2553
2024,HH Pandya,10.0,16.0,160.0,30.0,50.0,107.0,150.0,140.1869,17.757,33.6449,34.0,50.0,147.0588,17.6471,35.2941,151,216,5.1325,-8.5294
2024,HV Patel,0.0,0.0,0.0,0.0,0.0,13.0,12.0,92.3077,15.3846,69.2308,6.0,1.0,16.6667,0.0,83.3333,19,13,9.3158,-15.7214
2024,Harpreet Brar,0.0,0.0,0.0,0.0,0.0,10.0,11.0,110.0,20.0,40.0,44.0,64.0,145.4545,18.1818,27.2727,54,75,8.6852,-15.5266
2024,Harpreet Singh,13.0,12.0,92.3077,15.3846,61.5385,7.0,4.0,57.1429,0.0,42.8571,14.0,11.0,78.5714,0.0,28.5714,34,27,7.1176,-26.4979
2024,I Sharma,0.0,0.0,0.0,0.0,0.0,0.0,0.0,0.0,0.0,0.0,7.0,1.0,14.2857,0.0,85.7143,7,1,11.0,-11.1629
2024,Ishan Kishan,148.0,239.0,161.4865,28.3784,40.5405,61.0,74.0,121.3115,13.1148,32.7869,6.0,7.0,116.6667,16.6667,33.3333,215,320,1.4744,3.7699
2024,J Fraser-McGurk,106.0,266.0,250.9434,49.0566,33.0189,35.0,64.0,182.8571,22.8571,37.1429,0.0,0.0,0.0,0.0,0.0,141,330,1.9007,123.2068
2024,JA Richardson,0.0,0.0,0.0,0.0,0.0,0.0,0.0,0.0,0.0,0.0,2.0,2.0,100.0,0.0,50.0,2,2,9.0,-1.4751
2024,JC Buttler,149.0,198.0,132.8859,19.4631,37.5839,71.0,89.0,125.3521,14.0845,30.9859,35.0,72.0,205.7143,25.7143,25.7143,255,359,2.2941,-23.1794
2024,JD Unadkat,0.0,0.0,0.0,0.0,0.0,5.0,0.0,0.0,0.0,100.0,21.0,24.0,114.2857,14.2857,38.0952,26,24,10.1154,-19.5257
2024,JJ Bumrah,0.0,0.0,0.0,0.0,0.0,0.0,0.0,0.0,0.0,0.0,12.0,12.0,100.0,8.3333,33.3333,12,12,10.1667,-8.8507
2024,JM Bairstow,117.0,169.0,144.4444,24.7863,36.7521,72.0,118.0,163.8889,23.6111,37.5,6.0,11.0,183.3333,16.6667,16.6667,195,298,2.1949,12.3601
2024,JM Sharma,0.0,0.0,0.0,0.0,0.0,104.0,118.0,113.4615,11.5385,37.5,38.0,69.0,181.5789,23.6842,31.5789,142,187,5.3944,-25.3957
2024,K Rabada,0.0,0.0,0.0,0.0,0.0,0.0,0.0,0.0,0.0,0.0,14.0,20.0,142.8571,14.2857,21.4286,14,20,11.0,-4.3259
2024,KA Maharaj,0.0,0.0,0.0,0.0,0.0,0.0,0.0,0.0,0.0,0.0,2.0,1.0,50.0,0.0,50.0,2,1,8.0,-2.4751
2024,KD Karthik,0.0,0.0,0.0,0.0,0.0,58.0,77.0,132.7586,17.2414,29.3103,116.0,249.0,214.6552,33.6207,25.8621,174,326,6.5632,42.8144
2024,KH Pandya,2.0,2.0,100.0,0.0,0.0,48.0,49.0,102.0833,8.3333,37.5,55.0,82.0,149.0909,16.3636,21.8182,105,133,6.5524,-33.0929
2024,KL Rahul,207.0,273.0,131.8841,18.3575,38.6473,156.0,223.0,142.9487,14.7436,19.8718,19.0,24.0,126.3158,15.7895,31.5789,382,520,2.0524,-40.2046
2024,KS Williamson,13.0,16.0,123.0769,23.0769,53.8462,14.0,11.0,78.5714,7.1429,57.1429,0.0,0.0,0.0,0.0,0.0,27,27,3.0,-12.0237
2024,KV Sharma,0.0,0.0,0.0,0.0,0.0,0.0,0.0,0.0,0.0,0.0,15.0,31.0,206.6667,33.3333,26.6667,15,31,9.0,4.9366
2024,Kuldeep Yadav,0.0,0.0,0.0,0.0,0.0,6.0,10.0,166.6667,33.3333,33.3333,35.0,37.0,105.7143,14.2857,45.7143,41,47,9.3171,-22.259
2024,Kumar Kushagra,3.0,2.0,66.6667,0.0,66.6667,3.0,1.0,33.3333,0.0,66.6667,1.0,0.0,0.0,0.0,100.0,7,3,6.7143,-7.4183
2024,L Wood,0.0,0.0,0.0,0.0,0.0,0.0,0.0,0.0,0.0,0.0,3.0,9.0,300.0,33.3333,0.0,3,9,10.0,3.7873
2024,LB Williams,0.0,0.0,0.0,0.0,0.0,0.0,0.0,0.0,0.0,0.0,2.0,1.0,50.0,0.0,50.0,2,1,11.0,-2.4751
2024,LH Ferguson,0.0,0.0,0.0,0.0,0.0,0.0,0.0,0.0,0.0,0.0,1.0,1.0,100.0,0.0,0.0,1,1,10.0,-0.7376
2024,LS Livingstone,2.0,1.0,50.0,0.0,50.0,38.0,39.0,102.6316,10.5263,44.7368,38.0,71.0,186.8421,28.9474,23.6842,78,111,5.4615,-11.4804
2024,Lalit Yadav,0.0,0.0,0.0,0.0,0.0,8.0,7.0,87.5,12.5,50.0,4.0,3.0,75.0,0.0,50.0,12,10,7.0,-8.2093
2024,M Jansen,0.0,0.0,0.0,0.0,0.0,10.0,16.0,160.0,20.0,30.0,3.0,2.0,66.6667,0.0,33.3333,13,18,6.1538,-1.2866
2024,M Shahrukh Khan,5.0,8.0,160.0,20.0,20.0,55.0,95.0,172.7273,25.4545,30.9091,15.0,24.0,160.0,20.0,20.0,75,127,4.6533,16.0994
2024,MA Agarwal,52.0,59.0,113.4615,15.3846,46.1538,5.0,5.0,100.0,20.0,60.0,0.0,0.0,0.0,0.0,0.0,57,64,1.2105,-20.3181
2024,MA Starc,0.0,0.0,0.0,0.0,0.0,0.0,0.0,0.0,0.0,0.0,11.0,9.0,81.8182,9.0909,45.4545,11,9,9.3636,-10.1132
2024,MJ Santner,0.0,0.0,0.0,0.0,0.0,12.0,12.0,100.0,8.3333,25.0,5.0,2.0,40.0,0.0,60.0,17,14,7.2353,-11.5765
2024,MJ Suthar,0.0,0.0,0.0,0.0,0.0,0.0,0.0,0.0,0.0,0.0,2.0,1.0,50.0,0.0,50.0,2,1,9.0,-2.4751
2024,MK Lomror,0.0,0.0,0.0,0.0,0.0,25.0,39.0,156.0,20.0,28.0,43.0,86.0,200.0,30.2326,20.9302,68,125,6.5735,15.1002
2024,MK Pandey,0.0,0.0,0.0,0.0,0.0,26.0,34.0,130.7692,11.5385,23.0769,5.0,8.0,160.0,20.0,20.0,31,42,7.0,-3.2799
2024,MM Ali,12.0,18.0,150.0,25.0,33.3333,67.0,72.0,107.4627,10.4478,34.3284,19.0,38.0,200.0,26.3158,26.3158,98,128,5.3673,-17.1428
2024,MM Sharma,0.0,0.0,0.0,0.0,0.0,14.0,2.0,14.2857,0.0,78.5714,1.0,0.0,0.0,0.0,100.0,15,2,9.0667,-19.441
2024,MP Stoinis,97.0,130.0,134.0206,22.6804,47.4227,139.0,209.0,150.3597,17.9856,25.8993,27.0,49.0,181.4815,29.6296,22.2222,263,388,3.1749,1.2999
2024,MR Marsh,26.0,43.0,165.3846,34.6154,46.1538,12.0,18.0,150.0,25.0,41.6667,0.0,0.0,0.0,0.0,0.0,38,61,2.6842,5.4708
2024,MS Dhoni,0.0,0.0,0.0,0.0,0.0,0.0,0.0,0.0,0.0,0.0,73.0,161.0,220.5479,36.9863,28.7671,73,161,7.4932,34.158
2024,MS Wade,0.0,0.0,0.0,0.0,0.0,6.0,4.0,66.6667,0.0,33.3333,0.0,0.0,0.0,0.0,0.0,6,4,3.0,-4.4443
2024,Mayank Dagar,0.0,0.0,0.0,0.0,0.0,0.0,0.0,0.0,0.0,0.0,1.0,0.0,0.0,0.0,100.0,1,0,9.0,-1.7376
2024,Mohammad Nabi,13.0,20.0,153.8462,23.0769,30.7692,4.0,3.0,75.0,0.0,25.0,14.0,12.0,85.7143,7.1429,35.7143,31,35,6.3548,-14.2757
2024,Mohammed Siraj,0.0,0.0,0.0,0.0,0.0,0.0,0.0,0.0,0.0,0.0,8.0,12.0,150.0,25.0,75.0,8,12,11.0,-1.9005
2024,Mohsin Khan,0.0,0.0,0.0,0.0,0.0,0.0,0.0,0.0,0.0,0.0,1.0,2.0,200.0,0.0,0.0,1,2,9.0,0.2624
2024,Mukesh Kumar,0.0,0.0,0.0,0.0,0.0,0.0,0.0,0.0,0.0,0.0,9.0,3.0,33.3333,0.0,66.6667,9,3,9.4444,-12.6381
2024,N Pooran,11.0,32.0,290.9091,54.5455,27.2727,143.0,247.0,172.7273,22.3776,22.3776,126.0,220.0,174.6032,26.1905,34.9206,280,499,5.175,62.4628
2024,N Rana,14.0,12.0,85.7143,14.2857,50.0,20.0,30.0,150.0,20.0,25.0,0.0,0.0,0.0,0.0,0.0,34,42,5.0,-6.9542
2024,N Wadhera,3.0,1.0,33.3333,0.0,66.6667,68.0,86.0,126.4706,17.6471,39.7059,13.0,22.0,169.2308,23.0769,30.7692,84,109,6.0357,-13.7492
2024,Naman Dhir,35.0,38.0,108.5714,20.0,54.2857,19.0,45.0,236.8421,36.8421,21.0526,25.0,57.0,228.0,32.0,16.0,79,140,4.6709,17.8044
2024,Naveen-ul-Haq,0.0,0.0,0.0,0.0,0.0,0.0,0.0,0.0,0.0,0.0,4.0,2.0,50.0,0.0,75.0,4,2,11.0,-4.9502
2024,Nithish Kumar Reddy,40.0,37.0,92.5,7.5,50.0,142.0,213.0,150.0,18.3099,29.5775,30.0,53.0,176.6667,23.3333,33.3333,212,303,4.5425,-8.423
2024,Noor Ahmad,0.0,0.0,0.0,0.0,0.0,0.0,0.0,0.0,0.0,0.0,9.0,5.0,55.5556,11.1111,77.7778,9,5,10.2222,-10.6381
2024,P Simran Singh,148.0,236.0,159.4595,27.7027,45.2703,65.0,98.0,150.7692,20.0,30.7692,0.0,0.0,0.0,0.0,0.0,213,334,2.1127,22.5657
2024,PD Salt,160.0,296.0,185.0,33.125,36.25,76.0,134.0,176.3158,26.3158,25.0,3.0,5.0,166.6667,33.3333,33.3333,239,435,1.0,85.0377
2024,PJ Cummins,0.0,0.0,0.0,0.0,0.0,24.0,43.0,179.1667,25.0,29.1667,71.0,93.0,130.9859,15.493,38.0282,95,136,8.8316,-21.1442
2024,PP Chawla,0.0,0.0,0.0,0.0,0.0,6.0,3.0,50.0,0.0,50.0,9.0,12.0,133.3333,22.2222,44.4444,15,15,8.4667,-9.0824
2024,PP Shaw,88.0,140.0,159.0909,30.6818,37.5,33.0,58.0,175.7576,24.2424,24.2424,0.0,0.0,0.0,0.0,0.0,121,198,1.0579,20.7727
2024,Q de Kock,104.0,139.0,133.6538,23.0769,51.9231,74.0,101.0,136.4865,16.2162,25.6757,8.0,10.0,125.0,25.0,50.0,186,250,1.0269,-22.6095
2024,R Ashwin,0.0,0.0,0.0,0.0,0.0,68.0,81.0,119.1176,13.2353,35.2941,6.0,5.0,83.3333,0.0,16.6667,74,86,5.4189,-20.1277
2024,R Parag,40.0,50.0,125.0,22.5,50.0,268.0,382.0,142.5373,16.0448,27.2388,76.0,141.0,185.5263,27.6316,31.5789,384,573,4.0,4.3183
2024,R Powell,0.0,0.0,0.0,0.0,0.0,16.0,8.0,50.0,6.25,68.75,52.0,95.0,182.6923,28.8462,34.6154,68,103,7.0,-9.8714
2024,R Ravindra,110.0,169.0,153.6364,25.4545,39.0909,28.0,53.0,189.2857,21.4286,14.2857,0.0,0.0,0.0,0.0,0.0,138,222,2.0145,19.1138
2024,R Sai Kishore,0.0,0.0,0.0,0.0,0.0,0.0,0.0,0.0,0.0,0.0,6.0,13.0,216.6667,33.3333,33.3333,6,13,9.0,2.5746
2024,R Shepherd,0.0,0.0,0.0,0.0,0.0,0.0,0.0,0.0,0.0,0.0,21.0,57.0,271.4286,47.619,19.0476,21,57,7.0476,20.5112
2024,R Tewatia,0.0,0.0,0.0,0.0,0.0,39.0,30.0,76.9231,7.6923,41.0256,90.0,158.0,175.5556,28.8889,27.7778,129,188,6.4341,-23.2687
2024,RA Jadeja,10.0,8.0,80.0,10.0,50.0,93.0,118.0,126.8817,13.9785,25.8065,84.0,141.0,167.8571,19.0476,16.6667,187,267,5.3636,-24.704
2024,RA Tripathi,67.0,104.0,155.2239,26.8657,37.3134,48.0,61.0,127.0833,12.5,22.9167,0.0,0.0,0.0,0.0,0.0,115,165,2.6696,-2.1284
2024,RD Chahar,0.0,0.0,0.0,0.0,0.0,1.0,1.0,100.0,0.0,0.0,14.0,20.0,142.8571,28.5714,57.1429,15,21,9.6667,-4.7332
2024,RD Gaikwad,185.0,261.0,141.0811,22.7027,37.2973,182.0,243.0,133.5165,12.6374,23.6264,46.0,79.0,171.7391,23.913,30.4348,413,583,2.0121,-28.015
2024,RG Sharma,177.0,269.0,151.9774,25.4237,46.3277,87.0,120.0,137.931,21.8391,40.2299,14.0,28.0,200.0,28.5714,14.2857,278,417,1.5827,7.1782
2024,RJ Gleeson,0.0,0.0,0.0,0.0,0.0,0.0,0.0,0.0,0.0,0.0,2.0,2.0,100.0,0.0,0.0,2,2,11.0,-1.4751
2024,RJW Topley,0.0,0.0,0.0,0.0,0.0,0.0,0.0,0.0,0.0,0.0,6.0,3.0,50.0,0.0,50.0,6,3,10.0,-7.4254
2024,RK Bhui,2.0,0.0,0.0,0.0,100.0,7.0,3.0,42.8571,0.0,57.1429,0.0,0.0,0.0,0.0,0.0,9,3,4.5556,-9.8241
2024,RK Singh,7.0,9.0,128.5714,28.5714,57.1429,58.0,73.0,125.8621,12.069,32.7586,48.0,86.0,179.1667,25.0,25.0,113,168,5.9292,-7.4347
2024,RM Patidar,39.0,63.0,161.5385,30.7692,38.4615,172.0,312.0,181.3953,22.6744,26.7442,12.0,20.0,166.6667,25.0,33.3333,223,395,3.8072,74.1177
2024,RR Pant,19.0,26.0,136.8421,21.0526,47.3684,209.0,287.0,137.3206,17.7033,31.5789,59.0,133.0,225.4237,33.8983,23.7288,287,446,4.6202,21.1025
2024,RR Rossouw,46.0,82.0,178.2609,39.1304,45.6522,63.0,114.0,180.9524,25.3968,25.3968,7.0,15.0,214.2857,28.5714,14.2857,116,211,2.6552,41.8075
2024,Rahmanullah Gurbaz,36.0,44.0,122.2222,22.2222,55.5556,10.0,18.0,180.0,30.0,40.0,0.0,0.0,0.0,0.0,0.0,46,62,1.0,-5.5762
2024,Ramandeep Singh,0.0,0.0,0.0,0.0,0.0,34.0,57.0,167.6471,20.5882,32.3529,28.0,68.0,242.8571,35.7143,21.4286,62,125,6.9516,28.4971
2024,Rashid Khan,0.0,0.0,0.0,0.0,0.0,27.0,32.0,118.5185,11.1111,37.037,44.0,70.0,159.0909,25.0,29.5455,71,102,7.8028,-12.4522
2024,Rasikh Salam,0.0,0.0,0.0,0.0,0.0,15.0,11.0,73.3333,6.6667,46.6667,15.0,17.0,113.3333,20.0,40.0,30,28,8.8333,-19.1742
2024,Ravi Bishnoi,0.0,0.0,0.0,0.0,0.0,1.0,1.0,100.0,0.0,0.0,5.0,3.0,60.0,0.0,40.0,6,4,9.6667,-6.0952
2024,S Dhawan,80.0,99.0,123.75,20.0,46.25,38.0,51.0,134.2105,15.7895,26.3158,3.0,2.0,66.6667,0.0,33.3333,121,152,1.0,-25.5875
2024,S Dube,0.0,0.0,0.0,0.0,0.0,155.0,219.0,141.2903,18.7097,32.9032,89.0,177.0,198.8764,30.3371,30.3371,244,396,4.5369,23.2119
2024,SA Yadav,56.0,86.0,153.5714,26.7857,44.6429,134.0,222.0,165.6716,23.8806,32.8358,16.0,37.0,231.25,43.75,37.5,206,345,3.3786,45.3832
2024,SB Dubey,0.0,0.0,0.0,0.0,0.0,13.0,22.0,169.2308,23.0769,15.3846,6.0,11.0,183.3333,33.3333,50.0,19,33,5.3684,4.2786
2024,SD Hope,60.0,78.0,130.0,21.6667,51.6667,52.0,94.0,180.7692,19.2308,19.2308,10.0,11.0,110.0,10.0,40.0,122,183,3.2869,3.2697
2024,SH Johnson,0.0,0.0,0.0,0.0,0.0,0.0,0.0,0.0,0.0,0.0,7.0,6.0,85.7143,14.2857,42.8571,7,6,10.1429,-6.1629
2024,SM Curran,43.0,41.0,95.3488,11.6279,41.8605,129.0,162.0,125.5814,12.4031,25.5814,47.0,67.0,142.5532,19.1489,29.7872,219,270,4.3562,-57.124
2024,SN Thakur,0.0,0.0,0.0,0.0,0.0,0.0,0.0,0.0,0.0,0.0,17.0,21.0,123.5294,17.6471,41.1765,17,21,8.5882,-8.5385
2024,SO Hetmyer,0.0,0.0,0.0,0.0,0.0,19.0,17.0,89.4737,10.5263,36.8421,50.0,96.0,192.0,28.0,24.0,69,113,5.9565,-0.6184
2024,SP Narine,165.0,281.0,170.303,30.303,39.3939,93.0,177.0,190.3226,29.0323,31.1828,12.0,30.0,250.0,50.0,33.3333,270,488,2.0778,91.0431
2024,SS Iyer,26.0,18.0,69.2308,11.5385,65.3846,157.0,220.0,140.1274,18.4713,27.3885,56.0,113.0,201.7857,28.5714,17.8571,239,351,4.364,-5.9039
2024,SS Prabhudessai,0.0,0.0,0.0,0.0,0.0,11.0,19.0,172.7273,18.1818,18.1818,7.0,5.0,71.4286,14.2857,71.4286,18,24,6.0,-3.6442
2024,SV Samson,100.0,145.0,145.0,27.0,46.0,193.0,282.0,146.114,16.0622,21.2435,53.0,104.0,196.2264,26.4151,18.8679,346,531,2.7023,18.6658
2024,SZ Mulani,0.0,0.0,0.0,0.0,0.0,0.0,0.0,0.0,0.0,0.0,1.0,1.0,100.0,0.0,0.0,1,1,11.0,-0.7376
2024,Sameer Rizvi,0.0,0.0,0.0,0.0,0.0,27.0,18.0,66.6667,0.0,48.1481,16.0,33.0,206.25,37.5,37.5,43,51,5.6512,-14.8005
2024,Sanvir Singh,0.0,0.0,0.0,0.0,0.0,1.0,0.0,0.0,0.0,100.0,11.0,14.0,127.2727,9.0909,9.0909,12,14,9.1667,-6.5206
2024,Saurav Chauhan,0.0,0.0,0.0,0.0,0.0,2.0,1.0,50.0,0.0,50.0,13.0,17.0,130.7692,15.3846,38.4615,15,18,6.2667,-7.4031
2024,Shahbaz Ahmed,3.0,3.0,100.0,0.0,33.3333,78.0,83.0,106.4103,6.4103,28.2051,85.0,129.0,151.7647,17.6471,32.9412,166,215,6.0964,-46.9275
2024,Shashank Singh,25.0,34.0,136.0,24.0,40.0,129.0,185.0,143.4109,17.8295,27.907,61.0,135.0,221.3115,32.7869,14.7541,215,354,5.0372,29.3013
2024,Shivam Singh,0.0,0.0,0.0,0.0,0.0,0.0,0.0,0.0,0.0,0.0,3.0,2.0,66.6667,0.0,33.3333,3,2,7.0,-3.2127
2024,Shubman Gill,148.0,194.0,131.0811,18.9189,39.8649,112.0,179.0,159.8214,16.0714,16.0714,29.0,53.0,182.7586,20.6897,10.3448,289,426,2.0,-1.9708
2024,Sikandar Raza,2.0,0.0,0.0,0.0,100.0,36.0,43.0,119.4444,11.1111,36.1111,0.0,0.0,0.0,0.0,0.0,38,43,5.0,-10.6383
2024,Sumit Kumar,2.0,0.0,0.0,0.0,100.0,12.0,16.0,133.3333,25.0,41.6667,10.0,2.0,20.0,0.0,70.0,24,18,7.25,-19.2366
2024,Swapnil Singh,0.0,0.0,0.0,0.0,0.0,9.0,15.0,166.6667,33.3333,44.4444,12.0,22.0,183.3333,25.0,25.0,21,37,8.0,3.4828
2024,T Kohler-Cadmore,51.0,47.0,92.1569,15.6863,58.8235,3.0,1.0,33.3333,0.0,66.6667,0.0,0.0,0.0,0.0,0.0,54,48,2.4259,-32.0171
2024,T Stubbs,7.0,10.0,142.8571,28.5714,42.8571,95.0,116.0,122.1053,10.5263,27.3684,96.0,252.0,262.5,39.5833,9.375,198,378,5.1616,67.089
2024,TA Boult,0.0,0.0,0.0,0.0,0.0,0.0,0.0,0.0,0.0,0.0,16.0,14.0,87.5,12.5,56.25,16,14,9.0,-13.801
2024,TH David,0.0,0.0,0.0,0.0,0.0,39.0,36.0,92.3077,5.1282,30.7692,113.0,205.0,181.4159,23.8938,26.5487,152,241,6.875,-10.2326
2024,TM Head,193.0,402.0,208.2902,38.342,30.5699,103.0,165.0,160.1942,21.3592,27.1845,0.0,0.0,0.0,0.0,0.0,296,567,1.3851,135.2071
2024,TU Deshpande,0.0,0.0,0.0,0.0,0.0,0.0,0.0,0.0,0.0,0.0,1.0,0.0,0.0,0.0,100.0,1,0,10.0,-1.7376
2024,Tanush Kotian,20.0,18.0,90.0,15.0,55.0,11.0,6.0,54.5455,0.0,54.5455,0.0,0.0,0.0,0.0,0.0,31,24,2.0,-21.2048
2024,Tilak Varma,44.0,40.0,90.9091,9.0909,45.4545,192.0,303.0,157.8125,21.3542,25.0,42.0,73.0,173.8095,21.4286,23.8095,278,416,4.3633,7.4122
2024,UT Yadav,0.0,0.0,0.0,0.0,0.0,1.0,0.0,0.0,0.0,100.0,14.0,12.0,85.7143,7.1429,50.0,15,12,9.0,-13.7332
2024,V Kohli,231.0,373.0,161.4719,24.6753,35.0649,198.0,271.0,136.8687,14.1414,23.7374,50.0,97.0,194.0,30.0,26.0,479,741,1.0,32.1525
2024,V Shankar,8.0,8.0,100.0,12.5,62.5,35.0,40.0,114.2857,11.4286,28.5714,29.0,35.0,120.6897,13.7931,27.5862,72,83,5.1944,-28.5373
2024,V Viyaskanth,0.0,0.0,0.0,0.0,0.0,0.0,0.0,0.0,0.0,0.0,5.0,7.0,140.0,0.0,0.0,5,7,11.0,-1.6878
2024,VG Arora,0.0,0.0,0.0,0.0,0.0,0.0,0.0,0.0,0.0,0.0,1.0,1.0,100.0,0.0,0.0,1,1,11.0,-0.7376
2024,VR Iyer,50.0,111.0,222.0,44.0,32.0,140.0,199.0,142.1429,17.1429,31.4286,43.0,60.0,139.5349,18.6047,44.186,233,370,3.8326,23.9418
2024,Vijaykumar Vyshak,0.0,0.0,0.0,0.0,0.0,0.0,0.0,0.0,0.0,0.0,3.0,1.0,33.3333,0.0,66.6667,3,1,9.0,-4.2127
2024,WG Jacks,49.0,73.0,148.9796,22.449,42.8571,77.0,129.0,167.5325,23.3766,28.5714,5.0,28.0,560.0,100.0,0.0,131,230,3.0,40.1207
2024,WP Saha,105.0,130.0,123.8095,20.0,39.0476,10.0,6.0,60.0,0.0,50.0,0.0,0.0,0.0,0.0,0.0,115,136,1.0,-34.1224
2024,Washington Sundar,0.0,0.0,0.0,0.0,0.0,0.0,0.0,0.0,0.0,0.0,1.0,0.0,0.0,0.0,100.0,1,0,8.0,-1.7376
2024,YBK Jaiswal,183.0,282.0,154.0984,28.4153,43.7158,84.0,136.0,161.9048,19.0476,22.619,12.0,17.0,141.6667,16.6667,33.3333,279,435,1.0,23.9585
2024,Yudhvir Singh,0.0,0.0,0.0,0.0,0.0,4.0,2.0,50.0,0.0,50.0,10.0,19.0,190.0,30.0,50.0,14,21,9.0,-2.0052
2025,A Badoni,10.0,11.0,110.0,10.0,50.0,134.0,184.0,137.3134,15.6716,29.1045,78.0,134.0,171.7949,24.359,25.641,222,329,5.027,-13.4509
2025,A Kamboj,0.0,0.0,0.0,0.0,0.0,0.0,0.0,0.0,0.0,0.0,12.0,14.0,116.6667,16.6667,50.0,12,14,9.5833,-6.5938
2025,A Manohar,0.0,0.0,0.0,0.0,0.0,30.0,18.0,60.0,3.3333,56.6667,31.0,43.0,138.7097,16.129,35.4839,61,61,7.0,-35.5085
2025,A Mhatre,92.0,177.0,192.3913,36.9565,35.8696,32.0,60.0,187.5,25.0,21.875,3.0,3.0,100.0,0.0,33.3333,127,240,1.5827,49.2811
2025,A Raghuvanshi,43.0,76.0,176.7442,30.2326,32.5581,129.0,166.0,128.6822,13.9535,24.031,43.0,58.0,134.8837,16.2791,25.5814,215,300,4.3116,-25.161
2025,AD Russell,0.0,0.0,0.0,0.0,0.0,52.0,59.0,113.4615,19.2308,55.7692,50.0,108.0,216.0,40.0,40.0,102,167,6.2941,6.1256
2025,AK Markram,176.0,266.0,151.1364,23.8636,38.0682,110.0,161.0,146.3636,14.5455,22.7273,13.0,18.0,138.4615,15.3846,30.7692,299,445,1.4548,-2.7365
2025,AM Rahane,127.0,238.0,187.4016,33.8583,40.1575,137.0,152.0,110.9489,9.4891,30.6569,0.0,0.0,0.0,0.0,0.0,264,390,2.822,-0.1712
2025,AR Patel,27.0,39.0,144.4444,22.2222,37.037,108.0,157.0,145.3704,20.3704,34.2593,32.0,67.0,209.375,31.25,21.875,167,263,4.5928,11.2713
2025,AS Roy,0.0,0.0,0.0,0.0,0.0,0.0,0.0,0.0,0.0,0.0,1.0,0.0,0.0,0.0,100.0,1,0,9.0,-1.7161
2025,Abdul Samad,0.0,0.0,0.0,0.0,0.0,36.0,58.0,161.1111,22.2222,33.3333,57.0,106.0,185.9649,24.5614,19.2982,93,164,6.3763,14.2101
2025,Abhishek Sharma,153.0,260.0,169.9346,30.0654,39.2157,67.0,163.0,243.2836,37.3134,20.8955,7.0,16.0,228.5714,42.8571,28.5714,227,439,1.6256,98.4788
2025,Abishek Porel,118.0,175.0,148.3051,22.8814,34.7458,85.0,119.0,140.0,14.1176,20.0,2.0,7.0,350.0,50.0,0.0,205,301,2.1415,-3.902
2025,Akash Deep,0.0,0.0,0.0,0.0,0.0,0.0,0.0,0.0,0.0,0.0,2.0,6.0,300.0,50.0,50.0,2,6,8.5,2.5677
2025,Akash Madhwal,0.0,0.0,0.0,0.0,0.0,5.0,2.0,40.0,0.0,60.0,4.0,2.0,50.0,0.0,50.0,9,4,11.0,-10.0826
2025,Aniket Verma,16.0,17.0,106.25,12.5,43.75,82.0,139.0,169.5122,23.1707,35.3659,44.0,80.0,181.8182,25.0,27.2727,142,236,5.4648,17.8754
2025,Arshad Khan,0.0,0.0,0.0,0.0,0.0,5.0,7.0,140.0,20.0,60.0,14.0,16.0,114.2857,14.2857,57.1429,19,23,8.5263,-8.2441
2025,Arshdeep Singh,0.0,0.0,0.0,0.0,0.0,0.0,0.0,0.0,0.0,0.0,6.0,2.0,33.3333,0.0,66.6667,6,2,10.1667,-8.2969
2025,Ashutosh Sharma,0.0,0.0,0.0,0.0,0.0,50.0,60.0,120.0,12.0,32.0,77.0,144.0,187.013,27.2727,24.6753,127,204,7.1024,-0.3232
2025,Atharva Taide,9.0,13.0,144.4444,33.3333,44.4444,0.0,0.0,0.0,0.0,0.0,0.0,0.0,0.0,0.0,0.0,9,13,1.0,-0.6345
2025,Avesh Khan,0.0,0.0,0.0,0.0,0.0,0.0,0.0,0.0,0.0,0.0,12.0,21.0,175.0,33.3333,50.0,12,21,8.25,0.4062
2025,Azmatullah Omarzai,0.0,0.0,0.0,0.0,0.0,27.0,34.0,125.9259,18.5185,44.4444,14.0,23.0,164.2857,28.5714,35.7143,41,57,6.6098,-6.0032
2025,B Kumar,0.0,0.0,0.0,0.0,0.0,13.0,8.0,61.5385,7.6923,61.5385,12.0,6.0,50.0,0.0,66.6667,25,14,9.0,-25.3605
2025,B Sai Sudharsan,258.0,402.0,155.814,24.8062,31.3953,199.0,296.0,148.7437,18.0905,19.0955,29.0,61.0,210.3448,31.0345,20.6897,486,759,1.0,31.0992
2025,BKG Mendis,9.0,20.0,222.2222,33.3333,33.3333,1.0,0.0,0.0,0.0,100.0,0.0,0.0,0.0,0.0,0.0,10,20,3.0,4.9219
2025,C Bosch,0.0,0.0,0.0,0.0,0.0,5.0,2.0,40.0,0.0,60.0,27.0,45.0,166.6667,22.2222,33.3333,32,47,8.0,-6.554
2025,CV Varun,0.0,0.0,0.0,0.0,0.0,0.0,0.0,0.0,0.0,0.0,1.0,1.0,100.0,0.0,0.0,1,1,11.0,-0.7161
2025,D Brevis,4.0,3.0,75.0,0.0,25.0,102.0,172.0,168.6275,21.5686,28.4314,19.0,50.0,263.1579,42.1053,15.7895,125,225,5.6,39.0866
2025,D Ferreira,0.0,0.0,0.0,0.0,0.0,0.0,0.0,0.0,0.0,0.0,3.0,1.0,33.3333,0.0,33.3333,3,1,8.0,-4.1484
2025,D Padikkal,46.0,68.0,147.8261,23.913,50.0,103.0,155.0,150.4854,20.3883,27.1845,15.0,24.0,160.0,26.6667,40.0,164,247,2.8659,2.8798
2025,DA Miller,0.0,0.0,0.0,0.0,0.0,51.0,70.0,137.2549,17.6471,29.4118,69.0,83.0,120.2899,11.5942,24.6377,120,153,5.5917,-39.0376
2025,DJ Hooda,9.0,4.0,44.4444,11.1111,88.8889,14.0,9.0,64.2857,0.0,42.8571,18.0,18.0,100.0,11.1111,44.4444,41,31,6.2439,-33.7356
2025,DL Chahar,0.0,0.0,0.0,0.0,0.0,0.0,0.0,0.0,0.0,0.0,25.0,37.0,148.0,20.0,32.0,25,37,9.0,-5.9037
2025,DP Conway,62.0,71.0,114.5161,19.3548,40.3226,50.0,75.0,150.0,18.0,22.0,7.0,10.0,142.8571,0.0,0.0,119,156,2.0168,-22.1197
2025,DS Rathi,0.0,0.0,0.0,0.0,0.0,0.0,0.0,0.0,0.0,0.0,3.0,1.0,33.3333,0.0,66.6667,3,1,11.0,-4.1484
2025,Dhruv Jurel,10.0,23.0,230.0,40.0,10.0,121.0,154.0,127.2727,15.7025,38.843,82.0,156.0,190.2439,25.6098,21.9512,213,333,5.0469,2.4513
2025,F du Plessis,110.0,133.0,120.9091,17.2727,41.8182,51.0,69.0,135.2941,13.7255,25.4902,2.0,0.0,0.0,0.0,100.0,163,202,2.2822,-41.7001
2025,Fazalhaq Farooqi,0.0,0.0,0.0,0.0,0.0,0.0,0.0,0.0,0.0,0.0,2.0,2.0,100.0,0.0,0.0,2,2,11.0,-1.4323
2025,G Coetzee,0.0,0.0,0.0,0.0,0.0,5.0,5.0,100.0,20.0,60.0,6.0,12.0,200.0,33.3333,33.3333,11,17,8.0,-0.5149
2025,GJ Maxwell,0.0,0.0,0.0,0.0,0.0,40.0,40.0,100.0,12.5,42.5,9.0,8.0,88.8889,11.1111,44.4444,49,48,5.6531,-25.1892
2025,H Klaasen,23.0,27.0,117.3913,17.3913,52.1739,189.0,310.0,164.0212,21.164,19.0476,70.0,150.0,214.2857,32.8571,18.5714,282,487,4.4823,59.1862
2025,HH Pandya,0.0,0.0,0.0,0.0,0.0,55.0,84.0,152.7273,21.8182,36.3636,82.0,140.0,170.7317,23.1707,26.8293,137,224,5.4745,3.8781
2025,HV Patel,0.0,0.0,0.0,0.0,0.0,1.0,1.0,100.0,0.0,0.0,25.0,20.0,80.0,0.0,28.0,26,21,8.9231,-23.3473
2025,Harpreet Brar,0.0,0.0,0.0,0.0,0.0,11.0,4.0,36.3636,0.0,72.7273,2.0,7.0,350.0,50.0,0.0,13,11,10.0,-8.3118
2025,Harshit Rana,0.0,0.0,0.0,0.0,0.0,21.0,27.0,128.5714,14.2857,47.619,32.0,30.0,93.75,15.625,53.125,53,57,9.2075,-28.2323
2025,Ishan Kishan,70.0,86.0,122.8571,18.5714,41.4286,115.0,169.0,146.9565,17.3913,23.4783,47.0,99.0,210.6383,31.9149,19.1489,232,354,3.1509,1.2811
2025,J Fraser-McGurk,38.0,32.0,84.2105,13.1579,65.7895,14.0,23.0,164.2857,28.5714,35.7143,0.0,0.0,0.0,0.0,0.0,52,55,1.1154,-22.7784
2025,J Overton,0.0,0.0,0.0,0.0,0.0,0.0,0.0,0.0,0.0,0.0,7.0,15.0,214.2857,28.5714,14.2857,7,15,7.5714,2.987
2025,JC Archer,0.0,0.0,0.0,0.0,0.0,27.0,32.0,118.5185,14.8148,44.4444,23.0,31.0,134.7826,13.0435,34.7826,50,63,8.3,-15.4485
2025,JC Buttler,59.0,75.0,127.1186,16.9492,47.4576,200.0,330.0,165.0,23.5,24.0,71.0,133.0,187.3239,26.7606,19.7183,330,538,3.0,38.0523
2025,JG Bethell,29.0,54.0,186.2069,34.4828,37.931,10.0,13.0,130.0,20.0,30.0,0.0,0.0,0.0,0.0,0.0,39,67,1.0,8.6305
2025,JJ Bumrah,0.0,0.0,0.0,0.0,0.0,0.0,0.0,0.0,0.0,0.0,1.0,0.0,0.0,0.0,100.0,1,0,11.0,-1.7161
2025,JM Bairstow,38.0,80.0,210.5263,31.5789,18.4211,8.0,5.0,62.5,0.0,50.0,0.0,0.0,0.0,0.0,0.0,46,85,2.0,15.8832
2025,JM Sharma,7.0,2.0,28.5714,0.0,71.4286,60.0,99.0,165.0,25.0,33.3333,81.0,160.0,197.5309,32.0988,28.3951,148,261,5.7432,24.7716
2025,JP Inglis,77.0,128.0,166.2338,27.2727,48.0519,76.0,122.0,160.5263,21.0526,25.0,18.0,28.0,155.5556,27.7778,22.2222,171,278,3.4444,20.745
2025,JR Hazlewood,0.0,0.0,0.0,0.0,0.0,1.0,0.0,0.0,0.0,100.0,0.0,0.0,0.0,0.0,0.0,1,0,11.0,-1.4436
2025,K Kartikeya,0.0,0.0,0.0,0.0,0.0,4.0,2.0,50.0,0.0,50.0,1.0,1.0,100.0,0.0,0.0,5,3,9.8,-4.4905
2025,K Rabada,0.0,0.0,0.0,0.0,0.0,0.0,0.0,0.0,0.0,0.0,8.0,9.0,112.5,12.5,37.5,8,9,7.125,-4.7292
2025,KA Jamieson,0.0,0.0,0.0,0.0,0.0,3.0,0.0,0.0,0.0,66.6667,2.0,0.0,0.0,0.0,50.0,5,0,10.2,-7.7631
2025,KH Pandya,9.0,3.0,33.3333,0.0,66.6667,47.0,69.0,146.8085,17.0213,34.0426,30.0,37.0,123.3333,16.6667,36.6667,86,109,6.0465,-23.968
2025,KK Ahmed,0.0,0.0,0.0,0.0,0.0,0.0,0.0,0.0,0.0,0.0,2.0,1.0,50.0,0.0,50.0,2,1,11.0,-2.4323
2025,KK Nair,64.0,109.0,170.3125,31.25,43.75,51.0,89.0,174.5098,27.451,21.5686,0.0,0.0,0.0,0.0,0.0,115,198,2.287,27.4199
2025,KL Rahul,127.0,179.0,140.9449,23.622,40.9449,185.0,273.0,147.5676,16.7568,22.7027,48.0,87.0,181.25,25.0,18.75,360,539,2.7889,-2.8389
2025,KS Rathore,5.0,0.0,0.0,0.0,100.0,0.0,0.0,0.0,0.0,0.0,0.0,0.0,0.0,0.0,0.0,5,0,3.0,-7.5747
2025,KT Maphaka,0.0,0.0,0.0,0.0,0.0,0.0,0.0,0.0,0.0,0.0,2.0,8.0,400.0,100.0,0.0,2,8,9.0,4.5677
2025,KV Sharma,0.0,0.0,0.0,0.0,0.0,0.0,0.0,0.0,0.0,0.0,1.0,1.0,100.0,0.0,0.0,1,1,10.0,-0.7161
2025,Kuldeep Yadav,0.0,0.0,0.0,0.0,0.0,0.0,0.0,0.0,0.0,0.0,16.0,18.0,112.5,12.5,37.5,16,18,10.0625,-9.4584
2025,L Ngidi,0.0,0.0,0.0,0.0,0.0,0.0,0.0,0.0,0.0,0.0,2.0,0.0,0.0,0.0,100.0,2,0,11.0,-3.4323
2025,LH Ferguson,0.0,0.0,0.0,0.0,0.0,0.0,0.0,0.0,0.0,0.0,1.0,4.0,400.0,100.0,0.0,1,4,11.0,2.2839
2025,LS Livingstone,10.0,4.0,40.0,10.0,80.0,51.0,48.0,94.1176,5.8824,35.2941,23.0,60.0,260.8696,39.1304,26.087,84,112,4.9167,-16.2443
2025,M Jansen,0.0,0.0,0.0,0.0,0.0,10.0,9.0,90.0,10.0,50.0,53.0,66.0,124.5283,11.3208,24.5283,63,75,7.8254,-30.3918
2025,M Shahrukh Khan,4.0,0.0,0.0,0.0,100.0,51.0,91.0,178.4314,25.4902,23.5294,45.0,88.0,195.5556,24.4444,20.0,100,179,4.97,22.0901
2025,M Theekshana,0.0,0.0,0.0,0.0,0.0,9.0,2.0,22.2222,0.0,66.6667,18.0,8.0,44.4444,0.0,55.5556,27,10,9.1852,-33.883
2025,M Tiwari,0.0,0.0,0.0,0.0,0.0,2.0,1.0,50.0,0.0,50.0,2.0,2.0,100.0,0.0,50.0,4,3,8.0,-3.3195
2025,MA Agarwal,23.0,29.0,126.087,17.3913,47.8261,36.0,61.0,169.4444,22.2222,19.4444,5.0,5.0,100.0,0.0,0.0,64,95,3.7188,-0.394
2025,MA Starc,0.0,0.0,0.0,0.0,0.0,0.0,0.0,0.0,0.0,0.0,10.0,6.0,60.0,0.0,40.0,10,6,9.0,-11.1615
2025,MJ Owen,2.0,0.0,0.0,0.0,100.0,0.0,0.0,0.0,0.0,0.0,0.0,0.0,0.0,0.0,0.0,2,0,3.0,-3.0299
2025,MJ Santner,0.0,0.0,0.0,0.0,0.0,6.0,4.0,66.6667,0.0,33.3333,27.0,36.0,133.3333,18.5185,40.7407,33,40,7.8788,-14.9976
2025,MK Pandey,0.0,0.0,0.0,0.0,0.0,47.0,52.0,110.6383,10.6383,31.9149,18.0,40.0,222.2222,27.7778,16.6667,65,92,6.1385,-6.7397
2025,MM Ali,11.0,4.0,36.3636,0.0,63.6364,1.0,1.0,100.0,0.0,0.0,2.0,0.0,0.0,0.0,100.0,14,5,2.0,-16.5403
2025,MM Sharma,0.0,0.0,0.0,0.0,0.0,0.0,0.0,0.0,0.0,0.0,3.0,1.0,33.3333,0.0,66.6667,3,1,11.0,-4.1484
2025,MP Breetzke,12.0,14.0,116.6667,16.6667,50.0,0.0,0.0,0.0,0.0,0.0,0.0,0.0,0.0,0.0,0.0,12,14,2.0,-4.1794
2025,MP Stoinis,19.0,15.0,78.9474,10.5263,63.1579,29.0,38.0,131.0345,17.2414,41.3793,38.0,107.0,281.5789,42.1053,10.5263,86,160,6.1395,24.138
2025,MR Marsh,190.0,295.0,155.2632,23.6842,39.4737,175.0,292.0,166.8571,24.0,22.8571,18.0,40.0,222.2222,33.3333,27.7778,383,627,1.5614,55.6397
2025,MS Bhandage,0.0,0.0,0.0,0.0,0.0,4.0,1.0,25.0,0.0,75.0,0.0,0.0,0.0,0.0,0.0,4,1,8.0,-4.7744
2025,MS Dhoni,0.0,0.0,0.0,0.0,0.0,29.0,20.0,68.9655,3.4483,41.3793,116.0,176.0,151.7241,19.8276,28.4483,145,196,7.3379,-44.9375
2025,Mohammed Shami,0.0,0.0,0.0,0.0,0.0,0.0,0.0,0.0,0.0,0.0,10.0,10.0,100.0,10.0,40.0,10,10,10.5,-7.1615
2025,Mohammed Siraj,0.0,0.0,0.0,0.0,0.0,0.0,0.0,0.0,0.0,0.0,4.0,3.0,75.0,0.0,25.0,4,3,11.0,-3.8646
2025,Musheer Khan,0.0,0.0,0.0,0.0,0.0,3.0,0.0,0.0,0.0,100.0,0.0,0.0,0.0,0.0,0.0,3,0,8.0,-4.3308
2025,Mustafizur Rahman,0.0,0.0,0.0,0.0,0.0,0.0,0.0,0.0,0.0,0.0,1.0,0.0,0.0,0.0,100.0,1,0,11.0,-1.7161
2025,N Pooran,65.0,106.0,163.0769,27.6923,44.6154,143.0,294.0,205.5944,32.1678,30.0699,59.0,124.0,210.1695,35.5932,22.0339,267,524,3.1348,117.8414
2025,N Rana,48.0,85.0,177.0833,33.3333,45.8333,78.0,111.0,142.3077,20.5128,29.4872,8.0,21.0,262.5,50.0,12.5,134,217,3.1418,17.9528
2025,N Wadhera,25.0,32.0,128.0,16.0,36.0,207.0,303.0,146.3768,19.3237,32.3671,21.0,34.0,161.9048,23.8095,47.619,253,369,4.8024,-3.7371
2025,Naman Dhir,15.0,35.0,233.3333,33.3333,6.6667,26.0,27.0,103.8462,11.5385,30.7692,97.0,190.0,195.8763,30.9278,24.7423,138,252,6.0072,25.2759
2025,Nithish Kumar Reddy,34.0,34.0,100.0,11.7647,47.0588,92.0,101.0,109.7826,10.8696,31.5217,27.0,47.0,174.0741,22.2222,22.2222,153,182,4.6144,-48.6551
2025,Noor Ahmad,0.0,0.0,0.0,0.0,0.0,0.0,0.0,0.0,0.0,0.0,17.0,7.0,41.1765,0.0,70.5882,17,7,9.8824,-22.1745
2025,P Simran Singh,241.0,373.0,154.7718,24.8963,37.3444,120.0,201.0,167.5,24.1667,24.1667,9.0,25.0,277.7778,44.4444,22.2222,370,599,2.0432,45.2204
2025,PD Salt,182.0,318.0,174.7253,31.8681,37.3626,47.0,85.0,180.8511,25.5319,27.6596,0.0,0.0,0.0,0.0,0.0,229,403,1.0,59.4302
2025,PHKD Mendis,9.0,5.0,55.5556,0.0,66.6667,35.0,61.0,174.2857,22.8571,25.7143,25.0,26.0,104.0,4.0,20.0,69,92,5.2029,-15.0641
2025,PJ Cummins,0.0,0.0,0.0,0.0,0.0,21.0,16.0,76.1905,9.5238,47.619,37.0,81.0,218.9189,29.7297,16.2162,58,97,8.0,3.187
2025,PVD Chameera,0.0,0.0,0.0,0.0,0.0,1.0,1.0,100.0,0.0,0.0,13.0,9.0,69.2308,0.0,23.0769,14,10,9.2143,-13.7535
2025,PVSN Raju,0.0,0.0,0.0,0.0,0.0,0.0,0.0,0.0,0.0,0.0,1.0,1.0,100.0,0.0,0.0,1,1,11.0,-0.7161
2025,PWA Mulder,0.0,0.0,0.0,0.0,0.0,2.0,0.0,0.0,0.0,100.0,9.0,9.0,100.0,11.1111,33.3333,11,9,9.0,-9.3325
2025,PWH de Silva,0.0,0.0,0.0,0.0,0.0,11.0,8.0,72.7273,0.0,45.4545,4.0,1.0,25.0,0.0,75.0,15,9,6.4667,-13.7441
2025,Prince Yadav,0.0,0.0,0.0,0.0,0.0,0.0,0.0,0.0,0.0,0.0,10.0,5.0,50.0,0.0,50.0,10,5,9.9,-12.1615
2025,Priyansh Arya,218.0,384.0,176.1468,30.7339,36.2385,81.0,161.0,198.7654,29.6296,27.1605,0.0,0.0,0.0,0.0,0.0,299,545,1.0,97.8098
2025,Q de Kock,77.0,88.0,114.2857,15.5844,48.0519,29.0,40.0,137.931,13.7931,17.2414,11.0,24.0,218.1818,36.3636,18.1818,117,152,1.5214,-25.393
2025,R Ashwin,13.0,20.0,153.8462,23.0769,15.3846,16.0,13.0,81.25,6.25,43.75,1.0,0.0,0.0,0.0,100.0,30,33,5.5333,-11.508
2025,R Minz,0.0,0.0,0.0,0.0,0.0,15.0,6.0,40.0,0.0,66.6667,0.0,0.0,0.0,0.0,0.0,15,6,5.6,-15.6539
2025,R Parag,45.0,84.0,186.6667,31.1111,40.0,148.0,235.0,158.7838,19.5946,27.027,43.0,74.0,172.093,25.5814,34.8837,236,393,3.6822,37.3808
2025,R Powell,0.0,0.0,0.0,0.0,0.0,0.0,0.0,0.0,0.0,0.0,5.0,5.0,100.0,20.0,60.0,5,5,8.0,-3.5807
2025,R Ravindra,90.0,106.0,117.7778,15.5556,36.6667,50.0,61.0,122.0,10.0,24.0,9.0,24.0,266.6667,33.3333,0.0,149,191,1.2081,-32.9706
2025,R Sai Kishore,0.0,0.0,0.0,0.0,0.0,0.0,0.0,0.0,0.0,0.0,10.0,5.0,50.0,0.0,50.0,10,5,9.8,-12.1615
2025,R Shepherd,0.0,0.0,0.0,0.0,0.0,0.0,0.0,0.0,0.0,0.0,24.0,70.0,291.6667,50.0,20.8333,24,70,6.9583,28.8124
2025,R Tewatia,0.0,0.0,0.0,0.0,0.0,9.0,14.0,155.5556,11.1111,11.1111,50.0,85.0,170.0,24.0,32.0,59,99,5.7966,0.2002
2025,RA Bawa,0.0,0.0,0.0,0.0,0.0,0.0,0.0,0.0,0.0,0.0,4.0,8.0,200.0,0.0,0.0,4,8,7.0,1.1354
2025,RA Jadeja,30.0,44.0,146.6667,26.6667,43.3333,105.0,119.0,113.3333,10.4762,28.5714,87.0,138.0,158.6207,18.3908,21.8391,222,301,5.027,-45.3309
2025,RA Tripathi,33.0,36.0,109.0909,18.1818,54.5455,24.0,19.0,79.1667,4.1667,33.3333,0.0,0.0,0.0,0.0,0.0,57,55,2.8947,-29.6396
2025,RD Gaikwad,44.0,68.0,154.5455,27.2727,45.4545,35.0,48.0,137.1429,14.2857,25.7143,2.0,6.0,300.0,50.0,50.0,81,122,2.4568,1.3841
2025,RD Rickelton,194.0,297.0,153.0928,26.2887,41.7526,63.0,91.0,144.4444,20.6349,34.9206,0.0,0.0,0.0,0.0,0.0,257,388,1.4397,3.1533
2025,RG Sharma,165.0,249.0,150.9091,24.2424,44.8485,108.0,155.0,143.5185,19.4444,25.9259,7.0,14.0,200.0,28.5714,28.5714,280,418,1.6786,0.112
2025,RK Singh,2.0,0.0,0.0,0.0,100.0,84.0,97.0,115.4762,11.9048,38.0952,48.0,109.0,227.0833,41.6667,25.0,134,206,5.8284,-0.6671
2025,RM Patidar,34.0,36.0,105.8824,11.7647,38.2353,146.0,223.0,152.7397,19.1781,25.3425,37.0,53.0,143.2432,18.9189,29.7297,217,312,3.8157,-13.7707
2025,RR Pant,53.0,51.0,96.2264,15.0943,58.4906,108.0,141.0,130.5556,18.5185,39.8148,41.0,77.0,187.8049,26.8293,36.5854,202,269,3.5198,-37.5627
2025,Rahmanullah Gurbaz,47.0,63.0,134.0426,23.4043,51.0638,6.0,11.0,183.3333,33.3333,16.6667,0.0,0.0,0.0,0.0,0.0,53,74,1.0,-5.8642
2025,Ramandeep Singh,0.0,0.0,0.0,0.0,0.0,13.0,21.0,161.5385,23.0769,38.4615,22.0,26.0,118.1818,9.0909,27.2727,35,47,8.1143,-9.522
2025,Rashid Khan,0.0,0.0,0.0,0.0,0.0,8.0,12.0,150.0,25.0,50.0,20.0,28.0,140.0,15.0,45.0,28,40,7.2857,-5.8717
2025,Ravi Bishnoi,0.0,0.0,0.0,0.0,0.0,0.0,0.0,0.0,0.0,0.0,16.0,13.0,81.25,12.5,81.25,16,13,8.125,-14.4584
2025,S Dube,5.0,6.0,120.0,20.0,40.0,188.0,239.0,127.1277,14.3617,35.1064,77.0,112.0,145.4545,19.4805,32.4675,270,357,5.3259,-54.1141
2025,SA Yadav,58.0,77.0,132.7586,20.6897,50.0,307.0,513.0,167.101,24.43,26.3844,62.0,127.0,204.8387,32.2581,30.6452,427,717,3.6721,79.5479
2025,SB Dubey,6.0,14.0,233.3333,50.0,50.0,19.0,12.0,63.1579,5.2632,52.6316,41.0,80.0,195.122,24.3902,19.5122,66,106,7.0455,-0.8801
2025,SE Rutherford,4.0,0.0,0.0,0.0,100.0,94.0,160.0,170.2128,24.4681,30.8511,87.0,131.0,150.5747,19.5402,27.5862,185,291,4.3459,-0.0627
2025,SH Johnson,0.0,0.0,0.0,0.0,0.0,2.0,1.0,50.0,0.0,50.0,2.0,1.0,50.0,0.0,50.0,4,2,10.75,-4.3195
2025,SK Rasheed,60.0,69.0,115.0,18.3333,53.3333,3.0,2.0,66.6667,0.0,33.3333,0.0,0.0,0.0,0.0,0.0,63,71,1.1746,-24.2278
2025,SM Curran,26.0,24.0,92.3077,11.5385,42.3077,43.0,58.0,134.8837,16.2791,20.9302,15.0,32.0,213.3333,33.3333,40.0,84,114,3.5119,-13.2055
2025,SN Thakur,0.0,0.0,0.0,0.0,0.0,0.0,0.0,0.0,0.0,0.0,12.0,18.0,150.0,25.0,41.6667,12,18,7.4167,-2.5938
2025,SO Hetmyer,1.0,0.0,0.0,0.0,100.0,63.0,97.0,153.9683,17.4603,23.8095,100.0,142.0,142.0,17.0,33.0,164,239,6.3537,-25.0763
2025,SP Narine,121.0,204.0,168.595,30.5785,42.9752,23.0,42.0,182.6087,30.4348,47.8261,0.0,0.0,0.0,0.0,0.0,144,246,2.2986,29.4884
2025,SS Iyer,69.0,99.0,143.4783,21.7391,37.6812,197.0,325.0,164.9746,19.797,21.3198,79.0,180.0,227.8481,35.443,20.2532,345,604,3.4087,79.5044
2025,SV Samson,112.0,160.0,142.8571,23.2143,41.9643,91.0,125.0,137.3626,15.3846,24.1758,0.0,0.0,0.0,0.0,0.0,203,285,2.3103,-16.0415
2025,Sameer Rizvi,11.0,9.0,81.8182,18.1818,72.7273,53.0,77.0,145.283,20.7547,32.0755,15.0,35.0,233.3333,33.3333,6.6667,79,121,4.5063,2.0828
2025,Sandeep Sharma,0.0,0.0,0.0,0.0,0.0,0.0,0.0,0.0,0.0,0.0,5.0,6.0,120.0,0.0,0.0,5,6,11.0,-2.5807
2025,Sediqullah Atal,0.0,0.0,0.0,0.0,0.0,16.0,22.0,137.5,12.5,31.25,0.0,0.0,0.0,0.0,0.0,16,22,4.0,-1.0975
2025,Shahbaz Ahmed,0.0,0.0,0.0,0.0,0.0,0.0,0.0,0.0,0.0,0.0,8.0,9.0,112.5,12.5,25.0,8,9,8.0,-4.7292
2025,Shashank Singh,0.0,0.0,0.0,0.0,0.0,102.0,108.0,105.8824,8.8235,32.3529,126.0,242.0,192.0635,25.3968,17.4603,228,350,6.4474,-13.4815
2025,Shubman Gill,197.0,282.0,143.1472,20.3046,35.0254,187.0,302.0,161.4973,19.2513,17.6471,33.0,66.0,200.0,30.303,18.1818,417,650,2.0,24.9697
2025,Simarjeet Singh,0.0,0.0,0.0,0.0,0.0,0.0,0.0,0.0,0.0,0.0,7.0,3.0,42.8571,0.0,57.1429,7,3,10.2857,-9.013
2025,Suryansh Shedge,0.0,0.0,0.0,0.0,0.0,4.0,4.0,100.0,0.0,25.0,7.0,3.0,42.8571,0.0,42.8571,11,7,7.0,-10.7874
2025,T Stubbs,3.0,2.0,66.6667,0.0,33.3333,109.0,129.0,118.3486,10.0917,24.7706,87.0,169.0,194.2529,28.7356,13.7931,199,300,5.6834,-11.2017
2025,TA Boult,0.0,0.0,0.0,0.0,0.0,0.0,0.0,0.0,0.0,0.0,3.0,2.0,66.6667,0.0,33.3333,3,2,10.0,-3.1484
2025,TH David,0.0,0.0,0.0,0.0,0.0,29.0,51.0,175.8621,27.5862,37.931,72.0,136.0,188.8889,30.5556,37.5,101,187,6.8515,21.573
2025,TM Head,160.0,261.0,163.125,30.625,38.75,70.0,113.0,161.4286,22.8571,24.2857,0.0,0.0,0.0,0.0,0.0,230,374,1.6913,30.5564
2025,TU Deshpande,0.0,0.0,0.0,0.0,0.0,0.0,0.0,0.0,0.0,0.0,8.0,7.0,87.5,0.0,12.5,8,7,10.375,-6.7292
2025,Tilak Varma,31.0,42.0,135.4839,19.3548,32.2581,168.0,209.0,124.4048,12.5,30.9524,49.0,92.0,187.7551,24.4898,20.4082,248,343,4.1371,-30.5787
2025,Urvil Patel,21.0,42.0,200.0,28.5714,42.8571,11.0,26.0,236.3636,45.4545,18.1818,0.0,0.0,0.0,0.0,0.0,32,68,2.6562,20.3065
2025,V Kohli,202.0,318.0,157.4257,25.2475,29.703,228.0,301.0,132.0175,13.1579,22.807,24.0,38.0,158.3333,16.6667,12.5,454,657,2.0991,-19.3471
2025,V Nigam,8.0,20.0,250.0,50.0,12.5,33.0,53.0,160.6061,24.2424,33.3333,38.0,69.0,181.5789,31.5789,31.5789,79,142,7.1139,17.0281
2025,V Shankar,19.0,23.0,121.0526,15.7895,42.1053,55.0,70.0,127.2727,10.9091,23.6364,17.0,25.0,147.0588,11.7647,5.8824,91,118,4.3077,-19.3563
2025,V Suryavanshi,70.0,144.0,205.7143,35.7143,42.8571,52.0,108.0,207.6923,32.6923,26.9231,0.0,0.0,0.0,0.0,0.0,122,252,2.0,70.8866
2025,VG Arora,0.0,0.0,0.0,0.0,0.0,7.0,0.0,0.0,0.0,100.0,1.0,0.0,0.0,0.0,100.0,8,0,10.0,-11.8213
2025,VR Iyer,11.0,4.0,36.3636,0.0,72.7273,70.0,85.0,121.4286,12.8571,34.2857,21.0,53.0,252.381,47.619,14.2857,102,142,4.4608,-11.7552
2025,WG Jacks,79.0,117.0,148.1013,24.0506,37.9747,92.0,115.0,125.0,15.2174,34.7826,1.0,1.0,100.0,0.0,0.0,172,233,2.7907,-21.2079
2025,Washington Sundar,9.0,23.0,255.5556,44.4444,22.2222,54.0,82.0,151.8519,20.3704,25.9259,17.0,28.0,164.7059,11.7647,17.6471,80,133,4.0,12.2368
2025,XC Bartlett,0.0,0.0,0.0,0.0,0.0,14.0,10.0,71.4286,7.1429,50.0,1.0,1.0,100.0,0.0,0.0,15,11,10.0,-10.9265
2025,YBK Jaiswal,208.0,369.0,177.4038,32.2115,41.8269,130.0,166.0,127.6923,13.0769,25.3846,12.0,24.0,200.0,33.3333,16.6667,350,559,1.0,35.6293
2025,Yash Dayal,0.0,0.0,0.0,0.0,0.0,1.0,0.0,0.0,0.0,100.0,7.0,4.0,57.1429,0.0,57.1429,8,4,10.0,-9.4566
2026,A Badoni,36.0,53.0,147.2222,25.0,41.6667,73.0,95.0,130.137,16.4384,30.137,13.0,24.0,184.6154,23.0769,30.7692,122,172,3.9918,-13.7452
2026,A Kamboj,0.0,0.0,0.0,0.0,0.0,0.0,0.0,0.0,0.0,0.0,30.0,39.0,130.0,13.3333,13.3333,30,39,9.6667,-10.3146
2026,A Mhatre,53.0,98.0,184.9057,35.8491,45.283,53.0,97.0,183.0189,24.5283,24.5283,7.0,6.0,85.7143,0.0,14.2857,113,201,3.0,28.2432
2026,A Nortje,0.0,0.0,0.0,0.0,0.0,0.0,0.0,0.0,0.0,0.0,1.0,0.0,0.0,0.0,100.0,1,0,10.0,-1.6438
2026,A Raghuvanshi,74.0,90.0,121.6216,18.9189,47.2973,64.0,99.0,154.6875,21.875,29.6875,10.0,20.0,200.0,30.0,20.0,148,209,3.2432,-17.7563
2026,AJ Hosein,0.0,0.0,0.0,0.0,0.0,0.0,0.0,0.0,0.0,0.0,2.0,2.0,100.0,0.0,0.0,2,2,8.0,-1.2876
2026,AK Markram,87.0,120.0,137.931,21.8391,40.2299,31.0,37.0,119.3548,12.9032,29.0323,16.0,36.0,225.0,37.5,18.75,134,193,2.0821,-14.9828
2026,AM Rahane,73.0,90.0,123.2877,16.4384,39.726,47.0,72.0,153.1915,12.766,14.8936,0.0,0.0,0.0,0.0,0.0,120,162,1.4083,-21.5579
2026,AR Patel,5.0,1.0,20.0,0.0,80.0,20.0,26.0,130.0,15.0,25.0,6.0,4.0,66.6667,0.0,33.3333,31,31,5.9677,-16.3105
2026,AS Roy,0.0,0.0,0.0,0.0,0.0,15.0,13.0,86.6667,6.6667,46.6667,12.0,26.0,216.6667,25.0,8.3333,27,39,7.3333,-2.9612
2026,Abdul Samad,0.0,0.0,0.0,0.0,0.0,50.0,54.0,108.0,12.0,40.0,15.0,18.0,120.0,13.3333,26.6667,65,72,6.0,-26.7751
2026,Abhishek Sharma,98.0,233.0,237.7551,43.8776,31.6327,64.0,127.0,198.4375,29.6875,23.4375,17.0,20.0,117.6471,11.7647,29.4118,179,380,1.4972,104.2946
2026,Abishek Porel,7.0,1.0,14.2857,0.0,85.7143,23.0,25.0,108.6957,8.6957,26.087,3.0,4.0,133.3333,33.3333,66.6667,33,30,7.0,-19.9463
2026,Aniket Verma,0.0,0.0,0.0,0.0,0.0,13.0,10.0,76.9231,7.6923,38.4615,33.0,63.0,190.9091,27.2727,24.2424,46,73,6.2609,-0.5167
2026,Ashok Sharma,0.0,0.0,0.0,0.0,0.0,3.0,1.0,33.3333,0.0,66.6667,1.0,0.0,0.0,0.0,100.0,4,1,10.0,-5.0909
2026,Ashutosh Sharma,0.0,0.0,0.0,0.0,0.0,10.0,19.0,190.0,30.0,40.0,10.0,14.0,140.0,20.0,40.0,20,33,7.0,1.7382
2026,Ashwani Kumar,0.0,0.0,0.0,0.0,0.0,0.0,0.0,0.0,0.0,0.0,6.0,1.0,16.6667,0.0,83.3333,6,1,11.0,-8.8629
2026,Auqib Nabi,0.0,0.0,0.0,0.0,0.0,1.0,4.0,400.0,100.0,0.0,1.0,0.0,0.0,0.0,100.0,2,4,8.0,0.8738
2026,Avesh Khan,0.0,0.0,0.0,0.0,0.0,0.0,0.0,0.0,0.0,0.0,6.0,6.0,100.0,16.6667,50.0,6,6,9.5,-3.8629
2026,B Kumar,0.0,0.0,0.0,0.0,0.0,0.0,0.0,0.0,0.0,0.0,9.0,12.0,133.3333,11.1111,22.2222,9,12,9.7778,-2.7944
2026,B Sai Sudharsan,116.0,164.0,141.3793,25.0,43.9655,75.0,144.0,192.0,24.0,14.6667,6.0,14.0,233.3333,33.3333,33.3333,197,322,1.0,19.9889
2026,Brijesh Sharma,0.0,0.0,0.0,0.0,0.0,0.0,0.0,0.0,0.0,0.0,3.0,1.0,33.3333,0.0,66.6667,3,1,10.0,-3.9315
2026,C Bosch,0.0,0.0,0.0,0.0,0.0,0.0,0.0,0.0,0.0,0.0,4.0,11.0,275.0,50.0,0.0,4,11,8.0,4.4247
2026,C Connolly,58.0,69.0,118.9655,20.6897,53.4483,91.0,178.0,195.6044,28.5714,21.978,11.0,23.0,209.0909,36.3636,18.1818,160,270,2.725,26.5379
2026,C Green,37.0,48.0,129.7297,16.2162,35.1351,68.0,119.0,175.0,23.5294,25.0,23.0,29.0,126.087,17.3913,30.4348,128,196,3.9219,-0.3317
2026,CV Varun,0.0,0.0,0.0,0.0,0.0,0.0,0.0,0.0,0.0,0.0,1.0,0.0,0.0,0.0,100.0,1,0,11.0,-1.6438
2026,D Brevis,4.0,1.0,25.0,0.0,75.0,41.0,48.0,117.0732,14.6341,41.4634,8.0,15.0,187.5,37.5,50.0,53,64,4.5283,-16.1676
2026,D Ferreira,11.0,14.0,127.2727,18.1818,45.4545,65.0,102.0,156.9231,24.6154,27.6923,39.0,66.0,169.2308,28.2051,51.2821,115,182,6.1826,4.3768
2026,D Padikkal,60.0,120.0,200.0,33.3333,23.3333,66.0,122.0,184.8485,27.2727,22.7273,0.0,0.0,0.0,0.0,0.0,126,242,2.7381,50.5586
2026,DA Miller,8.0,4.0,50.0,0.0,62.5,41.0,46.0,112.1951,14.6341,41.4634,35.0,73.0,208.5714,34.2857,20.0,84,123,5.8452,-7.7911
2026,DA Payne,0.0,0.0,0.0,0.0,0.0,0.0,0.0,0.0,0.0,0.0,5.0,6.0,120.0,0.0,0.0,5,6,10.0,-2.2191
2026,DL Chahar,0.0,0.0,0.0,0.0,0.0,5.0,6.0,120.0,20.0,20.0,0.0,0.0,0.0,0.0,0.0,5,6,9.0,-1.4118
2026,DS Rathi,0.0,0.0,0.0,0.0,0.0,0.0,0.0,0.0,0.0,0.0,5.0,2.0,40.0,0.0,40.0,5,2,10.6,-6.2191
2026,DV Malewar,5.0,2.0,40.0,0.0,60.0,0.0,0.0,0.0,0.0,0.0,0.0,0.0,0.0,0.0,0.0,5,2,2.0,-5.8005
2026,Dhruv Jurel,36.0,52.0,144.4444,25.0,50.0,97.0,142.0,146.3918,21.6495,28.866,29.0,54.0,186.2069,17.2414,13.7931,162,248,3.0,0.3771
2026,FH Allen,42.0,81.0,192.8571,40.4762,45.2381,0.0,0.0,0.0,0.0,0.0,0.0,0.0,0.0,0.0,0.0,42,81,1.9286,15.4759
2026,GD Phillips,5.0,4.0,80.0,0.0,40.0,26.0,32.0,123.0769,7.6923,19.2308,23.0,31.0,134.7826,17.3913,30.4348,54,67,4.6111,-17.1496
2026,GF Linde,0.0,0.0,0.0,0.0,0.0,0.0,0.0,0.0,0.0,0.0,21.0,31.0,147.619,28.5714,42.8571,21,31,8.0,-3.5202
2026,H Klaasen,9.0,4.0,44.4444,0.0,77.7778,150.0,217.0,144.6667,15.3333,20.6667,74.0,128.0,172.973,21.6216,22.973,233,349,4.2704,-9.037
2026,HH Pandya,6.0,9.0,150.0,33.3333,33.3333,33.0,48.0,145.4545,21.2121,27.2727,30.0,40.0,133.3333,16.6667,30.0,69,97,5.2609,-10.593
2026,HV Patel,0.0,0.0,0.0,0.0,0.0,0.0,0.0,0.0,0.0,0.0,4.0,4.0,100.0,25.0,50.0,4,4,9.5,-2.5753
2026,Harsh Dubey,0.0,0.0,0.0,0.0,0.0,0.0,0.0,0.0,0.0,0.0,9.0,13.0,144.4444,22.2222,33.3333,9,13,8.0,-1.7944
2026,Himmat Singh,0.0,0.0,0.0,0.0,0.0,15.0,15.0,100.0,6.6667,33.3333,11.0,20.0,181.8182,27.2727,9.0909,26,35,6.4231,-5.3174
2026,Ishan Kishan,50.0,95.0,190.0,34.0,40.0,105.0,211.0,200.9524,31.4286,18.0952,2.0,6.0,300.0,50.0,50.0,157,312,2.5223,75.0601
2026,J Overton,0.0,0.0,0.0,0.0,0.0,30.0,47.0,156.6667,16.6667,23.3333,56.0,89.0,158.9286,25.0,28.5714,86,136,7.8488,-0.5247
2026,JC Archer,0.0,0.0,0.0,0.0,0.0,0.0,0.0,0.0,0.0,0.0,14.0,13.0,92.8571,7.1429,28.5714,14,13,8.0,-10.0135
2026,JC Buttler,46.0,83.0,180.4348,32.6087,43.4783,116.0,166.0,143.1034,20.6897,28.4483,16.0,21.0,131.25,18.75,37.5,178,270,2.9663,-0.019
2026,JD Unadkat,0.0,0.0,0.0,0.0,0.0,0.0,0.0,0.0,0.0,0.0,3.0,4.0,133.3333,0.0,33.3333,3,4,11.0,-0.9315
2026,JG Bethell,21.0,34.0,161.9048,28.5714,42.8571,0.0,0.0,0.0,0.0,0.0,0.0,0.0,0.0,0.0,0.0,21,34,1.0,1.2379
2026,JJ Bumrah,0.0,0.0,0.0,0.0,0.0,2.0,5.0,250.0,50.0,0.0,5.0,2.0,40.0,0.0,60.0,7,7,10.2857,-4.1838
2026,JM Sharma,0.0,0.0,0.0,0.0,0.0,32.0,41.0,128.125,18.75,50.0,21.0,21.0,100.0,9.5238,38.0952,53,62,5.5283,-19.9556
2026,JO Holder,0.0,0.0,0.0,0.0,0.0,0.0,0.0,0.0,0.0,0.0,10.0,23.0,230.0,30.0,20.0,10,23,5.0,6.5618
2026,K Rabada,0.0,0.0,0.0,0.0,0.0,13.0,12.0,92.3077,15.3846,53.8462,17.0,23.0,135.2941,17.6471,35.2941,30,35,9.0,-12.2156
2026,KA Jamieson,0.0,0.0,0.0,0.0,0.0,13.0,12.0,92.3077,15.3846,69.2308,0.0,0.0,0.0,0.0,0.0,13,12,9.0,-7.2706
2026,KH Pandya,5.0,1.0,20.0,0.0,80.0,1.0,0.0,0.0,0.0,100.0,22.0,35.0,159.0909,22.7273,27.2727,28,36,6.9286,-9.4469
2026,KK Nair,5.0,5.0,100.0,20.0,60.0,0.0,0.0,0.0,0.0,0.0,0.0,0.0,0.0,0.0,0.0,5,5,3.0,-2.8005
2026,KL Rahul,84.0,134.0,159.5238,25.0,35.7143,81.0,160.0,197.5309,28.3951,12.3457,28.0,64.0,228.5714,39.2857,17.8571,193,358,1.9948,60.8539
2026,Kartik Sharma,4.0,9.0,225.0,25.0,25.0,32.0,34.0,106.25,9.375,46.875,13.0,15.0,115.3846,23.0769,61.5385,49,58,6.0612,-17.0455
2026,Kartik Tyagi,0.0,0.0,0.0,0.0,0.0,2.0,4.0,200.0,50.0,0.0,7.0,7.0,100.0,14.2857,71.4286,9,11,9.4444,-3.4715
2026,Krish Bhagat,0.0,0.0,0.0,0.0,0.0,8.0,4.0,50.0,0.0,50.0,7.0,3.0,42.8571,0.0,71.4286,15,7,9.0,-16.3656
2026,Kuldeep Yadav,0.0,0.0,0.0,0.0,0.0,8.0,3.0,37.5,0.0,62.5,13.0,6.0,46.1538,0.0,38.4615,21,9,9.5238,-24.2285
2026,Kumar Kushagra,12.0,17.0,141.6667,25.0,41.6667,2.0,1.0,50.0,0.0,50.0,0.0,0.0,0.0,0.0,0.0,14,18,2.0,-3.6859
2026,L Ngidi,0.0,0.0,0.0,0.0,0.0,0.0,0.0,0.0,0.0,0.0,6.0,3.0,50.0,0.0,50.0,6,3,10.0,-6.8629
2026,LG Pretorius,2.0,0.0,0.0,0.0,100.0,0.0,0.0,0.0,0.0,0.0,0.0,0.0,0.0,0.0,0.0,2,0,4.0,-3.1202
2026,LS Livingstone,16.0,12.0,75.0,6.25,68.75,4.0,2.0,50.0,0.0,50.0,5.0,1.0,20.0,0.0,60.0,25,15,4.8,-24.1101
2026,M Jansen,0.0,0.0,0.0,0.0,0.0,1.0,1.0,100.0,0.0,0.0,10.0,9.0,90.0,10.0,60.0,11,10,8.0,-7.9206
2026,M Shahrukh Khan,0.0,0.0,0.0,0.0,0.0,17.0,28.0,164.7059,23.5294,35.2941,8.0,7.0,87.5,0.0,25.0,25,35,6.76,-3.3506
2026,MD Choudhary,0.0,0.0,0.0,0.0,0.0,38.0,49.0,128.9474,18.4211,36.8421,69.0,107.0,155.0725,20.2899,37.6812,107,156,6.8224,-13.7532
2026,MJ Henry,0.0,0.0,0.0,0.0,0.0,5.0,5.0,100.0,20.0,60.0,5.0,2.0,40.0,0.0,60.0,10,7,10.3,-8.6309
2026,MJ Santner,0.0,0.0,0.0,0.0,0.0,0.0,0.0,0.0,0.0,0.0,19.0,26.0,136.8421,15.7895,15.7895,19,26,7.3158,-5.2326
2026,MP Stoinis,0.0,0.0,0.0,0.0,0.0,7.0,5.0,71.4286,0.0,42.8571,41.0,105.0,256.0976,43.9024,14.6341,48,110,5.1458,32.2268
2026,MP Yadav,0.0,0.0,0.0,0.0,0.0,0.0,0.0,0.0,0.0,0.0,5.0,5.0,100.0,20.0,60.0,5,5,9.0,-3.2191
2026,MR Marsh,98.0,131.0,133.6735,19.3878,34.6939,58.0,75.0,129.3103,15.5172,31.0345,3.0,6.0,200.0,33.3333,66.6667,159,212,1.1195,-31.7978
2026,MW Short,11.0,7.0,63.6364,9.0909,63.6364,25.0,29.0,116.0,8.0,20.0,1.0,0.0,0.0,0.0,100.0,37,36,4.1892,-19.8638
2026,Mohammed Shami,0.0,0.0,0.0,0.0,0.0,1.0,1.0,100.0,0.0,0.0,20.0,30.0,150.0,25.0,45.0,21,31,8.6667,-3.3588
2026,Mohammed Siraj,0.0,0.0,0.0,0.0,0.0,0.0,0.0,0.0,0.0,0.0,3.0,0.0,0.0,0.0,100.0,3,0,11.0,-4.9315
2026,Mohsin Khan,0.0,0.0,0.0,0.0,0.0,0.0,0.0,0.0,0.0,0.0,4.0,0.0,0.0,0.0,100.0,4,0,11.0,-6.5753
2026,N Burger,0.0,0.0,0.0,0.0,0.0,0.0,0.0,0.0,0.0,0.0,5.0,3.0,60.0,0.0,40.0,5,3,11.0,-5.2191
2026,N Pooran,16.0,7.0,43.75,6.25,75.0,85.0,75.0,88.2353,9.4118,51.7647,0.0,0.0,0.0,0.0,0.0,101,82,4.7228,-68.9618
2026,N Rana,59.0,65.0,110.1695,20.339,61.0169,42.0,85.0,202.381,33.3333,21.4286,8.0,19.0,237.5,37.5,25.0,109,169,2.7615,1.5447
2026,N Wadhera,0.0,0.0,0.0,0.0,0.0,37.0,44.0,118.9189,13.5135,35.1351,14.0,21.0,150.0,21.4286,42.8571,51,65,5.1373,-12.8607
2026,Naman Dhir,36.0,53.0,147.2222,22.2222,36.1111,55.0,86.0,156.3636,20.0,23.6364,13.0,15.0,115.3846,15.3846,30.7692,104,154,4.4423,-5.0628
2026,Nithish Kumar Reddy,6.0,1.0,16.6667,0.0,83.3333,65.0,102.0,156.9231,20.0,27.6923,32.0,69.0,215.625,31.25,31.25,103,172,5.5922,13.684
2026,Noor Ahmad,0.0,0.0,0.0,0.0,0.0,9.0,1.0,11.1111,0.0,88.8889,9.0,9.0,100.0,11.1111,55.5556,18,10,9.5,-18.1356
2026,P Nissanka,83.0,135.0,162.6506,28.9157,36.1446,15.0,12.0,80.0,0.0,26.6667,0.0,0.0,0.0,0.0,0.0,98,147,1.4082,-4.7235
2026,P Simran Singh,105.0,198.0,188.5714,33.3333,35.2381,87.0,147.0,168.9655,21.8391,17.2414,1.0,1.0,100.0,0.0,0.0,193,346,1.8964,51.5809
2026,PD Salt,75.0,118.0,157.3333,21.3333,34.6667,45.0,84.0,186.6667,24.4444,22.2222,0.0,0.0,0.0,0.0,0.0,120,202,1.0,18.2866
2026,PP Hinge,0.0,0.0,0.0,0.0,0.0,0.0,0.0,0.0,0.0,0.0,1.0,0.0,0.0,0.0,0.0,1,0,10.0,-1.6438
2026,PR Veer,0.0,0.0,0.0,0.0,0.0,28.0,43.0,153.5714,25.0,28.5714,8.0,6.0,75.0,12.5,50.0,36,49,7.0,-5.6565
2026,PVD Chameera,0.0,0.0,0.0,0.0,0.0,0.0,0.0,0.0,0.0,0.0,3.0,0.0,0.0,0.0,100.0,3,0,11.0,-4.9315
2026,Prince Yadav,0.0,0.0,0.0,0.0,0.0,0.0,0.0,0.0,0.0,0.0,1.0,0.0,0.0,0.0,0.0,1,0,10.0,-1.6438
2026,Priyansh Arya,84.0,219.0,260.7143,45.2381,27.381,29.0,64.0,220.6897,31.0345,20.6897,0.0,0.0,0.0,0.0,0.0,113,283,1.0973,108.9634
2026,Q de Kock,32.0,35.0,109.375,15.625,56.25,36.0,67.0,186.1111,25.0,16.6667,13.0,30.0,230.7692,30.7692,7.6923,81,132,1.7407,7.3424
2026,R Parag,16.0,14.0,87.5,18.75,68.75,75.0,102.0,136.0,16.0,38.6667,3.0,1.0,33.3333,0.0,66.6667,94,117,4.1809,-24.0697
2026,R Powell,13.0,15.0,115.3846,15.3846,46.1538,46.0,52.0,113.0435,13.0435,43.4783,31.0,54.0,174.1935,25.8065,22.5806,90,121,5.7556,-18.4281
2026,R Shepherd,0.0,0.0,0.0,0.0,0.0,18.0,32.0,177.7778,22.2222,16.6667,7.0,7.0,100.0,14.2857,42.8571,25,39,7.36,0.8108
2026,R Tewatia,0.0,0.0,0.0,0.0,0.0,17.0,20.0,117.6471,17.6471,47.0588,25.0,29.0,116.0,8.0,20.0,42,49,6.0476,-17.2956
2026,RA Jadeja,9.0,17.0,188.8889,33.3333,22.2222,53.0,57.0,107.5472,5.6604,24.5283,41.0,58.0,141.4634,14.6341,24.3902,103,132,5.8544,-28.0024
2026,RD Gaikwad,87.0,102.0,117.2414,17.2414,43.6782,48.0,50.0,104.1667,8.3333,45.8333,12.0,26.0,216.6667,33.3333,16.6667,147,178,2.0,-48.6075
2026,RD Rickelton,55.0,83.0,150.9091,25.4545,50.9091,31.0,53.0,170.9677,22.5806,32.2581,2.0,1.0,50.0,0.0,50.0,88,137,1.0,1.9539
2026,RG Sharma,56.0,95.0,169.6429,26.7857,35.7143,27.0,42.0,155.5556,22.2222,25.9259,0.0,0.0,0.0,0.0,0.0,83,137,2.0,9.6109
2026,RK Singh,0.0,0.0,0.0,0.0,0.0,93.0,100.0,107.5269,10.7527,31.1828,59.0,115.0,194.9153,30.5085,22.0339,152,215,5.5855,-19.8446
2026,RM Patidar,7.0,4.0,57.1429,0.0,28.5714,80.0,180.0,225.0,32.5,15.0,26.0,54.0,207.6923,34.6154,34.6154,113,238,3.8584,65.7515
2026,RR Pant,51.0,48.0,94.1176,11.7647,50.9804,77.0,106.0,137.6623,15.5844,25.974,21.0,35.0,166.6667,28.5714,33.3333,149,189,2.9396,-39.2267
2026,Ramandeep Singh,0.0,0.0,0.0,0.0,0.0,40.0,31.0,77.5,5.0,37.5,28.0,51.0,182.1429,28.5714,28.5714,68,82,7.5588,-23.3212
2026,Rashid Khan,0.0,0.0,0.0,0.0,0.0,8.0,10.0,125.0,12.5,37.5,15.0,18.0,120.0,13.3333,26.6667,23,28,8.0,-8.5162
2026,Ravi Bishnoi,0.0,0.0,0.0,0.0,0.0,0.0,0.0,0.0,0.0,0.0,3.0,0.0,0.0,0.0,100.0,3,0,9.3333,-4.9315
2026,S Arora,0.0,0.0,0.0,0.0,0.0,11.0,15.0,136.3636,18.1818,36.3636,32.0,48.0,150.0,21.875,37.5,43,63,6.3023,-5.9082
2026,S Dube,1.0,1.0,100.0,0.0,0.0,58.0,74.0,127.5862,15.5172,34.4828,48.0,75.0,156.25,22.9167,31.25,107,150,5.3458,-16.4402
2026,SA Yadav,37.0,48.0,129.7297,21.6216,45.9459,70.0,105.0,150.0,18.5714,22.8571,3.0,4.0,133.3333,0.0,33.3333,110,157,3.4182,-9.42
2026,SB Dubey,0.0,0.0,0.0,0.0,0.0,2.0,5.0,250.0,50.0,0.0,21.0,45.0,214.2857,33.3333,14.2857,23,50,6.9565,12.515
2026,SE Rutherford,0.0,0.0,0.0,0.0,0.0,23.0,41.0,178.2609,26.087,30.4348,31.0,62.0,200.0,29.0323,38.7097,54,103,6.0741,17.9474
2026,SN Khan,44.0,83.0,188.6364,36.3636,36.3636,41.0,51.0,124.3902,19.5122,39.0244,10.0,27.0,270.0,50.0,20.0,95,161,4.5579,15.1409
2026,SN Thakur,0.0,0.0,0.0,0.0,0.0,13.0,11.0,84.6154,7.6923,38.4615,6.0,3.0,50.0,0.0,50.0,19,14,8.0,-15.1336
2026,SO Hetmyer,3.0,2.0,66.6667,0.0,33.3333,40.0,47.0,117.5,12.5,40.0,19.0,23.0,121.0526,10.5263,31.5789,62,72,5.1452,-23.2071
2026,SP Narine,17.0,24.0,141.1765,23.5294,58.8235,4.0,12.0,300.0,50.0,50.0,11.0,4.0,36.3636,0.0,63.6364,32,40,5.1562,-10.5331
2026,SS Iyer,6.0,12.0,200.0,33.3333,16.6667,121.0,194.0,160.3306,17.3554,20.6612,50.0,103.0,206.0,34.0,30.0,177,309,4.0,38.0833
2026,SU Parakh,2.0,0.0,0.0,0.0,100.0,0.0,0.0,0.0,0.0,0.0,0.0,0.0,0.0,0.0,0.0,2,0,1.0,-3.1202
2026,SV Samson,84.0,139.0,165.4762,29.7619,39.2857,64.0,101.0,157.8125,18.75,18.75,31.0,64.0,206.4516,35.4839,25.8065,179,304,1.0,27.1225
2026,Sameer Rizvi,21.0,9.0,42.8571,4.7619,66.6667,99.0,169.0,170.7071,24.2424,31.3131,20.0,31.0,155.0,15.0,25.0,140,209,4.0,-3.3917
2026,Shahbaz Ahmed,0.0,0.0,0.0,0.0,0.0,5.0,3.0,60.0,0.0,40.0,11.0,12.0,109.0909,9.0909,18.1818,16,15,8.0,-10.4938
2026,Shashank Singh,0.0,0.0,0.0,0.0,0.0,7.0,5.0,71.4286,0.0,42.8571,29.0,65.0,224.1379,34.4828,13.7931,36,70,6.3333,11.9527
2026,Shivang Kumar,0.0,0.0,0.0,0.0,0.0,0.0,0.0,0.0,0.0,0.0,14.0,21.0,150.0,28.5714,50.0,14,21,9.0,-2.0135
2026,Shubman Gill,98.0,155.0,158.1633,25.5102,36.7347,107.0,149.0,139.2523,14.0187,20.5607,17.0,26.0,152.9412,23.5294,41.1765,222,330,2.0586,-9.4467
2026,Suryansh Shedge,0.0,0.0,0.0,0.0,0.0,0.0,0.0,0.0,0.0,0.0,2.0,3.0,150.0,0.0,0.0,2,3,6.0,-0.2876
2026,T Natarajan,0.0,0.0,0.0,0.0,0.0,0.0,0.0,0.0,0.0,0.0,2.0,1.0,50.0,0.0,50.0,2,1,11.0,-2.2876
2026,T Stubbs,16.0,20.0,125.0,18.75,43.75,81.0,104.0,128.3951,11.1111,22.2222,49.0,77.0,157.1429,18.3673,26.5306,146,201,5.6986,-24.5796
2026,TA Boult,0.0,0.0,0.0,0.0,0.0,2.0,1.0,50.0,0.0,50.0,0.0,0.0,0.0,0.0,0.0,2,1,10.0,-1.9647
2026,TH David,0.0,0.0,0.0,0.0,0.0,47.0,71.0,151.0638,21.2766,29.7872,47.0,112.0,238.2979,36.1702,19.1489,94,183,5.1277,36.0697
2026,TL Seifert,18.0,19.0,105.5556,16.6667,55.5556,0.0,0.0,0.0,0.0,0.0,0.0,0.0,0.0,0.0,0.0,18,19,1.1667,-9.0818
2026,TM Head,110.0,163.0,148.1818,26.3636,45.4545,20.0,23.0,115.0,5.0,30.0,0.0,0.0,0.0,0.0,0.0,130,186,1.8077,-15.258
2026,TU Deshpande,0.0,0.0,0.0,0.0,0.0,0.0,0.0,0.0,0.0,0.0,11.0,25.0,227.2727,27.2727,27.2727,11,25,9.0,6.918
2026,Tilak Varma,25.0,25.0,100.0,12.0,44.0,50.0,67.0,134.0,16.0,24.0,31.0,89.0,287.0968,54.8387,12.9032,106,181,4.7642,16.9213
2026,Urvil Patel,3.0,4.0,133.3333,33.3333,66.6667,0.0,0.0,0.0,0.0,0.0,0.0,0.0,0.0,0.0,0.0,3,4,3.0,-0.6803
2026,V Kohli,120.0,194.0,161.6667,25.0,23.3333,92.0,139.0,151.087,18.4783,29.3478,4.0,18.0,450.0,100.0,0.0,216,351,2.25,20.8361
2026,V Nigam,0.0,0.0,0.0,0.0,0.0,0.0,0.0,0.0,0.0,0.0,7.0,12.0,171.4286,28.5714,28.5714,7,12,8.0,0.4933
2026,V Suryavanshi,130.0,319.0,245.3846,44.6154,33.8462,38.0,81.0,213.1579,34.2105,31.5789,0.0,0.0,0.0,0.0,0.0,168,400,2.0,140.8576
2026,VG Arora,0.0,0.0,0.0,0.0,0.0,0.0,0.0,0.0,0.0,0.0,3.0,1.0,33.3333,0.0,33.3333,3,1,10.3333,-3.9315
2026,VR Iyer,0.0,0.0,0.0,0.0,0.0,1.0,1.0,100.0,0.0,0.0,14.0,28.0,200.0,21.4286,14.2857,15,29,9.0,4.5041
2026,Washington Sundar,11.0,19.0,172.7273,36.3636,36.3636,50.0,73.0,146.0,20.0,22.0,45.0,65.0,144.4444,17.7778,28.8889,106,157,4.1698,-8.2508
2026,XC Bartlett,0.0,0.0,0.0,0.0,0.0,0.0,0.0,0.0,0.0,0.0,5.0,11.0,220.0,20.0,0.0,5,11,9.0,2.7809
2026,YBK Jaiswal,117.0,195.0,166.6667,29.0598,41.8803,76.0,111.0,146.0526,19.7368,23.6842,0.0,0.0,0.0,0.0,0.0,193,306,1.0,10.8094
