season,bowler,pp_balls,pp_runs,pp_wickets,pp_economy,death_balls,death_runs,death_wickets,death_economy,total_balls,total_runs,total_wickets,total_economy
2008,A Kumble,24.0,21.0,0.0,5.25,26.0,56.0,1.0,12.9231,230,314,7.0,8.1913
2008,A Mishra,12.0,21.0,1.0,10.5,18.0,20.0,4.0,6.6667,120,140,11.0,7.0
2008,A Nehra,168.0,209.0,5.0,7.4643,60.0,98.0,4.0,9.8,270,357,12.0,7.9333
2008,A Nel,6.0,12.0,1.0,12.0,6.0,8.0,0.0,8.0,18,31,1.0,10.3333
2008,A Symonds,0.0,0.0,0.0,0.0,5.0,19.0,0.0,22.8,42,106,0.0,15.1429
2008,AA Noffke,6.0,23.0,0.0,23.0,12.0,11.0,1.0,5.5,24,41,1.0,10.25
2008,AB Agarkar,66.0,104.0,2.0,9.4545,13.0,11.0,2.0,5.0769,157,211,8.0,8.0637
2008,AB Dinda,145.0,152.0,7.0,6.2897,18.0,14.0,0.0,4.6667,235,266,9.0,6.7915
2008,AD Mascarenhas,12.0,20.0,0.0,10.0,0.0,0.0,0.0,0.0,24,31,2.0,7.75
2008,AM Nayar,0.0,0.0,0.0,0.0,0.0,0.0,0.0,0.0,42,69,1.0,9.8571
2008,Abdur Razzak,0.0,0.0,0.0,0.0,0.0,0.0,0.0,0.0,13,29,0.0,13.3846
2008,B Akhil,0.0,0.0,0.0,0.0,20.0,39.0,1.0,11.7,104,138,2.0,7.9615
2008,B Geeves,24.0,50.0,0.0,12.5,6.0,10.0,0.0,10.0,48,91,1.0,11.375
2008,B Lee,63.0,67.0,4.0,6.381,24.0,39.0,0.0,9.75,99,118,4.0,7.1515
2008,BAW Mendis,12.0,13.0,0.0,6.5,6.0,7.0,0.0,7.0,24,24,1.0,6.0
2008,CK Kapugedera,0.0,0.0,0.0,0.0,6.0,15.0,0.0,15.0,17,49,0.0,17.2941
2008,CL White,0.0,0.0,0.0,0.0,0.0,0.0,0.0,0.0,6,24,0.0,24.0
2008,CRD Fernando,24.0,20.0,5.0,5.0,55.0,95.0,3.0,10.3636,121,164,10.0,8.1322
2008,D Kalyankrishna,0.0,0.0,0.0,0.0,6.0,17.0,0.0,17.0,48,88,2.0,11.0
2008,D Salunkhe,0.0,0.0,0.0,0.0,6.0,7.0,0.0,7.0,48,80,1.0,10.0
2008,DB Ravi Teja,0.0,0.0,0.0,0.0,0.0,0.0,0.0,0.0,12,19,1.0,9.5
2008,DJ Bravo,36.0,29.0,3.0,4.8333,50.0,86.0,5.0,10.32,171,239,11.0,8.386
2008,DJ Hussey,0.0,0.0,0.0,0.0,12.0,29.0,0.0,14.5,78,134,2.0,10.3077
2008,DJ Thornely,0.0,0.0,0.0,0.0,0.0,0.0,0.0,0.0,42,40,3.0,5.7143
2008,DL Vettori,0.0,0.0,0.0,0.0,18.0,19.0,1.0,6.3333,48,54,2.0,6.75
2008,DNT Zoysa,36.0,45.0,0.0,7.5,20.0,34.0,1.0,10.2,68,100,2.0,8.8235
2008,DP Vijaykumar,102.0,126.0,3.0,7.4118,28.0,55.0,1.0,11.7857,154,205,4.0,7.987
2008,DR Smith,0.0,0.0,0.0,0.0,6.0,12.0,0.0,12.0,66,83,5.0,7.5455
2008,DS Kulkarni,42.0,68.0,2.0,9.7143,52.0,85.0,5.0,9.8077,181,242,11.0,8.0221
2008,DW Steyn,133.0,154.0,1.0,6.9474,49.0,49.0,5.0,6.0,230,265,10.0,6.913
2008,GD McGrath,222.0,218.0,8.0,5.8919,79.0,120.0,3.0,9.1139,325,366,12.0,6.7569
2008,Gagandeep Singh,6.0,7.0,0.0,7.0,24.0,64.0,1.0,16.0,84,142,3.0,10.1429
2008,Harbhajan Singh,0.0,0.0,0.0,0.0,18.0,26.0,4.0,8.6667,60,84,5.0,8.4
2008,I Sharma,161.0,201.0,7.0,7.4907,78.0,134.0,0.0,10.3077,257,348,7.0,8.1245
2008,IK Pathan,162.0,170.0,6.0,6.2963,78.0,95.0,3.0,7.3077,318,361,15.0,6.8113
2008,Iqbal Abdulla,0.0,0.0,0.0,0.0,0.0,0.0,0.0,0.0,18,22,0.0,7.3333
2008,JA Morkel,74.0,121.0,2.0,9.8108,91.0,141.0,11.0,9.2967,293,414,17.0,8.4778
2008,JDP Oram,66.0,105.0,2.0,9.5455,24.0,36.0,1.0,9.0,96,149,3.0,9.3125
2008,JH Kallis,36.0,61.0,0.0,10.1667,54.0,100.0,2.0,11.1111,206,322,4.0,9.3786
2008,JR Hopes,18.0,26.0,1.0,8.6667,60.0,139.0,3.0,13.9,168,285,7.0,10.1786
2008,Joginder Sharma,0.0,0.0,0.0,0.0,36.0,69.0,1.0,11.5,153,241,8.0,9.451
2008,K Goel,0.0,0.0,0.0,0.0,0.0,0.0,0.0,0.0,12,25,0.0,12.5
2008,L Balaji,0.0,0.0,0.0,0.0,90.0,150.0,8.0,10.0,198,293,11.0,8.8788
2008,LPC Silva,0.0,0.0,0.0,0.0,6.0,21.0,0.0,21.0,6,21,0.0,21.0
2008,LR Shukla,0.0,0.0,0.0,0.0,32.0,50.0,6.0,9.375,74,126,6.0,10.2162
2008,M Kartik,0.0,0.0,0.0,0.0,10.0,18.0,1.0,10.8,88,132,3.0,9.0
2008,M Muralitharan,6.0,7.0,0.0,7.0,72.0,93.0,5.0,7.75,349,416,11.0,7.1519
2008,M Ntini,158.0,182.0,5.0,6.9114,36.0,53.0,2.0,8.8333,212,257,7.0,7.2736
2008,MA Khote,0.0,0.0,0.0,0.0,12.0,24.0,1.0,12.0,30,52,2.0,10.4
2008,MF Maharoof,36.0,37.0,0.0,6.1667,66.0,98.0,7.0,8.9091,216,255,15.0,7.0833
2008,MM Patel,162.0,219.0,3.0,8.1111,61.0,101.0,2.0,9.9344,331,423,14.0,7.6677
2008,MS Gony,271.0,342.0,13.0,7.572,30.0,46.0,3.0,9.2,362,456,17.0,7.558
2008,Mohammad Asif,90.0,147.0,3.0,9.8,61.0,106.0,4.0,10.4262,193,307,8.0,9.544
2008,Mohammad Hafeez,0.0,0.0,0.0,0.0,0.0,0.0,0.0,0.0,61,71,2.0,6.9836
2008,P Amarnath,6.0,12.0,0.0,12.0,18.0,40.0,1.0,13.3333,132,241,7.0,10.9545
2008,P Kumar,132.0,165.0,2.0,7.5,64.0,98.0,5.0,9.1875,268,376,11.0,8.4179
2008,PJ Sangwan,48.0,74.0,2.0,9.25,30.0,53.0,0.0,10.6,145,221,5.0,9.1448
2008,PM Sarvesh Kumar,6.0,8.0,0.0,8.0,0.0,0.0,0.0,0.0,30,42,1.0,8.4
2008,PP Chawla,6.0,14.0,1.0,14.0,30.0,48.0,3.0,9.6,281,396,17.0,8.4555
2008,PP Ojha,12.0,33.0,0.0,16.5,54.0,77.0,4.0,8.5556,222,299,10.0,8.0811
2008,Pankaj Singh,18.0,28.0,0.0,9.3333,13.0,33.0,0.0,15.2308,73,129,0.0,10.6027
2008,R Bhatia,0.0,0.0,0.0,0.0,24.0,55.0,2.0,13.75,132,185,6.0,8.4091
2008,R Vinay Kumar,18.0,16.0,0.0,5.3333,13.0,26.0,1.0,12.0,140,183,5.0,7.8429
2008,RA Jadeja,0.0,0.0,0.0,0.0,13.0,21.0,0.0,9.6923,13,21,0.0,9.6923
2008,RG Sharma,0.0,0.0,0.0,0.0,0.0,0.0,0.0,0.0,24,26,1.0,6.5
2008,RP Singh,174.0,239.0,5.0,8.2414,99.0,176.0,9.0,10.6667,309,459,15.0,8.9126
2008,RR Powar,18.0,23.0,0.0,7.6667,0.0,0.0,0.0,0.0,72,93,3.0,7.75
2008,RR Raje,6.0,9.0,0.0,9.0,27.0,42.0,1.0,9.3333,99,142,5.0,8.6061
2008,S Sreesanth,217.0,293.0,13.0,8.1014,62.0,96.0,6.0,9.2903,311,451,19.0,8.701
2008,S Vidyut,0.0,0.0,0.0,0.0,0.0,0.0,0.0,0.0,12,22,1.0,11.0
2008,SB Bangar,18.0,13.0,1.0,4.3333,24.0,57.0,1.0,14.25,150,221,4.0,8.84
2008,SB Joshi,0.0,0.0,0.0,0.0,7.0,13.0,1.0,11.1429,55,82,1.0,8.9455
2008,SB Styris,42.0,45.0,1.0,6.4286,48.0,85.0,2.0,10.625,162,201,3.0,7.4444
2008,SC Ganguly,6.0,3.0,0.0,3.0,0.0,0.0,0.0,0.0,120,132,6.0,6.6
2008,SD Chitnis,6.0,13.0,0.0,13.0,6.0,9.0,1.0,9.0,36,62,2.0,10.3333
2008,SK Raina,0.0,0.0,0.0,0.0,0.0,0.0,0.0,0.0,20,30,1.0,9.0
2008,SK Trivedi,30.0,52.0,0.0,10.4,48.0,64.0,5.0,8.0,289,407,13.0,8.4498
2008,SK Warne,0.0,0.0,0.0,0.0,54.0,107.0,5.0,11.8889,312,409,19.0,7.8654
2008,SM Pollock,204.0,213.0,8.0,6.2647,6.0,8.0,0.0,8.0,276,307,11.0,6.6739
2008,SR Watson,193.0,221.0,9.0,6.8705,83.0,125.0,6.0,9.0361,330,395,17.0,7.1818
2008,ST Jayasuriya,6.0,10.0,0.0,10.0,18.0,25.0,1.0,8.3333,126,163,4.0,7.7619
2008,Shahid Afridi,25.0,26.0,1.0,6.24,36.0,59.0,2.0,9.8333,181,237,9.0,7.8564
2008,Shoaib Akhtar,42.0,54.0,5.0,7.7143,0.0,0.0,0.0,0.0,42,54,5.0,7.7143
2008,Shoaib Malik,0.0,0.0,0.0,0.0,15.0,25.0,1.0,10.0,52,87,2.0,10.0385
2008,Sohail Tanvir,132.0,145.0,6.0,6.5909,104.0,122.0,16.0,7.0385,248,275,22.0,6.6532
2008,TM Dilshan,0.0,0.0,0.0,0.0,0.0,0.0,0.0,0.0,6,3,1.0,3.0
2008,Umar Gul,39.0,42.0,4.0,6.4615,47.0,88.0,4.0,11.234,141,198,12.0,8.4255
2008,V Kohli,0.0,0.0,0.0,0.0,6.0,9.0,1.0,9.0,47,62,2.0,7.9149
2008,V Sehwag,6.0,22.0,0.0,22.0,12.0,37.0,1.0,18.5,66,134,3.0,12.1818
2008,VRV Singh,55.0,102.0,1.0,11.1273,91.0,133.0,6.0,8.7692,291,425,11.0,8.7629
2008,VS Yeligati,6.0,13.0,0.0,13.0,6.0,13.0,0.0,13.0,30,61,0.0,12.2
2008,VY Mahesh,68.0,124.0,3.0,10.9412,56.0,70.0,9.0,7.5,260,380,16.0,8.7692
2008,WA Mota,0.0,0.0,0.0,0.0,0.0,0.0,0.0,0.0,18,36,1.0,12.0
2008,WPUJC Vaas,78.0,98.0,4.0,7.5385,18.0,42.0,1.0,14.0,102,146,5.0,8.5882
2008,Y Venugopal Rao,12.0,21.0,1.0,10.5,0.0,0.0,0.0,0.0,84,137,2.0,9.7857
2008,YK Pathan,30.0,29.0,3.0,5.8,13.0,35.0,0.0,16.1538,169,233,8.0,8.2722
2008,Yuvraj Singh,0.0,0.0,0.0,0.0,6.0,4.0,2.0,4.0,54,85,3.0,9.4444
2008,Z Khan,156.0,221.0,7.0,8.5,60.0,92.0,5.0,9.2,252,369,13.0,8.7857
2009,A Flintoff,12.0,21.0,0.0,10.5,24.0,59.0,1.0,14.75,66,106,2.0,9.6364
2009,A Kumble,36.0,24.0,2.0,4.0,67.0,79.0,9.0,7.0746,355,353,21.0,5.9662
2009,A Mishra,12.0,15.0,0.0,7.5,20.0,39.0,3.0,11.7,259,300,14.0,6.9498
2009,A Mithun,6.0,13.0,0.0,13.0,6.0,14.0,0.0,14.0,24,42,0.0,10.5
2009,A Nehra,171.0,190.0,9.0,6.6667,110.0,135.0,10.0,7.3636,311,354,19.0,6.8296
2009,A Singh,67.0,56.0,5.0,5.0149,33.0,41.0,4.0,7.4545,106,100,9.0,5.6604
2009,A Symonds,42.0,28.0,1.0,4.0,12.0,19.0,1.0,9.5,144,162,7.0,6.75
2009,AB Agarkar,48.0,83.0,2.0,10.375,60.0,104.0,1.0,10.4,186,293,6.0,9.4516
2009,AB Dinda,102.0,141.0,2.0,8.2941,24.0,48.0,2.0,12.0,144,195,4.0,8.125
2009,AB McDonald,0.0,0.0,0.0,0.0,0.0,0.0,0.0,0.0,18,22,0.0,7.3333
2009,AD Mascarenhas,84.0,96.0,6.0,6.8571,2.0,3.0,0.0,9.0,116,133,6.0,6.8793
2009,AD Mathews,6.0,9.0,0.0,9.0,2.0,7.0,0.0,21.0,14,32,0.0,13.7143
2009,AM Nayar,6.0,10.0,0.0,10.0,6.0,9.0,1.0,9.0,72,84,4.0,7.0
2009,AM Rahane,0.0,0.0,0.0,0.0,0.0,0.0,0.0,0.0,6,5,1.0,5.0
2009,AM Salvi,48.0,58.0,0.0,7.25,12.0,17.0,0.0,8.5,102,138,4.0,8.1176
2009,AS Raut,0.0,0.0,0.0,0.0,12.0,13.0,0.0,6.5,24,37,0.0,9.25
2009,Anureet Singh,18.0,23.0,1.0,7.6667,12.0,24.0,1.0,12.0,30,47,2.0,9.4
2009,B Akhil,6.0,12.0,0.0,12.0,24.0,36.0,1.0,9.0,66,80,4.0,7.2727
2009,B Lee,61.0,63.0,2.0,6.1967,44.0,31.0,2.0,4.2273,125,113,5.0,5.424
2009,BAW Mendis,7.0,5.0,0.0,4.2857,30.0,38.0,1.0,7.6,97,118,3.0,7.299
2009,BJ Hodge,30.0,53.0,0.0,10.6,12.0,20.0,2.0,10.0,120,167,7.0,8.35
2009,C Nanda,0.0,0.0,0.0,0.0,6.0,8.0,0.0,8.0,48,58,2.0,7.25
2009,CH Gayle,12.0,15.0,0.0,7.5,41.0,56.0,1.0,8.1951,113,146,1.0,7.7522
2009,CK Langeveldt,12.0,8.0,2.0,4.0,6.0,4.0,0.0,4.0,24,15,3.0,3.75
2009,D du Preez,18.0,12.0,3.0,4.0,7.0,16.0,0.0,13.7143,43,56,4.0,7.814
2009,DJ Bravo,91.0,110.0,6.0,7.2527,49.0,73.0,1.0,8.9388,200,265,11.0,7.95
2009,DJ Hussey,6.0,10.0,0.0,10.0,0.0,0.0,0.0,0.0,24,34,0.0,8.5
2009,DL Vettori,0.0,0.0,0.0,0.0,31.0,53.0,1.0,10.2581,139,186,7.0,8.0288
2009,DP Nannes,156.0,181.0,8.0,6.9615,99.0,147.0,7.0,8.9091,297,384,15.0,7.7576
2009,DR Smith,24.0,55.0,0.0,13.75,12.0,20.0,1.0,10.0,84,128,1.0,9.1429
2009,DS Kulkarni,108.0,136.0,4.0,7.5556,12.0,8.0,0.0,4.0,156,209,5.0,8.0385
2009,DW Steyn,36.0,37.0,0.0,6.1667,18.0,25.0,2.0,8.3333,54,62,2.0,6.8889
2009,FH Edwards,78.0,61.0,3.0,4.6923,51.0,85.0,2.0,10.0,141,160,5.0,6.8085
2009,GR Napier,6.0,3.0,0.0,3.0,0.0,0.0,0.0,0.0,24,28,1.0,7.0
2009,Harbhajan Singh,42.0,52.0,1.0,7.4286,30.0,35.0,4.0,7.0,264,272,11.0,6.1818
2009,Harmeet Singh,24.0,38.0,1.0,9.5,23.0,47.0,1.0,12.2609,137,198,3.0,8.6715
2009,I Sharma,156.0,169.0,3.0,6.5,56.0,90.0,4.0,9.6429,260,303,11.0,6.9923
2009,IK Pathan,162.0,199.0,6.0,7.3704,134.0,195.0,11.0,8.7313,302,398,17.0,7.9073
2009,J Botha,0.0,0.0,0.0,0.0,24.0,36.0,1.0,9.0,72,76,3.0,6.3333
2009,JA Morkel,171.0,219.0,11.0,7.6842,44.0,72.0,1.0,9.8182,245,330,13.0,8.0816
2009,JD Ryder,6.0,7.0,0.0,7.0,12.0,26.0,0.0,13.0,102,121,3.0,7.1176
2009,JDP Oram,12.0,19.0,0.0,9.5,40.0,58.0,4.0,8.7,94,139,5.0,8.8723
2009,JH Kallis,174.0,205.0,4.0,7.069,26.0,67.0,1.0,15.4615,278,362,6.0,7.8129
2009,JP Duminy,6.0,3.0,0.0,3.0,15.0,20.0,0.0,8.0,105,96,4.0,5.4857
2009,Jaskaran Singh,0.0,0.0,0.0,0.0,6.0,16.0,0.0,16.0,18,32,0.0,10.6667
2009,Joginder Sharma,0.0,0.0,0.0,0.0,0.0,0.0,0.0,0.0,42,57,2.0,8.1429
2009,K Goel,0.0,0.0,0.0,0.0,0.0,0.0,0.0,0.0,48,62,0.0,7.75
2009,KP Appanna,0.0,0.0,0.0,0.0,6.0,13.0,0.0,13.0,72,91,2.0,7.5833
2009,KP Pietersen,12.0,13.0,1.0,6.5,18.0,29.0,1.0,9.6667,78,88,4.0,6.7692
2009,Kamran Khan,36.0,39.0,1.0,6.5,35.0,59.0,3.0,10.1143,107,133,6.0,7.4579
2009,L Balaji,48.0,69.0,1.0,8.625,92.0,152.0,5.0,9.913,224,320,13.0,8.5714
2009,LA Carseldine,6.0,6.0,1.0,6.0,0.0,0.0,0.0,0.0,6,6,1.0,6.0
2009,LR Shukla,6.0,7.0,0.0,7.0,18.0,30.0,1.0,10.0,84,102,3.0,7.2857
2009,LRPL Taylor,0.0,0.0,0.0,0.0,0.0,0.0,0.0,0.0,6,13,0.0,13.0
2009,M Kartik,24.0,25.0,1.0,6.25,24.0,34.0,0.0,8.5,204,207,4.0,6.0882
2009,M Morkel,30.0,30.0,0.0,6.0,6.0,1.0,0.0,1.0,42,40,0.0,5.7143
2009,M Muralitharan,24.0,14.0,1.0,3.5,42.0,30.0,4.0,4.2857,300,267,14.0,5.34
2009,MC Henriques,18.0,30.0,0.0,10.0,24.0,35.0,1.0,8.75,73,107,2.0,8.7945
2009,MF Maharoof,28.0,23.0,2.0,4.9286,12.0,19.0,1.0,9.5,64,67,4.0,6.2812
2009,MK Tiwary,0.0,0.0,0.0,0.0,0.0,0.0,0.0,0.0,6,11,0.0,11.0
2009,MM Patel,87.0,67.0,7.0,4.6207,49.0,100.0,5.0,12.2449,215,245,16.0,6.8372
2009,MS Gony,79.0,130.0,3.0,9.8734,12.0,24.0,0.0,12.0,103,173,5.0,10.0777
2009,Mashrafe Mortaza,12.0,26.0,0.0,13.0,14.0,33.0,0.0,14.1429,26,59,0.0,13.6154
2009,P Kumar,151.0,183.0,5.0,7.2715,88.0,143.0,6.0,9.75,299,401,13.0,8.0468
2009,PJ Sangwan,108.0,149.0,5.0,8.2778,52.0,71.0,4.0,8.1923,282,374,15.0,7.9574
2009,PP Chawla,17.0,24.0,1.0,8.4706,24.0,37.0,4.0,9.25,269,319,12.0,7.1152
2009,PP Ojha,6.0,8.0,0.0,8.0,57.0,72.0,4.0,7.5789,321,359,18.0,6.7103
2009,Pankaj Singh,36.0,53.0,2.0,8.8333,6.0,12.0,0.0,12.0,42,65,2.0,9.2857
2009,R Ashwin,6.0,3.0,0.0,3.0,6.0,2.0,2.0,2.0,24,14,2.0,3.5
2009,R Bhatia,0.0,0.0,0.0,0.0,52.0,57.0,6.0,6.5769,130,153,10.0,7.0615
2009,R Vinay Kumar,84.0,99.0,4.0,7.0714,62.0,100.0,4.0,9.6774,194,273,9.0,8.4433
2009,RA Jadeja,6.0,7.0,0.0,7.0,26.0,36.0,0.0,8.3077,140,156,6.0,6.6857
2009,RA Shaikh,6.0,11.0,0.0,11.0,0.0,0.0,0.0,0.0,6,11,0.0,11.0
2009,RE van der Merwe,12.0,29.0,0.0,14.5,72.0,107.0,4.0,8.9167,204,263,9.0,7.7353
2009,RG Sharma,12.0,10.0,2.0,5.0,30.0,28.0,6.0,5.6,138,163,11.0,7.087
2009,RJ Harris,121.0,134.0,3.0,6.6446,60.0,95.0,3.0,9.5,187,235,6.0,7.5401
2009,RP Singh,214.0,233.0,11.0,6.5327,127.0,163.0,12.0,7.7008,365,430,23.0,7.0685
2009,RR Bose,12.0,24.0,0.0,12.0,0.0,0.0,0.0,0.0,12,24,0.0,12.0
2009,RR Powar,36.0,46.0,2.0,7.6667,0.0,0.0,0.0,0.0,126,138,5.0,6.5714
2009,RR Raje,0.0,0.0,0.0,0.0,11.0,22.0,0.0,12.0,41,72,1.0,10.5366
2009,RS Bopara,0.0,0.0,0.0,0.0,0.0,0.0,0.0,0.0,8,5,0.0,3.75
2009,S Sreesanth,67.0,88.0,1.0,7.8806,20.0,65.0,1.0,19.5,141,196,6.0,8.3404
2009,S Tyagi,115.0,143.0,5.0,7.4609,0.0,0.0,0.0,0.0,115,143,5.0,7.4609
2009,SB Jakati,6.0,10.0,0.0,10.0,36.0,47.0,5.0,7.8333,174,225,13.0,7.7586
2009,SB Styris,0.0,0.0,0.0,0.0,18.0,30.0,4.0,10.0,48,64,5.0,8.0
2009,SC Ganguly,6.0,16.0,0.0,16.0,0.0,0.0,0.0,0.0,72,98,2.0,8.1667
2009,SK Raina,6.0,3.0,1.0,3.0,30.0,44.0,1.0,8.8,166,169,7.0,6.1084
2009,SK Trivedi,36.0,44.0,4.0,7.3333,36.0,56.0,1.0,9.3333,121,152,6.0,7.5372
2009,SK Warne,6.0,4.0,1.0,4.0,96.0,140.0,6.0,8.75,300,369,13.0,7.38
2009,SL Malinga,140.0,147.0,3.0,6.3,123.0,135.0,13.0,6.5854,300,334,18.0,6.68
2009,SM Harwood,18.0,7.0,1.0,2.3333,24.0,46.0,1.0,11.5,60,74,3.0,7.4
2009,SR Tendulkar,0.0,0.0,0.0,0.0,6.0,19.0,0.0,19.0,36,59,0.0,9.8333
2009,SS Sarkar,6.0,15.0,0.0,15.0,13.0,13.0,1.0,6.0,25,34,1.0,8.16
2009,ST Jayasuriya,0.0,0.0,0.0,0.0,30.0,42.0,2.0,8.4,114,165,7.0,8.6842
2009,Shoaib Ahmed,18.0,37.0,1.0,12.3333,18.0,42.0,0.0,14.0,102,154,5.0,9.0588
2009,T Henderson,0.0,0.0,0.0,0.0,18.0,28.0,0.0,9.3333,36,41,1.0,6.8333
2009,T Thushara,30.0,35.0,2.0,7.0,12.0,22.0,1.0,11.0,48,61,3.0,7.625
2009,TL Suman,0.0,0.0,0.0,0.0,18.0,32.0,1.0,10.6667,91,108,5.0,7.1209
2009,TM Dilshan,6.0,3.0,0.0,3.0,0.0,0.0,0.0,0.0,96,99,0.0,6.1875
2009,V Kohli,0.0,0.0,0.0,0.0,0.0,0.0,0.0,0.0,36,46,0.0,7.6667
2009,V Sehwag,7.0,25.0,0.0,21.4286,0.0,0.0,0.0,0.0,7,25,0.0,21.4286
2009,VRV Singh,18.0,22.0,0.0,7.3333,12.0,15.0,1.0,7.5,54,83,1.0,9.2222
2009,VS Malik,49.0,72.0,2.0,8.8163,6.0,8.0,0.0,8.0,73,100,2.0,8.2192
2009,VY Mahesh,12.0,25.0,1.0,12.5,0.0,0.0,0.0,0.0,12,25,1.0,12.5
2009,WA Mota,0.0,0.0,0.0,0.0,25.0,48.0,1.0,11.52,55,62,3.0,6.7636
2009,WPUJC Vaas,31.0,34.0,3.0,6.5806,12.0,28.0,0.0,14.0,50,71,4.0,8.52
2009,Y Nagar,0.0,0.0,0.0,0.0,0.0,0.0,0.0,0.0,13,20,2.0,9.2308
2009,Y Venugopal Rao,12.0,10.0,0.0,5.0,24.0,53.0,1.0,13.25,90,123,4.0,8.2
2009,YA Abdulla,78.0,92.0,7.0,7.0769,48.0,92.0,6.0,11.5,169,244,14.0,8.6627
2009,YK Pathan,96.0,97.0,5.0,6.0625,18.0,26.0,2.0,8.6667,210,248,7.0,7.0857
2009,Yuvraj Singh,0.0,0.0,0.0,0.0,18.0,12.0,0.0,4.0,120,142,6.0,7.1
2009,Z Khan,66.0,73.0,3.0,6.6364,37.0,49.0,1.0,7.9459,127,144,6.0,6.8031
2010,A Kumble,48.0,45.0,1.0,5.625,77.0,82.0,7.0,6.3896,385,422,17.0,6.5766
2010,A Mishra,80.0,69.0,5.0,5.175,49.0,75.0,3.0,9.1837,321,371,17.0,6.9346
2010,A Mithun,7.0,13.0,1.0,11.1429,6.0,19.0,0.0,19.0,19,39,1.0,12.3158
2010,A Nehra,54.0,59.0,3.0,6.5556,30.0,43.0,3.0,8.6,84,102,6.0,7.2857
2010,A Symonds,72.0,82.0,3.0,6.8333,66.0,109.0,4.0,9.9091,318,385,12.0,7.2642
2010,A Uniyal,12.0,22.0,1.0,11.0,18.0,27.0,1.0,9.0,36,67,2.0,11.1667
2010,AA Jhunjhunwala,12.0,22.0,0.0,11.0,1.0,2.0,0.0,12.0,37,69,0.0,11.1892
2010,AB Agarkar,42.0,59.0,2.0,8.4286,24.0,39.0,0.0,9.75,133,207,4.0,9.3383
2010,AB Dinda,84.0,102.0,3.0,7.2857,19.0,23.0,3.0,7.2632,139,155,9.0,6.6906
2010,AB McDonald,24.0,38.0,2.0,9.5,24.0,50.0,2.0,12.5,84,138,5.0,9.8571
2010,AC Voges,12.0,26.0,0.0,13.0,6.0,5.0,0.0,5.0,54,76,0.0,8.4444
2010,AD Mascarenhas,24.0,41.0,2.0,10.25,0.0,0.0,0.0,0.0,48,66,4.0,8.25
2010,AD Mathews,24.0,36.0,1.0,9.0,39.0,47.0,3.0,7.2308,226,317,8.0,8.4159
2010,AG Murtaza,12.0,7.0,1.0,3.5,12.0,22.0,0.0,11.0,72,93,3.0,7.75
2010,AJ Finch,0.0,0.0,0.0,0.0,1.0,1.0,0.0,6.0,7,5,0.0,4.2857
2010,AN Ahmed,0.0,0.0,0.0,0.0,0.0,0.0,0.0,0.0,12,26,0.0,13.0
2010,AP Dole,30.0,62.0,2.0,12.4,12.0,22.0,1.0,11.0,67,114,5.0,10.209
2010,B Akhil,0.0,0.0,0.0,0.0,0.0,0.0,0.0,0.0,6,6,0.0,6.0
2010,B Lee,43.0,63.0,0.0,8.7907,33.0,73.0,0.0,13.2727,88,154,0.0,10.5
2010,BAW Mendis,6.0,5.0,0.0,5.0,12.0,26.0,1.0,13.0,48,68,2.0,8.5
2010,BJ Hodge,0.0,0.0,0.0,0.0,0.0,0.0,0.0,0.0,30,41,2.0,8.2
2010,Bipul Sharma,0.0,0.0,0.0,0.0,18.0,45.0,1.0,15.0,60,94,3.0,9.4
2010,C Ganapathy,0.0,0.0,0.0,0.0,0.0,0.0,0.0,0.0,6,13,0.0,13.0
2010,CH Gayle,54.0,89.0,2.0,9.8889,18.0,31.0,1.0,10.3333,96,153,4.0,9.5625
2010,CK Langeveldt,36.0,52.0,2.0,8.6667,24.0,34.0,2.0,8.5,66,92,5.0,8.3636
2010,CL White,0.0,0.0,0.0,0.0,0.0,0.0,0.0,0.0,6,19,0.0,19.0
2010,CRD Fernando,54.0,70.0,2.0,7.7778,31.0,37.0,2.0,7.1613,117,142,7.0,7.2821
2010,DE Bollinger,114.0,100.0,6.0,5.2632,73.0,113.0,6.0,9.2877,187,213,12.0,6.8342
2010,DJ Bravo,42.0,59.0,0.0,8.4286,19.0,33.0,0.0,10.4211,157,231,4.0,8.828
2010,DJ Hussey,6.0,6.0,0.0,6.0,0.0,0.0,0.0,0.0,60,81,0.0,8.1
2010,DL Vettori,12.0,25.0,0.0,12.5,28.0,33.0,1.0,7.0714,70,98,2.0,8.4
2010,DP Nannes,102.0,94.0,3.0,5.5294,76.0,105.0,4.0,8.2895,208,235,7.0,6.7788
2010,DR Smith,12.0,24.0,0.0,12.0,5.0,7.0,1.0,8.4,23,36,1.0,9.3913
2010,DS Kulkarni,18.0,28.0,1.0,9.3333,6.0,12.0,0.0,12.0,24,40,1.0,10.0
2010,DW Steyn,162.0,204.0,6.0,7.5556,90.0,115.0,6.0,7.6667,354,415,15.0,7.0339
2010,FY Fazal,0.0,0.0,0.0,0.0,12.0,20.0,0.0,10.0,12,20,0.0,10.0
2010,Harbhajan Singh,78.0,96.0,3.0,7.3846,46.0,52.0,4.0,6.7826,322,385,15.0,7.1739
2010,Harmeet Singh,30.0,55.0,2.0,11.0,48.0,45.0,5.0,5.625,144,177,8.0,7.375
2010,I Sharma,84.0,127.0,2.0,9.0714,49.0,91.0,3.0,11.1429,151,242,7.0,9.6159
2010,IK Pathan,108.0,159.0,3.0,8.8333,86.0,170.0,8.0,11.8605,278,435,15.0,9.3885
2010,Iqbal Abdulla,0.0,0.0,0.0,0.0,12.0,11.0,1.0,5.5,51,62,1.0,7.2941
2010,J Theron,37.0,59.0,0.0,9.5676,66.0,86.0,3.0,7.8182,145,195,6.0,8.069
2010,JA Morkel,108.0,164.0,4.0,9.1111,70.0,103.0,4.0,8.8286,286,410,11.0,8.6014
2010,JD Unadkat,24.0,45.0,0.0,11.25,14.0,23.0,1.0,9.8571,62,85,4.0,8.2258
2010,JH Kallis,91.0,119.0,4.0,7.8462,84.0,141.0,4.0,10.0714,343,484,13.0,8.4665
2010,JM Kemp,0.0,0.0,0.0,0.0,1.0,1.0,0.0,6.0,44,58,3.0,7.9091
2010,JP Duminy,0.0,0.0,0.0,0.0,3.0,6.0,0.0,12.0,33,37,1.0,6.7273
2010,Jaskaran Singh,44.0,53.0,2.0,7.2273,26.0,59.0,3.0,13.6154,88,142,6.0,9.6818
2010,Joginder Sharma,20.0,39.0,0.0,11.7,12.0,20.0,1.0,10.0,50,89,2.0,10.68
2010,K Goel,0.0,0.0,0.0,0.0,0.0,0.0,0.0,0.0,6,7,0.0,7.0
2010,KA Pollard,12.0,22.0,0.0,11.0,36.0,55.0,3.0,9.1667,223,276,15.0,7.426
2010,KAJ Roach,18.0,20.0,0.0,6.6667,19.0,44.0,0.0,13.8947,49,80,0.0,9.7959
2010,KP Appanna,0.0,0.0,0.0,0.0,6.0,13.0,0.0,13.0,42,51,1.0,7.2857
2010,KP Pietersen,0.0,0.0,0.0,0.0,6.0,10.0,1.0,10.0,60,77,3.0,7.7
2010,Kamran Khan,30.0,42.0,3.0,8.4,0.0,0.0,0.0,0.0,36,53,3.0,8.8333
2010,L Ablish,12.0,26.0,0.0,13.0,12.0,11.0,3.0,5.5,24,37,3.0,9.25
2010,L Balaji,49.0,67.0,3.0,8.2041,38.0,81.0,2.0,12.7895,141,214,7.0,9.1064
2010,LR Shukla,12.0,25.0,0.0,12.5,24.0,38.0,1.0,9.5,72,108,3.0,9.0
2010,M Kartik,30.0,41.0,3.0,8.2,54.0,67.0,3.0,7.4444,235,261,9.0,6.6638
2010,M Morkel,18.0,33.0,0.0,11.0,6.0,13.0,0.0,13.0,42,66,0.0,9.4286
2010,M Muralitharan,24.0,24.0,0.0,6.0,72.0,85.0,7.0,7.0833,288,346,15.0,7.2083
2010,MB Parmar,6.0,14.0,0.0,14.0,0.0,0.0,0.0,0.0,18,33,0.0,11.0
2010,MC Henriques,0.0,0.0,0.0,0.0,12.0,23.0,0.0,11.5,24,35,1.0,8.75
2010,MF Maharoof,108.0,152.0,6.0,8.4444,25.0,38.0,2.0,9.12,145,210,8.0,8.6897
2010,MK Tiwary,0.0,0.0,0.0,0.0,6.0,11.0,1.0,11.0,6,11,1.0,11.0
2010,MM Patel,48.0,89.0,0.0,11.125,12.0,10.0,1.0,5.0,78,118,3.0,9.0769
2010,MR Marsh,24.0,40.0,1.0,10.0,19.0,32.0,1.0,10.1053,61,89,2.0,8.7541
2010,MS Gony,42.0,81.0,1.0,11.5714,0.0,0.0,0.0,0.0,48,92,1.0,11.5
2010,ND Doshi,0.0,0.0,0.0,0.0,6.0,1.0,1.0,1.0,24,17,1.0,4.25
2010,NLTC Perera,0.0,0.0,0.0,0.0,6.0,19.0,0.0,19.0,6,19,0.0,19.0
2010,P Kumar,168.0,210.0,4.0,7.5,84.0,161.0,6.0,11.5,270,392,10.0,8.7111
2010,PD Collingwood,0.0,0.0,0.0,0.0,23.0,21.0,3.0,5.4783,89,101,5.0,6.809
2010,PJ Sangwan,56.0,76.0,0.0,8.1429,30.0,52.0,2.0,10.4,188,260,9.0,8.2979
2010,PP Chawla,36.0,34.0,2.0,5.6667,48.0,65.0,3.0,8.125,294,371,12.0,7.5714
2010,PP Ojha,30.0,28.0,2.0,5.6,36.0,77.0,3.0,12.8333,354,439,21.0,7.4407
2010,Pankaj Singh,18.0,14.0,1.0,4.6667,6.0,12.0,0.0,12.0,48,83,2.0,10.375
2010,R Ashwin,132.0,115.0,6.0,5.2273,60.0,87.0,1.0,8.7,288,308,12.0,6.4167
2010,R Bhatia,12.0,25.0,0.0,12.5,6.0,8.0,0.0,8.0,96,136,3.0,8.5
2010,R McLaren,96.0,127.0,2.0,7.9375,43.0,72.0,1.0,10.0465,205,281,4.0,8.2244
2010,R Sathish,0.0,0.0,0.0,0.0,6.0,21.0,0.0,21.0,48,81,2.0,10.125
2010,R Sharma,6.0,3.0,0.0,3.0,22.0,53.0,0.0,14.4545,124,170,5.0,8.2258
2010,R Vinay Kumar,84.0,99.0,3.0,7.0714,93.0,165.0,5.0,10.6452,279,404,16.0,8.6882
2010,RE van der Merwe,0.0,0.0,0.0,0.0,0.0,0.0,0.0,0.0,24,27,2.0,6.75
2010,RG Sharma,36.0,57.0,0.0,9.5,12.0,24.0,1.0,12.0,114,159,2.0,8.3684
2010,RJ Harris,96.0,80.0,5.0,5.0,64.0,127.0,8.0,11.9062,184,239,14.0,7.7935
2010,RP Singh,120.0,172.0,3.0,8.6,84.0,167.0,7.0,11.9286,252,385,13.0,9.1667
2010,RR Powar,67.0,74.0,1.0,6.6269,6.0,3.0,0.0,3.0,139,163,2.0,7.036
2010,RS Bopara,0.0,0.0,0.0,0.0,18.0,34.0,2.0,11.3333,78,132,5.0,10.1538
2010,RS Gavaskar,0.0,0.0,0.0,0.0,6.0,8.0,0.0,8.0,6,8,0.0,8.0
2010,S Ladda,12.0,21.0,1.0,10.5,30.0,58.0,3.0,11.6,90,144,4.0,9.6
2010,S Narwal,54.0,89.0,3.0,9.8889,18.0,59.0,2.0,19.6667,94,186,5.0,11.8723
2010,S Sreesanth,90.0,119.0,3.0,7.9333,12.0,17.0,0.0,8.5,121,191,3.0,9.4711
2010,S Sriram,0.0,0.0,0.0,0.0,0.0,0.0,0.0,0.0,12,24,0.0,12.0
2010,S Tyagi,54.0,91.0,0.0,10.1111,13.0,32.0,0.0,14.7692,97,161,1.0,9.9588
2010,SB Jakati,6.0,2.0,0.0,2.0,36.0,58.0,3.0,9.6667,228,300,13.0,7.8947
2010,SB Wagh,6.0,16.0,1.0,16.0,0.0,0.0,0.0,0.0,6,16,1.0,16.0
2010,SC Ganguly,6.0,13.0,0.0,13.0,0.0,0.0,0.0,0.0,24,43,0.0,10.75
2010,SE Bond,90.0,95.0,4.0,6.3333,54.0,87.0,2.0,9.6667,186,225,9.0,7.2581
2010,SJ Srivastava,90.0,131.0,4.0,8.7333,24.0,42.0,1.0,10.5,162,257,6.0,9.5185
2010,SK Raina,0.0,0.0,0.0,0.0,42.0,58.0,1.0,8.2857,143,181,6.0,7.5944
2010,SK Trivedi,18.0,20.0,1.0,6.6667,58.0,89.0,4.0,9.2069,214,266,11.0,7.4579
2010,SK Warne,12.0,24.0,0.0,12.0,30.0,47.0,3.0,9.4,300,389,11.0,7.78
2010,SL Malinga,120.0,144.0,6.0,7.2,108.0,135.0,8.0,7.5,294,360,15.0,7.3469
2010,SR Watson,66.0,88.0,4.0,8.0,42.0,78.0,2.0,11.1429,132,185,6.0,8.4091
2010,ST Jayasuriya,0.0,0.0,0.0,0.0,12.0,20.0,0.0,10.0,54,68,2.0,7.5556
2010,STR Binny,0.0,0.0,0.0,0.0,0.0,0.0,0.0,0.0,6,9,0.0,9.0
2010,SW Tait,78.0,112.0,2.0,8.6154,80.0,107.0,7.0,8.025,188,274,10.0,8.7447
2010,T Thushara,30.0,25.0,1.0,5.0,34.0,58.0,3.0,10.2353,89,103,5.0,6.9438
2010,TL Suman,0.0,0.0,0.0,0.0,7.0,16.0,0.0,13.7143,13,24,0.0,11.0769
2010,TM Dilshan,0.0,0.0,0.0,0.0,19.0,22.0,1.0,6.9474,49,70,3.0,8.5714
2010,UT Yadav,43.0,61.0,1.0,8.5116,37.0,48.0,2.0,7.7838,146,192,6.0,7.8904
2010,V Kohli,0.0,0.0,0.0,0.0,2.0,1.0,0.0,3.0,33,51,0.0,9.2727
2010,V Sehwag,0.0,0.0,0.0,0.0,4.0,2.0,1.0,3.0,34,23,3.0,4.0588
2010,VRV Singh,6.0,12.0,0.0,12.0,7.0,15.0,0.0,12.8571,19,41,0.0,12.9474
2010,VS Malik,19.0,22.0,0.0,6.9474,1.0,4.0,0.0,24.0,44,66,1.0,9.0
2010,VY Mahesh,0.0,0.0,0.0,0.0,6.0,1.0,1.0,1.0,18,23,1.0,7.6667
2010,WPUJC Vaas,90.0,79.0,8.0,5.2667,18.0,26.0,1.0,8.6667,132,147,9.0,6.6818
2010,Y Nagar,6.0,10.0,0.0,10.0,0.0,0.0,0.0,0.0,18,28,1.0,9.3333
2010,Y Venugopal Rao,0.0,0.0,0.0,0.0,0.0,0.0,0.0,0.0,6,10,0.0,10.0
2010,YA Abdulla,6.0,11.0,0.0,11.0,11.0,24.0,0.0,13.0909,41,67,1.0,9.8049
2010,YK Pathan,84.0,99.0,2.0,7.0714,24.0,26.0,1.0,6.5,204,254,5.0,7.4706
2010,Yuvraj Singh,0.0,0.0,0.0,0.0,24.0,32.0,2.0,8.0,138,155,5.0,6.7391
2010,Z Khan,144.0,190.0,4.0,7.9167,92.0,139.0,8.0,9.0652,291,388,15.0,8.0
2011,A Mishra,12.0,15.0,0.0,7.5,92.0,126.0,8.0,8.2174,322,369,19.0,6.8758
2011,A Mithun,31.0,45.0,0.0,8.7097,54.0,91.0,3.0,10.1111,212,325,5.0,9.1981
2011,A Singh,90.0,111.0,2.0,7.4,45.0,59.0,6.0,7.8667,171,222,9.0,7.7895
2011,A Symonds,0.0,0.0,0.0,0.0,0.0,0.0,0.0,0.0,24,41,1.0,10.25
2011,AA Chavan,24.0,26.0,0.0,6.5,0.0,0.0,0.0,0.0,30,31,0.0,6.2
2011,AA Jhunjhunwala,0.0,0.0,0.0,0.0,0.0,0.0,0.0,0.0,12,22,0.0,11.0
2011,AA Kazi,0.0,0.0,0.0,0.0,0.0,0.0,0.0,0.0,12,21,0.0,10.5
2011,AB Agarkar,12.0,21.0,0.0,10.5,54.0,96.0,3.0,10.6667,162,236,8.0,8.7407
2011,AB Dinda,68.0,95.0,3.0,8.3824,24.0,55.0,1.0,13.75,104,159,5.0,9.1731
2011,AB McDonald,6.0,11.0,0.0,11.0,0.0,0.0,0.0,0.0,12,23,0.0,11.5
2011,AC Thomas,132.0,141.0,6.0,6.4091,82.0,143.0,2.0,10.4634,232,300,11.0,7.7586
2011,AG Murtaza,48.0,31.0,0.0,3.875,12.0,32.0,0.0,16.0,120,122,3.0,6.1
2011,AJ Finch,0.0,0.0,0.0,0.0,6.0,5.0,0.0,5.0,12,13,0.0,6.5
2011,AL Menaria,42.0,53.0,1.0,7.5714,18.0,38.0,0.0,12.6667,90,121,2.0,8.0667
2011,AM Nayar,0.0,0.0,0.0,0.0,0.0,0.0,0.0,0.0,61,95,2.0,9.3443
2011,AM Salvi,18.0,21.0,1.0,7.0,18.0,29.0,2.0,9.6667,48,67,3.0,8.375
2011,AN Ahmed,48.0,76.0,3.0,9.5,25.0,33.0,2.0,7.92,121,178,5.0,8.8264
2011,AS Raut,0.0,0.0,0.0,0.0,0.0,0.0,0.0,0.0,6,8,0.0,8.0
2011,AUK Pathan,0.0,0.0,0.0,0.0,9.0,14.0,0.0,9.3333,33,49,0.0,8.9091
2011,Anand Rajan,6.0,11.0,0.0,11.0,18.0,34.0,3.0,11.3333,30,50,3.0,10.0
2011,B Akhil,0.0,0.0,0.0,0.0,7.0,18.0,0.0,15.4286,13,22,0.0,10.1538
2011,B Chipli,0.0,0.0,0.0,0.0,0.0,0.0,0.0,0.0,6,20,0.0,20.0
2011,B Kumar,36.0,28.0,0.0,4.6667,0.0,0.0,0.0,0.0,67,68,3.0,6.0896
2011,B Lee,151.0,176.0,1.0,6.9934,111.0,158.0,3.0,8.5405,274,349,5.0,7.6423
2011,BA Bhatt,60.0,68.0,3.0,6.8,48.0,71.0,2.0,8.875,167,233,9.0,8.3713
2011,BJ Hodge,0.0,0.0,0.0,0.0,6.0,3.0,1.0,3.0,66,77,7.0,7.0
2011,Bipul Sharma,24.0,23.0,1.0,5.75,6.0,10.0,0.0,10.0,72,80,3.0,6.6667
2011,CH Gayle,36.0,41.0,1.0,6.8333,49.0,70.0,4.0,8.5714,218,262,8.0,7.211
2011,CK Langeveldt,37.0,39.0,2.0,6.3243,18.0,25.0,2.0,8.3333,67,92,5.0,8.2388
2011,DB Ravi Teja,0.0,0.0,0.0,0.0,0.0,0.0,0.0,0.0,6,9,0.0,9.0
2011,DE Bollinger,138.0,187.0,4.0,8.1304,133.0,144.0,11.0,6.4962,283,343,17.0,7.2721
2011,DJ Bravo,6.0,10.0,0.0,10.0,12.0,25.0,1.0,12.5,120,159,6.0,7.95
2011,DJ Hussey,6.0,15.0,0.0,15.0,0.0,0.0,0.0,0.0,18,38,1.0,12.6667
2011,DL Vettori,48.0,48.0,2.0,6.0,52.0,65.0,3.0,7.5,310,315,12.0,6.0968
2011,DP Nannes,12.0,16.0,1.0,8.0,6.0,6.0,1.0,6.0,24,31,2.0,7.75
2011,DS Kulkarni,42.0,44.0,1.0,6.2857,30.0,45.0,1.0,9.0,120,156,5.0,7.8
2011,DT Christian,66.0,83.0,3.0,7.5455,35.0,74.0,3.0,12.6857,275,357,11.0,7.7891
2011,DW Steyn,141.0,139.0,6.0,5.9149,88.0,120.0,7.0,8.1818,277,304,14.0,6.5848
2011,Harbhajan Singh,114.0,119.0,5.0,6.2632,60.0,73.0,6.0,7.3,318,373,13.0,7.0377
2011,Harmeet Singh,12.0,6.0,2.0,3.0,7.0,15.0,0.0,12.8571,43,53,3.0,7.3953
2011,I Malhotra,0.0,0.0,0.0,0.0,0.0,0.0,0.0,0.0,6,23,0.0,23.0
2011,I Sharma,176.0,173.0,11.0,5.8977,63.0,111.0,0.0,10.5714,269,324,11.0,7.2268
2011,IK Pathan,168.0,186.0,7.0,6.6429,60.0,99.0,1.0,9.9,276,353,11.0,7.6739
2011,Iqbal Abdulla,126.0,110.0,8.0,5.2381,42.0,56.0,1.0,8.0,300,313,16.0,6.26
2011,J Botha,72.0,92.0,3.0,7.6667,30.0,32.0,3.0,6.4,216,242,7.0,6.7222
2011,J Syed Mohammad,18.0,14.0,1.0,4.6667,18.0,33.0,1.0,11.0,90,128,5.0,8.5333
2011,JA Morkel,175.0,245.0,6.0,8.4,42.0,78.0,6.0,11.1429,271,390,15.0,8.6347
2011,JD Ryder,0.0,0.0,0.0,0.0,14.0,30.0,1.0,12.8571,92,119,4.0,7.7609
2011,JD Unadkat,48.0,72.0,2.0,9.0,24.0,40.0,2.0,10.0,108,151,6.0,8.3889
2011,JDP Oram,24.0,46.0,1.0,11.5,0.0,0.0,0.0,0.0,24,46,1.0,11.5
2011,JE Taylor,49.0,51.0,0.0,6.2449,51.0,96.0,6.0,11.2941,118,167,6.0,8.4915
2011,JEC Franklin,0.0,0.0,0.0,0.0,18.0,33.0,3.0,11.0,63,99,3.0,9.4286
2011,JH Kallis,30.0,41.0,1.0,8.2,42.0,62.0,3.0,8.8571,144,170,7.0,7.0833
2011,JJ van der Wath,32.0,41.0,0.0,7.6875,24.0,49.0,2.0,12.25,74,134,3.0,10.8649
2011,JP Duminy,48.0,54.0,2.0,6.75,6.0,11.0,0.0,11.0,108,149,4.0,8.2778
2011,JP Faulkner,12.0,10.0,1.0,5.0,0.0,0.0,0.0,0.0,12,10,1.0,5.0
2011,JR Hopes,0.0,0.0,0.0,0.0,48.0,77.0,3.0,9.625,192,277,7.0,8.6562
2011,Joginder Sharma,6.0,9.0,0.0,9.0,6.0,17.0,0.0,17.0,18,34,0.0,11.3333
2011,KA Pollard,12.0,22.0,1.0,11.0,46.0,76.0,3.0,9.913,257,367,10.0,8.5681
2011,KMDN Kulasekara,18.0,26.0,1.0,8.6667,0.0,0.0,0.0,0.0,18,26,1.0,8.6667
2011,Kamran Khan,12.0,37.0,0.0,18.5,0.0,0.0,0.0,0.0,18,47,0.0,15.6667
2011,L Ablish,0.0,0.0,0.0,0.0,6.0,8.0,0.0,8.0,18,39,0.0,13.0
2011,L Balaji,96.0,124.0,2.0,7.75,98.0,158.0,4.0,9.6735,268,383,10.0,8.5746
2011,LRPL Taylor,0.0,0.0,0.0,0.0,0.0,0.0,0.0,0.0,6,11,0.0,11.0
2011,M Kartik,37.0,42.0,1.0,6.8108,18.0,33.0,0.0,11.0,128,170,1.0,7.9688
2011,M Manhas,0.0,0.0,0.0,0.0,6.0,8.0,0.0,8.0,42,42,0.0,6.0
2011,M Morkel,135.0,174.0,4.0,7.7333,61.0,82.0,7.0,8.0656,262,336,13.0,7.6947
2011,M Muralitharan,24.0,16.0,0.0,4.0,23.0,41.0,1.0,10.6957,114,145,2.0,7.6316
2011,MK Tiwary,0.0,0.0,0.0,0.0,0.0,0.0,0.0,0.0,12,23,0.0,11.5
2011,MM Patel,162.0,151.0,10.0,5.5926,74.0,127.0,8.0,10.2973,326,377,22.0,6.9387
2011,MR Marsh,12.0,26.0,0.0,13.0,24.0,25.0,5.0,6.25,85,102,7.0,7.2
2011,MS Gony,12.0,28.0,1.0,14.0,6.0,14.0,1.0,14.0,54,86,4.0,9.5556
2011,ND Doshi,18.0,32.0,1.0,10.6667,6.0,10.0,0.0,10.0,32,62,1.0,11.625
2011,NJ Rimmington,12.0,14.0,0.0,7.0,0.0,0.0,0.0,0.0,18,20,0.0,6.6667
2011,NL McCullum,12.0,12.0,0.0,6.0,0.0,0.0,0.0,0.0,30,35,0.0,7.0
2011,NLTC Perera,12.0,19.0,0.0,9.5,18.0,26.0,1.0,8.6667,84,114,2.0,8.1429
2011,P Kumar,210.0,236.0,6.0,6.7429,18.0,44.0,2.0,14.6667,276,353,10.0,7.6739
2011,P Parameswaran,25.0,57.0,1.0,13.68,21.0,28.0,2.0,8.0,95,137,4.0,8.6526
2011,P Prasanth,0.0,0.0,0.0,0.0,0.0,0.0,0.0,0.0,6,18,0.0,18.0
2011,PC Valthaty,0.0,0.0,0.0,0.0,19.0,31.0,2.0,9.7895,145,191,7.0,7.9034
2011,PP Chawla,6.0,12.0,0.0,12.0,38.0,56.0,3.0,8.8421,248,340,16.0,8.2258
2011,PP Ojha,36.0,48.0,1.0,8.0,47.0,74.0,4.0,9.4468,221,281,10.0,7.629
2011,Pankaj Singh,6.0,12.0,0.0,12.0,6.0,12.0,0.0,12.0,12,24,0.0,12.0
2011,R Ashwin,168.0,166.0,12.0,5.9286,84.0,116.0,2.0,8.2857,378,398,20.0,6.3175
2011,R Bhatia,0.0,0.0,0.0,0.0,18.0,26.0,0.0,8.6667,192,213,8.0,6.6562
2011,R McLaren,24.0,28.0,1.0,7.0,32.0,54.0,2.0,10.125,110,182,5.0,9.9273
2011,R Ninan,0.0,0.0,0.0,0.0,6.0,16.0,0.0,16.0,36,65,3.0,10.8333
2011,R Sathish,0.0,0.0,0.0,0.0,1.0,1.0,0.0,6.0,31,41,0.0,7.9355
2011,R Sharma,30.0,32.0,1.0,6.4,60.0,55.0,4.0,5.5,300,278,16.0,5.56
2011,R Vinay Kumar,90.0,92.0,5.0,6.1333,64.0,117.0,5.0,10.9688,268,345,12.0,7.7239
2011,RA Jadeja,18.0,30.0,1.0,10.0,66.0,77.0,1.0,7.0,252,307,7.0,7.3095
2011,RE van der Merwe,6.0,14.0,0.0,14.0,11.0,11.0,3.0,6.0,89,94,5.0,6.3371
2011,RG Sharma,0.0,0.0,0.0,0.0,0.0,0.0,0.0,0.0,24,53,0.0,13.25
2011,RJ Harris,120.0,159.0,4.0,7.95,114.0,172.0,10.0,9.0526,282,401,16.0,8.5319
2011,RN ten Doeschate,0.0,0.0,0.0,0.0,0.0,0.0,0.0,0.0,6,7,0.0,7.0
2011,RP Singh,198.0,225.0,8.0,6.8182,54.0,68.0,1.0,7.5556,300,365,13.0,7.3
2011,RR Powar,6.0,20.0,0.0,20.0,18.0,32.0,2.0,10.6667,72,112,2.0,9.3333
2011,RV Gomez,0.0,0.0,0.0,0.0,6.0,20.0,1.0,20.0,90,125,5.0,8.3333
2011,RW Price,6.0,14.0,0.0,14.0,0.0,0.0,0.0,0.0,18,33,0.0,11.0
2011,S Aravind,144.0,164.0,8.0,6.8333,66.0,112.0,10.0,10.1818,276,377,21.0,8.1957
2011,S Dhawan,0.0,0.0,0.0,0.0,0.0,0.0,0.0,0.0,12,12,1.0,6.0
2011,S Ladda,0.0,0.0,0.0,0.0,6.0,14.0,0.0,14.0,25,42,0.0,10.08
2011,S Nadeem,0.0,0.0,0.0,0.0,12.0,26.0,0.0,13.0,114,145,4.0,7.6316
2011,S Rana,0.0,0.0,0.0,0.0,4.0,2.0,0.0,3.0,4,2,0.0,3.0
2011,S Randiv,12.0,21.0,0.0,10.5,18.0,27.0,3.0,9.0,174,223,6.0,7.6897
2011,S Sreesanth,135.0,134.0,7.0,5.9556,29.0,49.0,0.0,10.1379,196,212,7.0,6.4898
2011,S Sriram,0.0,0.0,0.0,0.0,0.0,0.0,0.0,0.0,6,25,0.0,25.0
2011,SB Jakati,6.0,11.0,0.0,11.0,31.0,42.0,0.0,8.129,266,338,10.0,7.6241
2011,SB Styris,0.0,0.0,0.0,0.0,0.0,0.0,0.0,0.0,6,13,0.0,13.0
2011,SB Wagh,84.0,104.0,3.0,7.4286,12.0,27.0,1.0,13.5,96,131,4.0,8.1875
2011,SJ Srivastava,42.0,80.0,1.0,11.4286,31.0,46.0,4.0,8.9032,121,187,8.0,9.2727
2011,SK Raina,0.0,0.0,0.0,0.0,33.0,55.0,3.0,10.0,165,209,4.0,7.6
2011,SK Trivedi,38.0,70.0,1.0,11.0526,64.0,96.0,7.0,9.0,217,307,10.0,8.4885
2011,SK Warne,18.0,31.0,0.0,10.3333,36.0,33.0,3.0,5.5,282,298,13.0,6.3404
2011,SL Malinga,144.0,131.0,6.0,5.4583,140.0,156.0,15.0,6.6857,381,393,28.0,6.189
2011,SR Watson,90.0,94.0,3.0,6.2667,61.0,75.0,3.0,7.377,217,248,6.0,6.8571
2011,SS Mundhe,6.0,6.0,1.0,6.0,0.0,0.0,0.0,0.0,6,6,1.0,6.0
2011,STR Binny,0.0,0.0,0.0,0.0,6.0,14.0,0.0,14.0,24,44,0.0,11.0
2011,SW Tait,51.0,61.0,3.0,7.1765,25.0,40.0,3.0,9.6,95,137,6.0,8.6526
2011,Shakib Al Hasan,36.0,43.0,1.0,7.1667,27.0,35.0,4.0,7.7778,153,177,11.0,6.9412
2011,TG Southee,48.0,60.0,1.0,7.5,42.0,73.0,1.0,10.4286,114,167,4.0,8.7895
2011,TL Suman,0.0,0.0,0.0,0.0,0.0,0.0,0.0,0.0,36,50,0.0,8.3333
2011,TM Dilshan,24.0,35.0,0.0,8.75,6.0,9.0,0.0,9.0,72,108,1.0,9.0
2011,UT Yadav,38.0,78.0,0.0,12.3158,12.0,18.0,0.0,9.0,110,172,2.0,9.3818
2011,V Kohli,0.0,0.0,0.0,0.0,13.0,18.0,0.0,8.3077,104,140,2.0,8.0769
2011,VR Aaron,18.0,15.0,1.0,5.0,18.0,28.0,0.0,9.3333,72,83,2.0,6.9167
2011,VS Malik,0.0,0.0,0.0,0.0,0.0,0.0,0.0,0.0,12,14,0.0,7.0
2011,WD Parnell,84.0,114.0,3.0,8.1429,62.0,76.0,6.0,7.3548,176,222,9.0,7.5682
2011,Y Gnaneswara Rao,0.0,0.0,0.0,0.0,0.0,0.0,0.0,0.0,6,7,0.0,7.0
2011,Y Nagar,0.0,0.0,0.0,0.0,0.0,0.0,0.0,0.0,33,67,1.0,12.1818
2011,Y Venugopal Rao,6.0,14.0,0.0,14.0,0.0,0.0,0.0,0.0,12,26,0.0,13.0
2011,YK Pathan,54.0,60.0,3.0,6.6667,12.0,10.0,0.0,5.0,234,244,13.0,6.2564
2011,Yuvraj Singh,0.0,0.0,0.0,0.0,24.0,39.0,2.0,9.75,175,193,9.0,6.6171
2011,Z Khan,198.0,227.0,6.0,6.8788,120.0,174.0,7.0,8.7,354,465,14.0,7.8814
2012,A Ashish Reddy,6.0,20.0,0.0,20.0,74.0,124.0,8.0,10.0541,165,238,11.0,8.6545
2012,A Chandila,42.0,41.0,4.0,5.8571,0.0,0.0,0.0,0.0,84,87,5.0,6.2143
2012,A Mishra,0.0,0.0,0.0,0.0,42.0,66.0,1.0,9.4286,284,381,13.0,8.0493
2012,A Mithun,12.0,18.0,0.0,9.0,6.0,16.0,0.0,16.0,18,34,0.0,11.3333
2012,A Nehra,114.0,163.0,1.0,8.5789,86.0,143.0,6.0,9.9767,290,411,11.0,8.5034
2012,A Singh,108.0,141.0,4.0,7.8333,83.0,172.0,6.0,12.4337,197,317,10.0,9.6548
2012,AA Chavan,72.0,85.0,3.0,7.0833,14.0,32.0,3.0,13.7143,164,245,7.0,8.9634
2012,AA Jhunjhunwala,18.0,25.0,0.0,8.3333,0.0,0.0,0.0,0.0,36,39,1.0,6.5
2012,AB Agarkar,6.0,15.0,0.0,15.0,14.0,25.0,1.0,10.7143,86,134,3.0,9.3488
2012,AB Dinda,79.0,84.0,4.0,6.3797,55.0,69.0,5.0,7.5273,148,171,9.0,6.9324
2012,AB McDonald,12.0,15.0,1.0,7.5,6.0,1.0,1.0,1.0,60,63,5.0,6.3
2012,AC Thomas,49.0,55.0,1.0,6.7347,30.0,50.0,2.0,10.0,85,116,3.0,8.1882
2012,AD Mascarenhas,36.0,36.0,4.0,6.0,24.0,39.0,2.0,9.75,96,110,7.0,6.875
2012,AD Mathews,12.0,30.0,0.0,15.0,24.0,32.0,2.0,8.0,156,195,7.0,7.5
2012,AD Russell,25.0,25.0,0.0,6.0,18.0,40.0,0.0,13.3333,97,162,1.0,10.0206
2012,AG Murtaza,12.0,11.0,0.0,5.5,0.0,0.0,0.0,0.0,12,11,0.0,5.5
2012,AL Menaria,6.0,2.0,0.0,2.0,2.0,10.0,0.0,30.0,20,23,1.0,6.9
2012,AM Nayar,0.0,0.0,0.0,0.0,0.0,0.0,0.0,0.0,6,16,0.0,16.0
2012,AN Ahmed,12.0,17.0,0.0,8.5,0.0,0.0,0.0,0.0,12,17,0.0,8.5
2012,AUK Pathan,0.0,0.0,0.0,0.0,6.0,14.0,0.0,14.0,6,14,0.0,14.0
2012,Anand Rajan,12.0,21.0,0.0,10.5,12.0,33.0,1.0,16.5,72,113,3.0,9.4167
2012,Ankit Sharma,66.0,48.0,3.0,4.3636,13.0,26.0,0.0,12.0,145,167,4.0,6.9103
2012,Azhar Mahmood,42.0,44.0,2.0,6.2857,102.0,159.0,7.0,9.3529,258,331,14.0,7.6977
2012,B Kumar,91.0,118.0,3.0,7.7802,54.0,68.0,3.0,7.5556,235,293,8.0,7.4809
2012,B Lee,133.0,169.0,2.0,7.6241,79.0,121.0,3.0,9.1899,230,303,7.0,7.9043
2012,BA Bhatt,30.0,39.0,1.0,7.8,16.0,27.0,0.0,10.125,100,143,2.0,8.58
2012,BJ Hodge,0.0,0.0,0.0,0.0,0.0,0.0,0.0,0.0,12,22,1.0,11.0
2012,BW Hilfenhaus,144.0,148.0,8.0,6.1667,44.0,71.0,5.0,9.6818,206,242,14.0,7.0485
2012,Bipul Sharma,6.0,11.0,0.0,11.0,4.0,19.0,0.0,28.5,46,82,0.0,10.6957
2012,CH Gayle,0.0,0.0,0.0,0.0,10.0,36.0,0.0,21.6,28,67,0.0,14.3571
2012,CJ McKay,12.0,26.0,0.0,13.0,12.0,20.0,0.0,10.0,42,60,1.0,8.5714
2012,CL White,0.0,0.0,0.0,0.0,0.0,0.0,0.0,0.0,18,27,0.0,9.0
2012,DAJ Bracewell,6.0,7.0,0.0,7.0,6.0,10.0,2.0,10.0,24,32,3.0,8.0
2012,DE Bollinger,72.0,117.0,1.0,9.75,30.0,40.0,6.0,8.0,108,160,8.0,8.8889
2012,DJ Bravo,18.0,38.0,0.0,12.6667,124.0,187.0,7.0,9.0484,346,472,15.0,8.185
2012,DJ Harris,0.0,0.0,0.0,0.0,6.0,10.0,0.0,10.0,18,26,0.0,8.6667
2012,DJ Hussey,6.0,15.0,0.0,15.0,12.0,20.0,0.0,10.0,54,67,3.0,7.4444
2012,DL Vettori,30.0,25.0,0.0,5.0,36.0,53.0,1.0,8.8333,210,241,5.0,6.8857
2012,DR Smith,0.0,0.0,0.0,0.0,12.0,16.0,1.0,8.0,79,98,2.0,7.443
2012,DS Kulkarni,30.0,23.0,4.0,4.6,18.0,41.0,2.0,13.6667,48,64,6.0,8.0
2012,DT Christian,54.0,78.0,5.0,8.6667,54.0,108.0,2.0,12.0,162,240,8.0,8.8889
2012,DW Steyn,144.0,127.0,8.0,5.2917,95.0,135.0,7.0,8.5263,281,290,18.0,6.1922
2012,F du Plessis,0.0,0.0,0.0,0.0,6.0,16.0,0.0,16.0,6,16,0.0,16.0
2012,GB Hogg,12.0,10.0,0.0,5.0,31.0,41.0,2.0,7.9355,217,262,10.0,7.2442
2012,GJ Maxwell,6.0,12.0,0.0,12.0,0.0,0.0,0.0,0.0,18,22,1.0,7.3333
2012,HV Patel,42.0,67.0,0.0,9.5714,36.0,65.0,2.0,10.8333,246,352,9.0,8.5854
2012,Harbhajan Singh,54.0,38.0,1.0,4.2222,18.0,33.0,0.0,11.0,324,389,6.0,7.2037
2012,Harmeet Singh,6.0,14.0,0.0,14.0,34.0,41.0,4.0,7.2353,136,196,7.0,8.6471
2012,IK Pathan,150.0,189.0,3.0,7.56,36.0,65.0,0.0,10.8333,360,477,8.0,7.95
2012,Iqbal Abdulla,60.0,74.0,2.0,7.4,6.0,8.0,0.0,8.0,132,147,4.0,6.6818
2012,J Botha,66.0,103.0,0.0,9.3636,36.0,42.0,3.0,7.0,246,304,9.0,7.4146
2012,J Syed Mohammad,0.0,0.0,0.0,0.0,0.0,0.0,0.0,0.0,42,66,0.0,9.4286
2012,J Theron,18.0,22.0,1.0,7.3333,25.0,41.0,1.0,9.84,49,66,2.0,8.0816
2012,JA Morkel,169.0,237.0,4.0,8.4142,39.0,54.0,5.0,8.3077,298,392,13.0,7.8926
2012,JD Ryder,0.0,0.0,0.0,0.0,0.0,0.0,0.0,0.0,42,74,1.0,10.5714
2012,JD Unadkat,0.0,0.0,0.0,0.0,6.0,11.0,0.0,11.0,18,32,0.0,10.6667
2012,JEC Franklin,12.0,20.0,1.0,10.0,6.0,9.0,0.0,9.0,90,126,6.0,8.4
2012,JH Kallis,114.0,120.0,6.0,6.3158,54.0,91.0,5.0,10.1111,326,410,15.0,7.546
2012,JP Duminy,24.0,33.0,0.0,8.25,0.0,1.0,0.0,inf,72,104,1.0,8.6667
2012,JP Faulkner,18.0,26.0,0.0,8.6667,24.0,39.0,3.0,9.75,48,74,3.0,9.25
2012,K Upadhyay,12.0,17.0,0.0,8.5,0.0,0.0,0.0,0.0,24,33,0.0,8.25
2012,KA Pollard,6.0,6.0,0.0,6.0,49.0,66.0,8.0,8.0816,264,352,16.0,8.0
2012,KK Cooper,36.0,35.0,2.0,5.8333,66.0,104.0,6.0,9.4545,144,187,10.0,7.7917
2012,KMDN Kulasekara,48.0,56.0,2.0,7.0,30.0,32.0,2.0,6.4,84,96,4.0,6.8571
2012,KP Appanna,18.0,28.0,0.0,9.3333,0.0,0.0,0.0,0.0,102,149,6.0,8.7647
2012,KP Pietersen,6.0,7.0,0.0,7.0,0.0,0.0,0.0,0.0,36,53,0.0,8.8333
2012,L Balaji,60.0,51.0,3.0,5.1,36.0,37.0,3.0,6.1667,180,169,11.0,5.6333
2012,LJ Wright,6.0,12.0,0.0,12.0,0.0,0.0,0.0,0.0,12,24,0.0,12.0
2012,LR Shukla,0.0,0.0,0.0,0.0,6.0,5.0,1.0,5.0,12,12,1.0,6.0
2012,M Kartik,66.0,69.0,1.0,6.2727,6.0,10.0,0.0,10.0,217,267,4.0,7.3825
2012,M Morkel,199.0,218.0,11.0,6.5729,144.0,193.0,12.0,8.0417,379,466,25.0,7.3773
2012,M Muralitharan,12.0,15.0,0.0,7.5,48.0,86.0,4.0,10.75,240,264,15.0,6.6
2012,M de Lange,43.0,63.0,2.0,8.7907,12.0,28.0,1.0,14.0,61,108,3.0,10.623
2012,MJ Clarke,0.0,0.0,0.0,0.0,6.0,9.0,0.0,9.0,66,72,2.0,6.5455
2012,MM Patel,154.0,186.0,8.0,7.2468,82.0,151.0,5.0,11.0488,284,374,15.0,7.9014
2012,MN Samuels,66.0,66.0,2.0,6.0,46.0,73.0,5.0,9.5217,172,217,8.0,7.5698
2012,MS Gony,60.0,91.0,0.0,9.1,19.0,49.0,0.0,15.4737,145,217,3.0,8.9793
2012,NLTC Perera,0.0,0.0,0.0,0.0,3.0,9.0,0.0,18.0,15,27,0.0,10.8
2012,P Awana,96.0,123.0,7.0,7.6875,79.0,129.0,6.0,9.7975,283,382,17.0,8.0989
2012,P Kumar,258.0,278.0,4.0,6.4651,72.0,115.0,4.0,9.5833,378,445,9.0,7.0635
2012,P Negi,0.0,0.0,0.0,0.0,12.0,26.0,0.0,13.0,132,153,7.0,6.9545
2012,P Parameswaran,12.0,8.0,1.0,4.0,18.0,36.0,3.0,12.0,60,89,5.0,8.9
2012,PC Valthaty,0.0,0.0,0.0,0.0,0.0,0.0,0.0,0.0,6,16,0.0,16.0
2012,PJ Sangwan,6.0,17.0,0.0,17.0,0.0,0.0,0.0,0.0,24,42,1.0,10.5
2012,PP Chawla,18.0,18.0,1.0,6.0,54.0,77.0,5.0,8.5556,342,425,16.0,7.4561
2012,PP Ojha,36.0,51.0,1.0,8.5,30.0,53.0,2.0,10.6,181,222,9.0,7.3591
2012,Pankaj Singh,72.0,88.0,5.0,7.3333,18.0,41.0,1.0,13.6667,126,171,7.0,8.1429
2012,R Ashwin,150.0,171.0,3.0,6.84,64.0,77.0,6.0,7.2188,396,439,14.0,6.6515
2012,R Bhatia,0.0,0.0,0.0,0.0,66.0,95.0,8.0,8.6364,320,400,13.0,7.5
2012,R Sharma,18.0,24.0,0.0,8.0,48.0,87.0,2.0,10.875,222,305,9.0,8.2432
2012,R Shukla,6.0,6.0,0.0,6.0,0.0,0.0,0.0,0.0,18,32,0.0,10.6667
2012,R Vinay Kumar,162.0,188.0,6.0,6.963,139.0,249.0,11.0,10.7482,337,488,19.0,8.6884
2012,RA Jadeja,6.0,16.0,0.0,16.0,72.0,94.0,8.0,7.8333,210,278,12.0,7.9429
2012,RE van der Merwe,6.0,6.0,1.0,6.0,6.0,3.0,0.0,3.0,60,60,2.0,6.0
2012,RG Sharma,0.0,0.0,0.0,0.0,6.0,16.0,0.0,16.0,6,16,0.0,16.0
2012,RJ Harris,54.0,66.0,2.0,7.3333,18.0,32.0,3.0,10.6667,108,136,8.0,7.5556
2012,RJ Peterson,12.0,10.0,0.0,5.0,18.0,39.0,2.0,13.0,48,70,3.0,8.75
2012,RN ten Doeschate,0.0,0.0,0.0,0.0,6.0,12.0,0.0,12.0,18,24,1.0,8.0
2012,RP Singh,150.0,174.0,5.0,6.96,56.0,90.0,3.0,9.6429,248,328,10.0,7.9355
2012,RR Bhatkal,6.0,20.0,0.0,20.0,0.0,0.0,0.0,0.0,12,35,0.0,17.5
2012,RR Powar,6.0,8.0,0.0,8.0,0.0,0.0,0.0,0.0,18,32,0.0,10.6667
2012,S Aravind,12.0,24.0,0.0,12.0,0.0,0.0,0.0,0.0,18,48,0.0,16.0
2012,S Dhawan,18.0,31.0,1.0,10.3333,0.0,0.0,0.0,0.0,36,60,3.0,10.0
2012,S Nadeem,54.0,61.0,2.0,6.7778,36.0,55.0,2.0,9.1667,270,320,8.0,7.1111
2012,SB Jakati,42.0,48.0,0.0,6.8571,12.0,19.0,1.0,9.5,246,337,9.0,8.2195
2012,SC Ganguly,0.0,0.0,0.0,0.0,12.0,33.0,0.0,16.5,61,97,2.0,9.541
2012,SK Raina,0.0,0.0,0.0,0.0,6.0,9.0,0.0,9.0,84,106,2.0,7.5714
2012,SK Trivedi,7.0,12.0,0.0,10.2857,67.0,107.0,2.0,9.5821,315,387,13.0,7.3714
2012,SL Malinga,132.0,118.0,1.0,5.3636,148.0,185.0,17.0,7.5,334,355,22.0,6.3772
2012,SP Narine,96.0,74.0,2.0,4.625,157.0,185.0,18.0,7.0701,355,332,24.0,5.6113
2012,SPD Smith,0.0,0.0,0.0,0.0,2.0,5.0,0.0,15.0,2,5,0.0,15.0
2012,SR Watson,84.0,95.0,2.0,6.7857,43.0,58.0,3.0,8.093,139,165,6.0,7.1223
2012,STR Binny,6.0,12.0,0.0,12.0,24.0,33.0,1.0,8.25,60,78,3.0,7.8
2012,SW Tait,66.0,73.0,2.0,6.6364,36.0,44.0,3.0,7.3333,139,154,6.0,6.6475
2012,Shakib Al Hasan,66.0,83.0,2.0,7.5455,48.0,61.0,6.0,7.625,180,203,12.0,6.7667
2012,Sunny Gupta,6.0,12.0,0.0,12.0,0.0,0.0,0.0,0.0,18,47,0.0,15.6667
2012,TM Dilshan,12.0,24.0,0.0,12.0,0.0,0.0,0.0,0.0,42,78,0.0,11.1429
2012,TP Sudhindra,25.0,40.0,0.0,9.6,22.0,50.0,0.0,13.6364,71,137,1.0,11.5775
2012,UT Yadav,114.0,125.0,4.0,6.5789,140.0,200.0,9.0,8.5714,369,459,19.0,7.4634
2012,V Kohli,0.0,0.0,0.0,0.0,6.0,28.0,0.0,28.0,18,49,0.0,16.3333
2012,V Pratap Singh,96.0,140.0,3.0,8.75,42.0,71.0,5.0,10.1429,204,300,10.0,8.8235
2012,V Sehwag,0.0,0.0,0.0,0.0,6.0,11.0,0.0,11.0,24,45,0.0,11.25
2012,VR Aaron,66.0,88.0,4.0,8.0,54.0,114.0,2.0,12.6667,186,279,8.0,9.0
2012,VY Mahesh,0.0,0.0,0.0,0.0,2.0,10.0,0.0,30.0,56,83,3.0,8.8929
2012,WD Parnell,55.0,52.0,2.0,5.6727,56.0,60.0,3.0,6.4286,129,133,5.0,6.186
2012,Y Nagar,0.0,0.0,0.0,0.0,0.0,0.0,0.0,0.0,6,10,0.0,10.0
2012,Y Venugopal Rao,6.0,13.0,0.0,13.0,0.0,0.0,0.0,0.0,12,26,0.0,13.0
2012,YK Pathan,36.0,51.0,1.0,8.5,0.0,0.0,0.0,0.0,132,184,2.0,8.3636
2012,Z Khan,210.0,242.0,8.0,6.9143,138.0,203.0,9.0,8.8261,360,468,17.0,7.8
2013,A Ashish Reddy,0.0,0.0,0.0,0.0,10.0,25.0,1.0,15.0,40,71,3.0,10.65
2013,A Chandila,102.0,98.0,6.0,5.7647,6.0,6.0,0.0,6.0,150,158,6.0,6.32
2013,A Mishra,6.0,12.0,0.0,12.0,85.0,123.0,9.0,8.6824,374,395,21.0,6.3369
2013,A Mithun,12.0,16.0,0.0,8.0,6.0,15.0,1.0,15.0,24,37,1.0,9.25
2013,A Nehra,120.0,164.0,3.0,8.2,72.0,136.0,7.0,11.3333,216,319,11.0,8.8611
2013,AA Chavan,48.0,53.0,0.0,6.625,0.0,0.0,0.0,0.0,54,63,1.0,7.0
2013,AB Agarkar,6.0,13.0,0.0,13.0,18.0,36.0,0.0,12.0,60,93,0.0,9.3
2013,AB Dinda,102.0,133.0,4.0,7.8235,139.0,273.0,9.0,11.7842,296,466,16.0,9.4459
2013,AB McDonald,0.0,0.0,0.0,0.0,0.0,0.0,0.0,0.0,12,17,1.0,8.5
2013,AC Gilchrist,0.0,0.0,0.0,0.0,1.0,0.0,1.0,0.0,1,0,1.0,0.0
2013,AD Mascarenhas,12.0,13.0,0.0,6.5,0.0,0.0,0.0,0.0,24,25,0.0,6.25
2013,AD Mathews,42.0,42.0,1.0,6.0,48.0,68.0,3.0,8.5,186,245,5.0,7.9032
2013,AD Russell,6.0,9.0,0.0,9.0,12.0,18.0,0.0,9.0,42,68,0.0,9.7143
2013,AG Murtaza,6.0,3.0,1.0,3.0,0.0,0.0,0.0,0.0,60,96,3.0,9.6
2013,AJ Finch,6.0,3.0,0.0,3.0,0.0,0.0,0.0,0.0,24,49,1.0,12.25
2013,AM Nayar,0.0,0.0,0.0,0.0,0.0,0.0,0.0,0.0,48,59,2.0,7.375
2013,AN Ahmed,24.0,32.0,0.0,8.0,6.0,5.0,2.0,5.0,42,45,3.0,6.4286
2013,AS Rajpoot,24.0,37.0,1.0,9.25,0.0,0.0,0.0,0.0,24,37,1.0,9.25
2013,Anand Rajan,24.0,15.0,0.0,3.75,12.0,13.0,1.0,6.5,48,43,2.0,5.375
2013,Ankit Sharma,6.0,10.0,0.0,10.0,0.0,0.0,0.0,0.0,12,17,0.0,8.5
2013,Azhar Mahmood,96.0,110.0,4.0,6.875,102.0,162.0,10.0,9.5294,264,335,15.0,7.6136
2013,B Kumar,205.0,191.0,8.0,5.5902,102.0,141.0,5.0,8.2941,343,381,13.0,6.6647
2013,B Laughlin,0.0,0.0,0.0,0.0,18.0,45.0,0.0,15.0,42,72,1.0,10.2857
2013,B Lee,42.0,42.0,2.0,6.0,24.0,43.0,2.0,10.75,72,89,4.0,7.4167
2013,BA Bhatt,6.0,9.0,0.0,9.0,0.0,0.0,0.0,0.0,30,32,1.0,6.4
2013,BAW Mendis,30.0,26.0,2.0,5.2,6.0,7.0,0.0,7.0,72,78,2.0,6.5
2013,BJ Hodge,6.0,3.0,0.0,3.0,0.0,0.0,0.0,0.0,6,3,0.0,3.0
2013,BJ Rohrer,0.0,0.0,0.0,0.0,0.0,0.0,0.0,0.0,6,12,0.0,12.0
2013,BMAJ Mendis,0.0,0.0,0.0,0.0,0.0,0.0,0.0,0.0,30,36,1.0,7.2
2013,Bipul Sharma,6.0,2.0,1.0,2.0,0.0,0.0,0.0,0.0,24,21,1.0,5.25
2013,CH Gayle,0.0,0.0,0.0,0.0,18.0,33.0,3.0,11.0,24,41,3.0,10.25
2013,CH Morris,102.0,140.0,4.0,8.2353,97.0,144.0,7.0,8.9072,301,410,15.0,8.1728
2013,CL White,0.0,0.0,0.0,0.0,0.0,0.0,0.0,0.0,12,16,1.0,8.0
2013,DJ Bravo,6.0,10.0,1.0,10.0,220.0,286.0,24.0,7.8,376,505,32.0,8.0585
2013,DJ Hussey,12.0,12.0,0.0,6.0,12.0,30.0,0.0,15.0,66,93,0.0,8.4545
2013,DJG Sammy,12.0,19.0,0.0,9.5,27.0,51.0,1.0,11.3333,135,169,8.0,7.5111
2013,DP Nannes,73.0,86.0,3.0,7.0685,29.0,55.0,1.0,11.3793,121,165,4.0,8.1818
2013,DR Smith,0.0,0.0,0.0,0.0,7.0,12.0,0.0,10.2857,32,59,2.0,11.0625
2013,DS Kulkarni,52.0,70.0,3.0,8.0769,37.0,45.0,3.0,7.2973,113,153,8.0,8.1239
2013,DT Christian,19.0,21.0,0.0,6.6316,7.0,24.0,0.0,20.5714,38,56,0.0,8.8421
2013,DW Steyn,204.0,167.0,3.0,4.9118,137.0,163.0,15.0,7.1387,407,395,19.0,5.8231
2013,GB Hogg,0.0,0.0,0.0,0.0,2.0,4.0,0.0,12.0,20,31,0.0,9.3
2013,GH Vihari,24.0,34.0,1.0,8.5,0.0,0.0,0.0,0.0,36,39,1.0,6.5
2013,GJ Maxwell,0.0,0.0,0.0,0.0,6.0,6.0,0.0,6.0,12,24,0.0,12.0
2013,Harbhajan Singh,79.0,90.0,2.0,6.8354,37.0,59.0,3.0,9.5676,422,466,24.0,6.6256
2013,Harmeet Singh,24.0,34.0,1.0,8.5,21.0,30.0,0.0,8.5714,93,123,6.0,7.9355
2013,I Sharma,229.0,278.0,9.0,7.2838,47.0,83.0,4.0,10.5957,361,471,15.0,7.8283
2013,IC Pandey,13.0,26.0,1.0,12.0,0.0,0.0,0.0,0.0,25,50,1.0,12.0
2013,IK Pathan,144.0,145.0,3.0,6.0417,32.0,63.0,1.0,11.8125,308,391,10.0,7.6169
2013,Iqbal Abdulla,24.0,27.0,1.0,6.75,11.0,18.0,1.0,9.8182,113,142,7.0,7.5398
2013,J Botha,18.0,25.0,1.0,8.3333,4.0,3.0,0.0,4.5,100,114,5.0,6.84
2013,J Syed Mohammad,0.0,0.0,0.0,0.0,0.0,0.0,0.0,0.0,60,92,3.0,9.2
2013,JA Morkel,84.0,107.0,3.0,7.6429,18.0,21.0,2.0,7.0,144,167,7.0,6.9583
2013,JD Unadkat,96.0,95.0,5.0,5.9375,48.0,67.0,5.0,8.375,294,373,13.0,7.6122
2013,JDP Oram,6.0,3.0,0.0,3.0,12.0,17.0,0.0,8.5,24,28,0.0,7.0
2013,JH Kallis,55.0,62.0,2.0,6.7636,92.0,141.0,9.0,9.1957,322,407,16.0,7.5839
2013,JJ Bumrah,19.0,37.0,1.0,11.6842,7.0,13.0,0.0,11.1429,44,74,3.0,10.0909
2013,JO Holder,78.0,120.0,2.0,9.2308,0.0,0.0,0.0,0.0,120,173,2.0,8.65
2013,JP Faulkner,150.0,149.0,7.0,5.96,151.0,207.0,16.0,8.2252,379,436,28.0,6.9024
2013,K Upadhyay,24.0,42.0,0.0,10.5,0.0,0.0,0.0,0.0,30,48,0.0,9.6
2013,KA Pollard,0.0,0.0,0.0,0.0,66.0,116.0,6.0,10.5455,186,292,10.0,9.4194
2013,KK Cooper,30.0,47.0,0.0,9.4,156.0,240.0,10.0,9.2308,324,456,19.0,8.4444
2013,KV Sharma,18.0,23.0,0.0,7.6667,17.0,26.0,1.0,9.1765,209,235,11.0,6.7464
2013,KW Richardson,36.0,43.0,1.0,7.1667,23.0,42.0,1.0,10.9565,71,103,2.0,8.7042
2013,L Balaji,138.0,154.0,2.0,6.6957,72.0,149.0,5.0,12.4167,300,399,12.0,7.98
2013,LJ Wright,0.0,0.0,0.0,0.0,23.0,45.0,1.0,11.7391,59,101,2.0,10.2712
2013,LR Shukla,0.0,0.0,0.0,0.0,0.0,0.0,0.0,0.0,18,22,1.0,7.3333
2013,M Kartik,18.0,24.0,1.0,8.0,36.0,37.0,2.0,6.1667,234,290,9.0,7.4359
2013,M Morkel,97.0,120.0,3.0,7.4227,67.0,127.0,2.0,11.3731,243,341,7.0,8.4198
2013,M Muralitharan,19.0,32.0,0.0,10.1053,18.0,45.0,1.0,15.0,139,192,3.0,8.2878
2013,MC Henriques,84.0,105.0,4.0,7.5,7.0,22.0,0.0,18.8571,127,187,7.0,8.8346
2013,MG Johnson,234.0,243.0,16.0,6.2308,78.0,121.0,5.0,9.3077,384,471,24.0,7.3594
2013,MG Neser,6.0,18.0,0.0,18.0,12.0,33.0,0.0,16.5,25,62,0.0,14.88
2013,MM Patel,42.0,65.0,1.0,9.2857,30.0,53.0,2.0,10.6,90,138,3.0,9.2
2013,MM Sharma,216.0,230.0,15.0,6.3889,16.0,26.0,2.0,9.75,304,327,20.0,6.4539
2013,MN Samuels,12.0,15.0,0.0,7.5,6.0,15.0,0.0,15.0,24,34,1.0,8.5
2013,MR Marsh,12.0,41.0,0.0,20.5,30.0,59.0,2.0,11.8,117,184,7.0,9.4359
2013,MS Gony,18.0,33.0,0.0,11.0,55.0,80.0,3.0,8.7273,169,261,7.0,9.2663
2013,Mohammed Shami,24.0,33.0,0.0,8.25,6.0,8.0,1.0,8.0,54,79,1.0,8.7778
2013,NLTC Perera,90.0,105.0,5.0,7.0,126.0,223.0,9.0,10.619,361,490,19.0,8.144
2013,NM Coulter-Nile,18.0,17.0,1.0,5.6667,0.0,0.0,0.0,0.0,24,29,1.0,7.25
2013,P Awana,96.0,103.0,4.0,6.4375,67.0,129.0,6.0,11.5522,326,416,15.0,7.6564
2013,P Kumar,222.0,214.0,7.0,5.7838,92.0,159.0,2.0,10.3696,338,394,12.0,6.9941
2013,P Negi,0.0,0.0,0.0,0.0,6.0,7.0,0.0,7.0,24,28,0.0,7.0
2013,P Suyal,18.0,22.0,1.0,7.3333,0.0,0.0,0.0,0.0,18,22,1.0,7.3333
2013,PJ Sangwan,12.0,18.0,0.0,9.0,0.0,0.0,0.0,0.0,25,52,0.0,12.48
2013,PP Chawla,6.0,8.0,0.0,8.0,20.0,33.0,2.0,9.9,350,433,11.0,7.4229
2013,PP Ojha,42.0,54.0,0.0,7.7143,32.0,52.0,2.0,9.75,314,391,16.0,7.4713
2013,PV Tambe,6.0,9.0,0.0,9.0,0.0,0.0,0.0,0.0,66,91,1.0,8.2727
2013,Parvez Rasool,6.0,9.0,0.0,9.0,0.0,0.0,0.0,0.0,30,29,1.0,5.8
2013,R Ashwin,42.0,46.0,1.0,6.5714,30.0,34.0,2.0,6.8,348,397,14.0,6.8448
2013,R Bhatia,0.0,0.0,0.0,0.0,41.0,55.0,3.0,8.0488,263,334,11.0,7.6198
2013,R Dhawan,30.0,25.0,2.0,5.0,24.0,41.0,0.0,10.25,92,115,2.0,7.5
2013,R McLaren,30.0,65.0,1.0,13.0,12.0,30.0,2.0,15.0,42,95,3.0,13.5714
2013,R Rampaul,127.0,121.0,6.0,5.7165,53.0,102.0,4.0,11.5472,228,271,13.0,7.1316
2013,R Sathish,0.0,0.0,0.0,0.0,12.0,34.0,0.0,17.0,24,52,0.0,13.0
2013,R Sharma,36.0,42.0,1.0,7.0,24.0,35.0,2.0,8.75,246,282,9.0,6.878
2013,R Shukla,24.0,40.0,2.0,10.0,6.0,8.0,0.0,8.0,48,80,3.0,10.0
2013,R Vinay Kumar,84.0,115.0,5.0,8.2143,135.0,211.0,12.0,9.3778,363,502,23.0,8.2975
2013,RA Jadeja,25.0,28.0,0.0,6.72,43.0,64.0,3.0,8.9302,260,326,13.0,7.5231
2013,RE van der Merwe,12.0,11.0,2.0,5.5,6.0,12.0,0.0,12.0,66,71,3.0,6.4545
2013,RG Sharma,2.0,1.0,0.0,3.0,0.0,0.0,0.0,0.0,8,6,0.0,4.5
2013,RJ Harris,36.0,41.0,0.0,6.8333,18.0,8.0,1.0,2.6667,72,74,1.0,6.1667
2013,RN ten Doeschate,0.0,0.0,0.0,0.0,0.0,0.0,0.0,0.0,18,24,0.0,8.0
2013,RP Singh,96.0,116.0,2.0,7.25,96.0,137.0,11.0,8.5625,241,336,13.0,8.3651
2013,RV Gomez,0.0,0.0,0.0,0.0,6.0,5.0,0.0,5.0,6,5,0.0,5.0
2013,S Badree,18.0,27.0,0.0,9.0,0.0,0.0,0.0,0.0,24,35,0.0,8.75
2013,S Kaul,54.0,54.0,1.0,6.0,35.0,61.0,1.0,10.4571,131,172,4.0,7.8779
2013,S Ladda,0.0,0.0,0.0,0.0,0.0,0.0,0.0,0.0,12,18,1.0,9.0
2013,S Nadeem,12.0,9.0,0.0,4.5,12.0,13.0,1.0,6.5,264,264,9.0,6.0
2013,S Narwal,12.0,17.0,0.0,8.5,0.0,0.0,0.0,0.0,12,17,0.0,8.5
2013,S Sreesanth,74.0,105.0,3.0,8.5135,17.0,29.0,1.0,10.2353,134,171,5.0,7.6567
2013,SK Raina,0.0,0.0,0.0,0.0,0.0,0.0,0.0,0.0,12,23,1.0,11.5
2013,SK Trivedi,0.0,0.0,0.0,0.0,35.0,53.0,1.0,9.0857,359,425,12.0,7.1031
2013,SL Malinga,121.0,145.0,5.0,7.1901,159.0,205.0,11.0,7.7358,394,484,20.0,7.3706
2013,SMSM Senanayake,126.0,111.0,4.0,5.2857,24.0,34.0,2.0,8.5,192,211,9.0,6.5938
2013,SP Narine,90.0,73.0,3.0,4.8667,150.0,167.0,13.0,6.68,384,353,22.0,5.5156
2013,SR Watson,90.0,108.0,5.0,7.2,70.0,103.0,5.0,8.8286,250,319,13.0,7.656
2013,STR Binny,6.0,1.0,0.0,1.0,24.0,39.0,2.0,9.75,144,163,6.0,6.7917
2013,SW Tait,36.0,58.0,0.0,9.6667,12.0,25.0,0.0,12.5,60,103,1.0,10.3
2013,Sandeep Sharma,48.0,55.0,4.0,6.875,26.0,51.0,2.0,11.7692,98,130,8.0,7.9592
2013,TL Suman,6.0,6.0,0.0,6.0,0.0,0.0,0.0,0.0,12,16,1.0,8.0
2013,TM Dilshan,0.0,0.0,0.0,0.0,0.0,0.0,0.0,0.0,6,10,0.0,10.0
2013,UT Yadav,108.0,134.0,3.0,7.4444,145.0,251.0,12.0,10.3862,348,518,16.0,8.931
2013,V Sehwag,0.0,0.0,0.0,0.0,0.0,0.0,0.0,0.0,6,9,0.0,9.0
2013,VS Malik,48.0,39.0,2.0,4.875,0.0,0.0,0.0,0.0,60,59,2.0,5.9
2013,WD Parnell,43.0,60.0,3.0,8.3721,35.0,71.0,2.0,12.1714,90,141,6.0,9.4
2013,YK Pathan,24.0,28.0,0.0,7.0,6.0,17.0,0.0,17.0,54,74,1.0,8.2222
2013,YS Chahal,0.0,0.0,0.0,0.0,6.0,13.0,0.0,13.0,24,35,0.0,8.75
2013,Yuvraj Singh,0.0,0.0,0.0,0.0,0.0,0.0,0.0,0.0,132,152,6.0,6.9091
2013,Z Khan,24.0,21.0,3.0,5.25,0.0,0.0,0.0,0.0,36,47,5.0,7.8333
2014,A Mishra,0.0,0.0,0.0,0.0,40.0,87.0,3.0,13.05,227,342,7.0,9.0396
2014,A Nehra,48.0,66.0,2.0,8.25,36.0,57.0,6.0,9.5,90,143,8.0,9.5333
2014,AB Dinda,48.0,72.0,3.0,9.0,55.0,114.0,1.0,12.4364,188,271,5.0,8.6489
2014,AD Russell,0.0,0.0,0.0,0.0,13.0,26.0,0.0,12.0,31,54,1.0,10.4516
2014,AN Ahmed,24.0,27.0,0.0,6.75,40.0,67.0,2.0,10.05,88,120,3.0,8.1818
2014,AR Patel,48.0,58.0,0.0,7.25,90.0,114.0,6.0,7.6,396,424,17.0,6.4242
2014,Ankit Sharma,30.0,27.0,2.0,5.4,0.0,0.0,0.0,0.0,48,44,4.0,5.5
2014,B Kumar,192.0,182.0,8.0,5.6875,107.0,146.0,12.0,8.1869,319,362,20.0,6.8088
2014,BCJ Cutting,12.0,17.0,0.0,8.5,0.0,0.0,0.0,0.0,24,31,1.0,7.75
2014,BE Hendricks,30.0,55.0,0.0,11.0,30.0,54.0,4.0,10.8,72,127,4.0,10.5833
2014,BW Hilfenhaus,97.0,112.0,4.0,6.9278,54.0,112.0,2.0,12.4444,169,255,8.0,9.0533
2014,CJ Anderson,54.0,93.0,1.0,10.3333,18.0,41.0,2.0,13.6667,108,188,4.0,10.4444
2014,DJ Hussey,0.0,0.0,0.0,0.0,17.0,38.0,2.0,13.4118,17,38,2.0,13.4118
2014,DJG Sammy,12.0,15.0,1.0,7.5,24.0,61.0,0.0,15.25,85,159,3.0,11.2235
2014,DR Smith,0.0,0.0,0.0,0.0,12.0,36.0,2.0,18.0,60,99,4.0,9.9
2014,DS Kulkarni,90.0,91.0,4.0,6.0667,42.0,87.0,1.0,12.4286,162,226,6.0,8.3704
2014,DW Steyn,168.0,179.0,5.0,6.3929,102.0,160.0,6.0,9.4118,336,441,11.0,7.875
2014,GJ Maxwell,6.0,20.0,0.0,20.0,0.0,0.0,0.0,0.0,66,133,1.0,12.0909
2014,HV Patel,24.0,44.0,2.0,11.0,24.0,56.0,2.0,14.0,66,118,4.0,10.7273
2014,Harbhajan Singh,48.0,49.0,2.0,6.125,30.0,47.0,2.0,9.4,330,365,14.0,6.6364
2014,I Sharma,12.0,25.0,0.0,12.5,6.0,4.0,1.0,4.0,66,101,3.0,9.1818
2014,IC Pandey,144.0,176.0,2.0,7.3333,25.0,42.0,1.0,10.08,253,331,6.0,7.8498
2014,IK Pathan,12.0,32.0,0.0,16.0,52.0,63.0,4.0,7.2692,142,209,4.0,8.831
2014,Imran Tahir,6.0,7.0,0.0,7.0,36.0,41.0,5.0,6.8333,125,176,9.0,8.448
2014,Iqbal Abdulla,6.0,9.0,0.0,9.0,0.0,0.0,0.0,0.0,12,18,0.0,9.0
2014,JA Morkel,79.0,108.0,3.0,8.2025,0.0,0.0,0.0,0.0,97,127,4.0,7.8557
2014,JD Unadkat,60.0,66.0,2.0,6.6,67.0,141.0,3.0,12.6269,187,278,9.0,8.9198
2014,JDS Neesham,6.0,18.0,0.0,18.0,0.0,0.0,0.0,0.0,54,96,1.0,10.6667
2014,JH Kallis,18.0,32.0,1.0,10.6667,12.0,15.0,0.0,7.5,132,193,4.0,8.7727
2014,JJ Bumrah,90.0,105.0,0.0,7.0,82.0,128.0,3.0,9.3659,239,307,5.0,7.7071
2014,JO Holder,8.0,17.0,1.0,12.75,0.0,0.0,0.0,0.0,20,35,1.0,10.5
2014,JP Duminy,42.0,42.0,0.0,6.0,12.0,25.0,0.0,12.5,198,242,3.0,7.3333
2014,JP Faulkner,96.0,145.0,5.0,9.0625,106.0,194.0,6.0,10.9811,260,438,11.0,10.1077
2014,JW Hastings,13.0,26.0,0.0,12.0,0.0,0.0,0.0,0.0,19,29,1.0,9.1579
2014,K Santokie,18.0,31.0,1.0,10.3333,24.0,55.0,1.0,13.75,48,91,3.0,11.375
2014,KA Pollard,6.0,11.0,0.0,11.0,50.0,110.0,1.0,13.2,152,265,1.0,10.4605
2014,KK Cooper,31.0,33.0,2.0,6.3871,42.0,58.0,1.0,8.2857,109,146,4.0,8.0367
2014,KV Sharma,66.0,75.0,2.0,6.8182,22.0,20.0,1.0,5.4545,304,393,15.0,7.7566
2014,KW Richardson,78.0,75.0,4.0,5.7692,60.0,116.0,4.0,11.6,162,209,9.0,7.7407
2014,Karanveer Singh,0.0,0.0,0.0,0.0,18.0,38.0,4.0,12.6667,120,164,11.0,8.2
2014,L Balaji,60.0,73.0,4.0,7.3,79.0,150.0,6.0,11.3924,205,305,12.0,8.9268
2014,LMP Simmons,0.0,0.0,0.0,0.0,12.0,24.0,1.0,12.0,18,34,1.0,11.3333
2014,LR Shukla,8.0,19.0,0.0,14.25,0.0,0.0,0.0,0.0,56,88,1.0,9.4286
2014,M Kartik,6.0,13.0,0.0,13.0,6.0,8.0,0.0,8.0,48,91,1.0,11.375
2014,M Morkel,194.0,229.0,6.0,7.0825,36.0,66.0,4.0,11.0,290,376,12.0,7.7793
2014,M Muralitharan,36.0,43.0,1.0,7.1667,0.0,0.0,0.0,0.0,96,125,3.0,7.8125
2014,M Vijay,0.0,0.0,0.0,0.0,0.0,0.0,0.0,0.0,6,13,0.0,13.0
2014,M de Lange,6.0,14.0,0.0,14.0,7.0,7.0,1.0,6.0,25,33,2.0,7.92
2014,MA Starc,169.0,194.0,6.0,6.8876,125.0,186.0,7.0,8.928,324,419,14.0,7.7593
2014,MC Henriques,18.0,51.0,0.0,17.0,12.0,14.0,3.0,7.0,60,96,4.0,9.6
2014,MG Johnson,177.0,247.0,6.0,8.3729,108.0,155.0,11.0,8.6111,327,450,17.0,8.2569
2014,MK Tiwary,0.0,0.0,0.0,0.0,6.0,17.0,0.0,17.0,12,28,0.0,14.0
2014,MM Sharma,120.0,166.0,5.0,8.3,125.0,215.0,14.0,10.32,323,457,23.0,8.4892
2014,Mohammed Shami,157.0,215.0,3.0,8.2166,54.0,117.0,1.0,13.0,265,381,7.0,8.6264
2014,NM Coulter-Nile,12.0,3.0,1.0,1.5,13.0,24.0,1.0,11.0769,25,27,2.0,6.48
2014,P Awana,79.0,137.0,2.0,10.4051,27.0,55.0,2.0,12.2222,142,248,7.0,10.4789
2014,P Kumar,54.0,47.0,1.0,5.2222,12.0,20.0,2.0,10.0,72,81,3.0,6.75
2014,P Negi,0.0,0.0,0.0,0.0,6.0,8.0,0.0,8.0,42,76,0.0,10.8571
2014,P Suyal,12.0,34.0,0.0,17.0,0.0,0.0,0.0,0.0,18,35,1.0,11.6667
2014,PJ Cummins,12.0,16.0,1.0,8.0,6.0,4.0,0.0,4.0,24,29,1.0,7.25
2014,PP Chawla,6.0,10.0,0.0,10.0,51.0,63.0,6.0,7.4118,237,304,14.0,7.6962
2014,PP Ojha,78.0,102.0,2.0,7.8462,30.0,53.0,0.0,10.6,276,385,4.0,8.3696
2014,PV Tambe,30.0,49.0,0.0,9.8,36.0,50.0,2.0,8.3333,294,365,14.0,7.449
2014,Parvez Rasool,12.0,24.0,0.0,12.0,0.0,0.0,0.0,0.0,54,83,1.0,9.2222
2014,R Ashwin,90.0,86.0,6.0,5.7333,53.0,80.0,3.0,9.0566,359,446,16.0,7.454
2014,R Bhatia,0.0,0.0,0.0,0.0,12.0,21.0,0.0,10.5,228,287,12.0,7.5526
2014,R Dhawan,30.0,52.0,0.0,10.4,44.0,77.0,3.0,10.5,284,373,13.0,7.8803
2014,R Rampaul,30.0,31.0,1.0,6.2,0.0,0.0,0.0,0.0,36,37,1.0,6.1667
2014,R Sharma,0.0,0.0,0.0,0.0,0.0,0.0,0.0,0.0,36,65,1.0,10.8333
2014,R Shukla,24.0,33.0,2.0,8.25,27.0,65.0,0.0,14.4444,57,105,2.0,11.0526
2014,R Tewatia,0.0,0.0,0.0,0.0,0.0,0.0,0.0,0.0,54,59,2.0,6.5556
2014,R Vinay Kumar,66.0,81.0,1.0,7.3636,60.0,109.0,5.0,10.9,192,294,7.0,9.1875
2014,RA Jadeja,6.0,1.0,2.0,1.0,68.0,105.0,5.0,9.2647,326,446,19.0,8.2086
2014,RG Sharma,0.0,0.0,0.0,0.0,0.0,0.0,0.0,0.0,18,26,1.0,8.6667
2014,RN ten Doeschate,0.0,0.0,0.0,0.0,0.0,0.0,0.0,0.0,30,35,1.0,7.0
2014,S Badree,60.0,58.0,1.0,5.8,0.0,0.0,0.0,0.0,84,103,2.0,7.3571
2014,S Gopal,6.0,4.0,1.0,4.0,6.0,7.0,1.0,7.0,84,113,6.0,8.0714
2014,S Kaul,42.0,64.0,1.0,9.1429,12.0,19.0,0.0,9.5,78,136,2.0,10.4615
2014,S Nadeem,48.0,66.0,1.0,8.25,37.0,61.0,2.0,9.8919,229,314,8.0,8.2271
2014,S Rana,0.0,0.0,0.0,0.0,0.0,0.0,0.0,0.0,12,16,0.0,8.0
2014,SA Yadav,6.0,8.0,0.0,8.0,0.0,0.0,0.0,0.0,6,8,0.0,8.0
2014,SB Jakati,12.0,20.0,0.0,10.0,4.0,17.0,0.0,25.5,22,41,0.0,11.1818
2014,SK Raina,0.0,0.0,0.0,0.0,18.0,26.0,1.0,8.6667,108,135,1.0,7.5
2014,SL Malinga,84.0,76.0,3.0,5.4286,104.0,138.0,13.0,7.9615,236,267,16.0,6.7881
2014,SP Narine,90.0,84.0,3.0,5.6,170.0,189.0,14.0,6.6706,386,421,21.0,6.544
2014,SR Watson,67.0,85.0,2.0,7.6119,32.0,46.0,2.0,8.625,129,169,7.0,7.8605
2014,STR Binny,18.0,17.0,1.0,5.6667,6.0,11.0,0.0,11.0,54,65,3.0,7.2222
2014,Sandeep Sharma,182.0,240.0,13.0,7.9121,44.0,94.0,4.0,12.8182,244,358,18.0,8.8033
2014,Shakib Al Hasan,78.0,81.0,2.0,6.2308,36.0,57.0,3.0,9.5,300,339,11.0,6.78
2014,Shivam Sharma,0.0,0.0,0.0,0.0,18.0,26.0,0.0,8.6667,96,121,3.0,7.5625
2014,TG Southee,36.0,39.0,0.0,6.5,18.0,27.0,0.0,9.0,60,78,0.0,7.8
2014,UT Yadav,108.0,132.0,5.0,7.3333,81.0,139.0,4.0,10.2963,273,381,11.0,8.3736
2014,V Shankar,0.0,0.0,0.0,0.0,0.0,0.0,0.0,0.0,6,19,0.0,19.0
2014,VR Aaron,80.0,92.0,4.0,6.9,59.0,114.0,6.0,11.5932,223,309,16.0,8.3139
2014,VS Malik,12.0,24.0,0.0,12.0,0.0,0.0,0.0,0.0,18,29,1.0,9.6667
2014,WD Parnell,90.0,122.0,2.0,8.1333,56.0,82.0,3.0,8.7857,182,235,6.0,7.7473
2014,Y Venugopal Rao,6.0,9.0,0.0,9.0,0.0,0.0,0.0,0.0,12,16,0.0,8.0
2014,YK Pathan,0.0,0.0,0.0,0.0,0.0,0.0,0.0,0.0,6,10,0.0,10.0
2014,YS Chahal,6.0,10.0,0.0,10.0,24.0,24.0,1.0,6.0,330,389,12.0,7.0727
2014,Yuvraj Singh,0.0,0.0,0.0,0.0,34.0,52.0,0.0,9.1765,136,191,5.0,8.4265
2014,Z Khan,84.0,84.0,4.0,6.0,32.0,47.0,1.0,8.8125,134,156,5.0,6.9851
2015,A Ashish Reddy,0.0,0.0,0.0,0.0,18.0,20.0,2.0,6.6667,36,51,3.0,8.5
2015,A Mishra,0.0,0.0,0.0,0.0,55.0,97.0,2.0,10.5818,241,312,9.0,7.7676
2015,A Nehra,253.0,297.0,11.0,7.0435,84.0,110.0,9.0,7.8571,373,453,22.0,7.2869
2015,AB Dinda,26.0,45.0,0.0,10.3846,0.0,0.0,0.0,0.0,32,63,0.0,11.8125
2015,AD Mathews,42.0,68.0,4.0,9.7143,30.0,46.0,1.0,9.2,180,249,7.0,8.3
2015,AD Russell,42.0,57.0,1.0,8.1429,61.0,88.0,6.0,8.6557,245,332,14.0,8.1306
2015,AN Ahmed,30.0,35.0,0.0,7.0,26.0,72.0,0.0,16.6154,74,129,1.0,10.4595
2015,AR Patel,18.0,22.0,1.0,7.3333,71.0,122.0,5.0,10.3099,280,399,13.0,8.55
2015,Ankit Sharma,18.0,19.0,1.0,6.3333,6.0,6.0,0.0,6.0,84,114,3.0,8.1429
2015,Anureet Singh,121.0,146.0,6.0,7.2397,119.0,219.0,8.0,11.042,315,477,15.0,9.0857
2015,Azhar Mahmood,6.0,9.0,0.0,9.0,7.0,18.0,0.0,15.4286,20,41,0.0,12.3
2015,B Kumar,167.0,208.0,5.0,7.4731,119.0,188.0,12.0,9.479,310,419,18.0,8.1097
2015,BB Sran,13.0,21.0,0.0,9.6923,0.0,0.0,0.0,0.0,19,36,0.0,11.3684
2015,BE Hendricks,30.0,53.0,1.0,10.6,24.0,26.0,2.0,6.5,79,112,5.0,8.5063
2015,Bipul Sharma,6.0,5.0,1.0,5.0,0.0,0.0,0.0,0.0,42,50,3.0,7.1429
2015,CH Gayle,0.0,0.0,0.0,0.0,0.0,0.0,0.0,0.0,12,16,0.0,8.0
2015,CH Morris,108.0,126.0,3.0,7.0,102.0,163.0,7.0,9.5882,252,321,13.0,7.6429
2015,CJ Anderson,12.0,21.0,1.0,10.5,0.0,0.0,0.0,0.0,24,33,1.0,8.25
2015,D Wiese,60.0,64.0,6.0,6.4,56.0,96.0,7.0,10.2857,254,360,16.0,8.5039
2015,DJ Bravo,0.0,0.0,0.0,0.0,207.0,303.0,23.0,8.7826,315,442,26.0,8.419
2015,DJ Hooda,24.0,35.0,0.0,8.75,13.0,24.0,1.0,11.0769,91,131,1.0,8.6374
2015,DJ Muthuswami,72.0,99.0,3.0,8.25,6.0,1.0,1.0,1.0,84,108,4.0,7.7143
2015,DJG Sammy,0.0,0.0,0.0,0.0,0.0,0.0,0.0,0.0,18,26,0.0,8.6667
2015,DR Smith,0.0,0.0,0.0,0.0,0.0,0.0,0.0,0.0,12,17,1.0,8.5
2015,DS Kulkarni,120.0,159.0,6.0,7.95,24.0,40.0,3.0,10.0,211,290,13.0,8.2464
2015,DW Steyn,66.0,97.0,1.0,8.8182,24.0,39.0,1.0,9.75,114,171,3.0,9.0
2015,GB Hogg,24.0,31.0,4.0,7.75,36.0,44.0,3.0,7.3333,126,148,9.0,7.0476
2015,GJ Maxwell,0.0,0.0,0.0,0.0,0.0,0.0,0.0,0.0,60,97,2.0,9.7
2015,GS Sandhu,6.0,7.0,0.0,7.0,24.0,50.0,1.0,12.5,48,86,1.0,10.75
2015,Gurkeerat Singh,12.0,19.0,0.0,9.5,0.0,0.0,0.0,0.0,54,66,3.0,7.3333
2015,HH Pandya,0.0,0.0,0.0,0.0,24.0,62.0,1.0,15.5,103,178,1.0,10.3689
2015,HV Patel,96.0,124.0,5.0,7.75,47.0,72.0,5.0,9.1915,263,339,17.0,7.7338
2015,Harbhajan Singh,42.0,76.0,3.0,10.8571,0.0,0.0,0.0,0.0,342,448,18.0,7.8596
2015,I Sharma,44.0,56.0,1.0,7.6364,24.0,50.0,0.0,12.5,88,161,1.0,10.9773
2015,IC Pandey,108.0,110.0,8.0,6.1111,12.0,25.0,1.0,12.5,186,228,11.0,7.3548
2015,Imran Tahir,6.0,8.0,0.0,8.0,93.0,157.0,13.0,10.129,213,315,15.0,8.8732
2015,Iqbal Abdulla,18.0,16.0,0.0,5.3333,24.0,31.0,2.0,7.75,114,150,4.0,7.8947
2015,J Botha,36.0,35.0,0.0,5.8333,12.0,25.0,1.0,12.5,60,82,1.0,8.2
2015,J Suchith,36.0,69.0,1.0,11.5,6.0,10.0,0.0,10.0,234,338,10.0,8.6667
2015,J Theron,6.0,12.0,0.0,12.0,12.0,25.0,1.0,12.5,24,41,1.0,10.25
2015,J Yadav,12.0,10.0,0.0,5.0,0.0,0.0,0.0,0.0,42,29,2.0,4.1429
2015,JA Morkel,24.0,44.0,0.0,11.0,18.0,32.0,1.0,10.6667,72,113,3.0,9.4167
2015,JD Unadkat,12.0,15.0,0.0,7.5,0.0,0.0,0.0,0.0,18,30,0.0,10.0
2015,JJ Bumrah,24.0,36.0,0.0,9.0,31.0,86.0,1.0,16.6452,91,184,3.0,12.1319
2015,JP Duminy,30.0,47.0,1.0,9.4,18.0,24.0,3.0,8.0,102,128,8.0,7.5294
2015,JP Faulkner,42.0,62.0,1.0,8.8571,102.0,216.0,4.0,12.7059,271,433,8.0,9.5867
2015,KA Pollard,0.0,0.0,0.0,0.0,28.0,45.0,2.0,9.6429,77,121,3.0,9.4286
2015,KC Cariappa,6.0,12.0,0.0,12.0,0.0,0.0,0.0,0.0,12,28,1.0,14.0
2015,KV Sharma,18.0,27.0,0.0,9.0,6.0,20.0,0.0,20.0,239,338,10.0,8.4854
2015,Karanveer Singh,12.0,26.0,0.0,13.0,6.0,15.0,0.0,15.0,84,159,1.0,11.3571
2015,M Morkel,109.0,133.0,6.0,7.3211,30.0,46.0,2.0,9.2,169,212,10.0,7.5266
2015,M Vijay,0.0,0.0,0.0,0.0,0.0,0.0,0.0,0.0,24,28,0.0,7.0
2015,M de Lange,12.0,5.0,0.0,2.5,12.0,25.0,0.0,12.5,24,30,0.0,7.5
2015,MA Starc,126.0,158.0,3.0,7.5238,78.0,79.0,10.0,6.0769,259,306,20.0,7.0888
2015,MC Henriques,30.0,29.0,4.0,5.8,12.0,20.0,0.0,10.0,150,164,11.0,6.56
2015,MG Johnson,72.0,122.0,2.0,10.1667,42.0,88.0,4.0,12.5714,216,340,9.0,9.4444
2015,MJ McClenaghan,151.0,197.0,5.0,7.8278,85.0,125.0,9.0,8.8235,284,395,18.0,8.3451
2015,MM Sharma,163.0,243.0,4.0,8.9448,85.0,125.0,7.0,8.8235,344,482,14.0,8.407
2015,NLTC Perera,0.0,0.0,0.0,0.0,6.0,14.0,0.0,14.0,36,55,1.0,9.1667
2015,NM Coulter-Nile,151.0,158.0,6.0,6.2781,60.0,110.0,6.0,11.0,256,331,15.0,7.7578
2015,P Kumar,78.0,118.0,3.0,9.0769,60.0,124.0,2.0,12.4,216,338,7.0,9.3889
2015,P Negi,12.0,15.0,1.0,7.5,18.0,50.0,1.0,16.6667,180,259,6.0,8.6333
2015,P Suyal,31.0,37.0,0.0,7.1613,26.0,43.0,0.0,9.9231,64,97,0.0,9.0938
2015,PJ Cummins,36.0,69.0,1.0,11.5,18.0,30.0,0.0,10.0,60,103,1.0,10.3
2015,PP Chawla,18.0,25.0,2.0,8.3333,12.0,21.0,1.0,10.5,210,275,11.0,7.8571
2015,PP Ojha,0.0,0.0,0.0,0.0,0.0,0.0,0.0,0.0,12,23,0.0,11.5
2015,PV Tambe,24.0,29.0,2.0,7.25,36.0,80.0,1.0,13.3333,204,267,7.0,7.8529
2015,Parvez Rasool,6.0,6.0,0.0,6.0,0.0,0.0,0.0,0.0,30,31,1.0,6.2
2015,R Ashwin,67.0,65.0,1.0,5.8209,12.0,9.0,1.0,4.5,235,229,10.0,5.8468
2015,R Bhatia,0.0,0.0,0.0,0.0,0.0,0.0,0.0,0.0,30,47,0.0,9.4
2015,R Dhawan,18.0,25.0,0.0,8.3333,12.0,25.0,0.0,12.5,73,111,1.0,9.1233
2015,R Tewatia,0.0,0.0,0.0,0.0,0.0,0.0,0.0,0.0,18,31,1.0,10.3333
2015,R Vinay Kumar,126.0,161.0,4.0,7.6667,82.0,152.0,2.0,11.122,262,371,7.0,8.4962
2015,RA Jadeja,6.0,14.0,0.0,14.0,40.0,73.0,1.0,10.95,256,334,11.0,7.8281
2015,RG More,6.0,15.0,0.0,15.0,17.0,30.0,0.0,10.5882,35,63,1.0,10.8
2015,RN ten Doeschate,0.0,0.0,0.0,0.0,0.0,0.0,0.0,0.0,6,4,0.0,4.0
2015,RS Bopara,0.0,0.0,0.0,0.0,24.0,36.0,0.0,9.0,120,164,6.0,8.2
2015,S Aravind,72.0,82.0,5.0,6.8333,0.0,0.0,0.0,0.0,108,132,8.0,7.3333
2015,S Gopal,0.0,0.0,0.0,0.0,1.0,1.0,0.0,6.0,13,23,1.0,10.6154
2015,S Nadeem,18.0,10.0,0.0,3.3333,0.0,0.0,0.0,0.0,42,43,0.0,6.1429
2015,SA Abbott,18.0,38.0,0.0,12.6667,0.0,0.0,0.0,0.0,30,57,0.0,11.4
2015,SK Raina,0.0,0.0,0.0,0.0,0.0,0.0,0.0,0.0,72,94,2.0,7.8333
2015,SL Malinga,145.0,146.0,6.0,6.0414,153.0,218.0,15.0,8.549,364,453,24.0,7.467
2015,SN Thakur,6.0,19.0,0.0,19.0,0.0,0.0,0.0,0.0,18,39,1.0,13.0
2015,SP Narine,42.0,37.0,2.0,5.2857,60.0,113.0,3.0,11.3,192,246,7.0,7.6875
2015,SR Watson,42.0,38.0,3.0,5.4286,50.0,98.0,3.0,11.76,176,273,6.0,9.3068
2015,STR Binny,24.0,35.0,1.0,8.75,0.0,0.0,0.0,0.0,114,143,4.0,7.5263
2015,Sandeep Sharma,217.0,254.0,7.0,7.023,42.0,69.0,3.0,9.8571,301,359,13.0,7.1561
2015,Shakib Al Hasan,24.0,38.0,2.0,9.5,24.0,54.0,0.0,13.5,84,123,4.0,8.7857
2015,Shivam Sharma,0.0,0.0,0.0,0.0,6.0,12.0,0.0,12.0,18,44,1.0,14.6667
2015,TA Boult,90.0,119.0,1.0,7.9333,42.0,77.0,7.0,11.0,168,239,9.0,8.5357
2015,TG Southee,84.0,100.0,3.0,7.1429,54.0,116.0,2.0,12.8889,169,255,6.0,9.0533
2015,UT Yadav,126.0,167.0,4.0,7.9524,92.0,153.0,5.0,9.9783,254,387,10.0,9.1417
2015,V Kohli,0.0,0.0,0.0,0.0,0.0,0.0,0.0,0.0,11,10,0.0,5.4545
2015,VR Aaron,54.0,100.0,0.0,11.1111,8.0,24.0,1.0,18.0,104,180,3.0,10.3846
2015,YK Pathan,0.0,0.0,0.0,0.0,6.0,13.0,0.0,13.0,60,100,2.0,10.0
2015,YS Chahal,42.0,80.0,2.0,11.4286,60.0,99.0,5.0,9.9,281,416,22.0,8.8826
2015,Yuvraj Singh,0.0,0.0,0.0,0.0,6.0,13.0,0.0,13.0,54,75,1.0,8.3333
2015,Z Khan,103.0,92.0,6.0,5.3592,36.0,59.0,1.0,9.8333,145,159,7.0,6.5793
2016,A Ashish Reddy,0.0,0.0,0.0,0.0,0.0,0.0,0.0,0.0,23,40,1.0,10.4348
2016,A Mishra,0.0,0.0,0.0,0.0,36.0,63.0,1.0,10.5,278,350,13.0,7.554
2016,A Nehra,108.0,138.0,4.0,7.6667,18.0,26.0,3.0,8.6667,156,200,9.0,7.6923
2016,A Zampa,6.0,9.0,0.0,9.0,30.0,36.0,6.0,7.2,102,117,12.0,6.8824
2016,AB Dinda,127.0,134.0,6.0,6.3307,57.0,102.0,5.0,10.7368,184,236,11.0,7.6957
2016,AD Russell,120.0,129.0,8.0,6.45,51.0,109.0,5.0,12.8235,219,301,15.0,8.2466
2016,AF Milne,12.0,25.0,0.0,12.5,6.0,12.0,0.0,12.0,24,44,1.0,11.0
2016,AR Patel,60.0,82.0,0.0,8.2,35.0,63.0,1.0,10.8,287,395,13.0,8.2578
2016,AS Rajpoot,24.0,37.0,1.0,9.25,13.0,21.0,1.0,9.6923,67,101,3.0,9.0448
2016,Ankit Sharma,12.0,21.0,0.0,10.5,6.0,17.0,0.0,17.0,66,84,1.0,7.6364
2016,Anureet Singh,18.0,20.0,0.0,6.6667,0.0,0.0,0.0,0.0,38,44,0.0,6.9474
2016,B Kumar,216.0,218.0,10.0,6.0556,163.0,259.0,13.0,9.5337,397,503,23.0,7.602
2016,BB Sran,126.0,190.0,5.0,9.0476,45.0,63.0,3.0,8.4,297,420,14.0,8.4848
2016,BCJ Cutting,12.0,23.0,0.0,11.5,12.0,14.0,2.0,7.0,67,80,5.0,7.1642
2016,Bipul Sharma,6.0,6.0,0.0,6.0,0.0,0.0,0.0,0.0,84,123,3.0,8.7857
2016,C Munro,0.0,0.0,0.0,0.0,0.0,0.0,0.0,0.0,12,15,0.0,7.5
2016,CH Gayle,18.0,24.0,0.0,8.0,13.0,3.0,0.0,1.3846,61,65,2.0,6.3934
2016,CH Morris,109.0,139.0,3.0,7.6514,96.0,121.0,8.0,7.5625,265,320,13.0,7.2453
2016,CJ Jordan,31.0,54.0,0.0,10.4516,60.0,120.0,4.0,12.0,170,266,11.0,9.3882
2016,CR Brathwaite,18.0,25.0,0.0,8.3333,19.0,25.0,1.0,7.8947,142,192,7.0,8.1127
2016,D Wiese,0.0,0.0,0.0,0.0,6.0,12.0,0.0,12.0,25,49,0.0,11.76
2016,DJ Bravo,12.0,21.0,0.0,10.5,163.0,307.0,11.0,11.3006,337,502,17.0,8.9377
2016,DJ Hooda,24.0,26.0,1.0,6.5,0.0,0.0,0.0,0.0,78,97,3.0,7.4615
2016,DL Chahar,24.0,35.0,0.0,8.75,0.0,0.0,0.0,0.0,30,42,0.0,8.4
2016,DR Smith,24.0,27.0,5.0,6.75,6.0,21.0,0.0,21.0,109,154,8.0,8.4771
2016,DS Kulkarni,192.0,220.0,14.0,6.875,60.0,89.0,3.0,8.9,294,365,18.0,7.449
2016,DW Steyn,12.0,17.0,0.0,8.5,0.0,0.0,0.0,0.0,12,17,0.0,8.5
2016,GB Hogg,12.0,13.0,0.0,6.5,24.0,32.0,2.0,8.0,96,144,4.0,9.0
2016,GJ Maxwell,12.0,22.0,0.0,11.0,0.0,0.0,0.0,0.0,54,81,0.0,9.0
2016,Gurkeerat Singh,0.0,0.0,0.0,0.0,0.0,0.0,0.0,0.0,24,31,2.0,7.75
2016,HH Pandya,0.0,0.0,0.0,0.0,24.0,38.0,1.0,9.5,100,155,3.0,9.3
2016,HV Patel,25.0,42.0,0.0,10.08,30.0,58.0,1.0,11.6,85,147,1.0,10.3765
2016,Harbhajan Singh,30.0,43.0,1.0,8.6,12.0,23.0,0.0,11.5,294,402,9.0,8.2041
2016,I Sharma,67.0,94.0,2.0,8.4179,18.0,48.0,0.0,16.0,91,151,3.0,9.956
2016,IK Pathan,6.0,8.0,0.0,8.0,6.0,16.0,0.0,16.0,48,61,0.0,7.625
2016,Imran Tahir,0.0,0.0,0.0,0.0,30.0,47.0,3.0,9.4,96,141,5.0,8.8125
2016,Iqbal Abdulla,30.0,38.0,3.0,7.6,24.0,50.0,1.0,12.5,150,216,6.0,8.64
2016,J Suchith,0.0,0.0,0.0,0.0,0.0,0.0,0.0,0.0,12,31,0.0,15.5
2016,J Yadav,48.0,63.0,0.0,7.875,6.0,12.0,1.0,12.0,102,125,2.0,7.3529
2016,JA Morkel,24.0,55.0,1.0,13.75,6.0,11.0,1.0,11.0,30,66,2.0,13.2
2016,JD Unadkat,12.0,27.0,0.0,13.5,6.0,22.0,0.0,22.0,18,49,0.0,16.3333
2016,JJ Bumrah,103.0,123.0,2.0,7.165,140.0,220.0,7.0,9.4286,316,413,15.0,7.8418
2016,JO Holder,12.0,18.0,0.0,9.0,24.0,39.0,2.0,9.75,79,105,2.0,7.9747
2016,JP Duminy,0.0,0.0,0.0,0.0,0.0,0.0,0.0,0.0,42,55,2.0,7.8571
2016,JP Faulkner,6.0,14.0,0.0,14.0,32.0,56.0,1.0,10.5,104,168,2.0,9.6923
2016,JW Hastings,24.0,24.0,1.0,6.0,10.0,9.0,1.0,5.4,40,37,2.0,5.55
2016,KA Pollard,0.0,0.0,0.0,0.0,12.0,35.0,0.0,17.5,36,82,0.0,13.6667
2016,KC Cariappa,18.0,26.0,0.0,8.6667,6.0,6.0,1.0,6.0,103,160,3.0,9.3204
2016,KH Pandya,36.0,46.0,0.0,7.6667,7.0,11.0,1.0,9.4286,187,238,6.0,7.6364
2016,KJ Abbott,42.0,73.0,0.0,10.4286,24.0,53.0,0.0,13.25,97,182,2.0,11.2577
2016,KS Williamson,6.0,7.0,0.0,7.0,0.0,0.0,0.0,0.0,6,7,0.0,7.0
2016,KV Sharma,0.0,0.0,0.0,0.0,8.0,23.0,0.0,17.25,98,174,0.0,10.6531
2016,KW Richardson,48.0,68.0,4.0,8.5,24.0,40.0,3.0,10.0,84,138,7.0,9.8571
2016,Kuldeep Yadav,0.0,0.0,0.0,0.0,12.0,15.0,2.0,7.5,72,102,6.0,8.5
2016,M Ashwin,12.0,33.0,0.0,16.5,51.0,75.0,3.0,8.8235,171,245,7.0,8.5965
2016,M Morkel,134.0,170.0,6.0,7.6119,42.0,75.0,4.0,10.7143,215,299,10.0,8.3442
2016,M Vijay,6.0,8.0,0.0,8.0,0.0,0.0,0.0,0.0,6,8,0.0,8.0
2016,MC Henriques,6.0,8.0,0.0,8.0,18.0,27.0,1.0,9.0,312,418,12.0,8.0385
2016,MG Johnson,37.0,54.0,0.0,8.7568,12.0,22.0,2.0,11.0,67,108,2.0,9.6716
2016,MJ McClenaghan,156.0,206.0,5.0,7.9231,105.0,166.0,10.0,9.4857,321,449,17.0,8.3925
2016,MM Sharma,102.0,133.0,3.0,7.8235,111.0,173.0,10.0,9.3514,291,410,13.0,8.4536
2016,MP Stoinis,42.0,78.0,1.0,11.1429,18.0,23.0,3.0,7.6667,138,203,8.0,8.8261
2016,MR Marsh,24.0,11.0,3.0,2.75,6.0,10.0,0.0,10.0,54,45,4.0,5.0
2016,Mohammed Shami,66.0,116.0,0.0,10.5455,50.0,89.0,5.0,10.68,152,252,5.0,9.9474
2016,Mustafizur Rahman,96.0,80.0,3.0,5.0,162.0,208.0,9.0,7.7037,366,427,17.0,7.0
2016,N Rana,0.0,0.0,0.0,0.0,0.0,0.0,0.0,0.0,6,3,0.0,3.0
2016,NLTC Perera,78.0,99.0,1.0,7.6154,73.0,148.0,7.0,12.1644,199,326,9.0,9.8291
2016,NM Coulter-Nile,36.0,51.0,0.0,8.5,26.0,38.0,3.0,8.7692,92,120,3.0,7.8261
2016,P Kumar,228.0,253.0,3.0,6.6579,81.0,155.0,6.0,11.4815,309,408,9.0,7.9223
2016,P Negi,12.0,29.0,0.0,14.5,0.0,0.0,0.0,0.0,54,84,1.0,9.3333
2016,P Sahu,6.0,11.0,0.0,11.0,18.0,31.0,0.0,10.3333,105,152,3.0,8.6857
2016,PJ Sangwan,18.0,37.0,0.0,12.3333,0.0,0.0,0.0,0.0,24,49,0.0,12.25
2016,PP Chawla,12.0,12.0,0.0,6.0,38.0,49.0,2.0,7.7368,213,273,11.0,7.6901
2016,PV Tambe,18.0,27.0,1.0,9.0,6.0,13.0,1.0,13.0,96,143,5.0,8.9375
2016,Parvez Rasool,42.0,62.0,1.0,8.8571,0.0,0.0,0.0,0.0,84,130,1.0,9.2857
2016,R Ashwin,48.0,77.0,1.0,9.625,54.0,74.0,4.0,8.2222,264,321,9.0,7.2955
2016,R Bhatia,0.0,0.0,0.0,0.0,13.0,19.0,0.0,8.7692,205,249,6.0,7.2878
2016,R Dhawan,0.0,0.0,0.0,0.0,6.0,10.0,0.0,10.0,42,56,2.0,8.0
2016,R Sathish,0.0,0.0,0.0,0.0,6.0,23.0,0.0,23.0,36,59,1.0,9.8333
2016,R Vinay Kumar,24.0,29.0,2.0,7.25,6.0,8.0,0.0,8.0,54,65,3.0,7.2222
2016,RA Jadeja,12.0,20.0,1.0,10.0,33.0,51.0,2.0,9.2727,242,320,8.0,7.9339
2016,RP Singh,54.0,78.0,1.0,8.6667,19.0,36.0,2.0,11.3684,73,114,3.0,9.3699
2016,S Aravind,108.0,130.0,6.0,7.2222,31.0,48.0,2.0,9.2903,175,222,11.0,7.6114
2016,S Gopal,0.0,0.0,0.0,0.0,0.0,0.0,0.0,0.0,18,19,0.0,6.3333
2016,S Kaushik,6.0,12.0,0.0,12.0,24.0,59.0,0.0,14.75,139,195,6.0,8.4173
2016,S Ladda,6.0,7.0,0.0,7.0,0.0,0.0,0.0,0.0,12,21,0.0,10.5
2016,S Nadeem,48.0,68.0,2.0,8.5,12.0,13.0,0.0,6.5,90,127,2.0,8.4667
2016,SB Jakati,18.0,36.0,0.0,12.0,12.0,26.0,1.0,13.0,121,181,1.0,8.9752
2016,SK Raina,24.0,30.0,0.0,7.5,0.0,0.0,0.0,0.0,60,84,0.0,8.4
2016,SM Boland,18.0,22.0,1.0,7.3333,18.0,24.0,1.0,8.0,42,56,2.0,8.0
2016,SP Narine,60.0,75.0,3.0,7.5,46.0,64.0,2.0,8.3478,256,310,11.0,7.2656
2016,SR Watson,108.0,125.0,4.0,6.9444,136.0,247.0,13.0,10.8971,340,490,20.0,8.6471
2016,STR Binny,72.0,97.0,1.0,8.0833,0.0,0.0,0.0,0.0,102,134,1.0,7.8824
2016,Sachin Baby,0.0,0.0,0.0,0.0,4.0,4.0,2.0,6.0,10,8,2.0,4.8
2016,Sandeep Sharma,162.0,162.0,6.0,6.0,84.0,143.0,6.0,10.2143,300,374,15.0,7.48
2016,Shakib Al Hasan,60.0,76.0,3.0,7.6,30.0,46.0,0.0,9.2,186,247,5.0,7.9677
2016,Swapnil Singh,0.0,0.0,0.0,0.0,0.0,0.0,0.0,0.0,18,29,0.0,9.6667
2016,T Shamsi,0.0,0.0,0.0,0.0,18.0,42.0,1.0,14.0,96,151,3.0,9.4375
2016,TA Boult,12.0,13.0,1.0,6.5,12.0,26.0,0.0,13.0,24,39,1.0,9.75
2016,TG Southee,156.0,195.0,4.0,7.5,36.0,57.0,2.0,9.5,258,333,9.0,7.7442
2016,UT Yadav,48.0,64.0,3.0,8.0,56.0,110.0,7.0,11.7857,158,246,10.0,9.3418
2016,V Kohli,0.0,0.0,0.0,0.0,0.0,0.0,0.0,0.0,8,13,0.0,9.75
2016,VR Aaron,37.0,51.0,0.0,8.2703,17.0,38.0,1.0,13.4118,144,229,2.0,9.5417
2016,YK Pathan,24.0,21.0,0.0,5.25,0.0,0.0,0.0,0.0,36,33,1.0,5.5
2016,YS Chahal,49.0,61.0,4.0,7.4694,43.0,71.0,4.0,9.907,296,409,20.0,8.2905
2016,Yuvraj Singh,0.0,0.0,0.0,0.0,1.0,6.0,0.0,36.0,37,52,0.0,8.4324
2016,Z Khan,168.0,187.0,5.0,6.6786,63.0,118.0,3.0,11.2381,262,341,10.0,7.8092
2017,A Choudhary,37.0,46.0,3.0,7.4595,24.0,40.0,1.0,10.0,102,144,5.0,8.4706
2017,A Mishra,0.0,0.0,0.0,0.0,11.0,11.0,2.0,6.0,233,345,10.0,8.8841
2017,A Nehra,61.0,101.0,2.0,9.9344,36.0,46.0,6.0,7.6667,127,198,8.0,9.3543
2017,A Zampa,0.0,0.0,0.0,0.0,17.0,31.0,4.0,10.9412,119,164,7.0,8.2689
2017,AB Dinda,36.0,52.0,1.0,8.6667,24.0,69.0,0.0,17.25,60,121,1.0,12.1
2017,AD Mathews,0.0,0.0,0.0,0.0,12.0,25.0,0.0,12.5,30,57,0.0,11.4
2017,AF Milne,30.0,50.0,0.0,10.0,30.0,38.0,3.0,7.6,84,141,3.0,10.0714
2017,AJ Tye,36.0,40.0,3.0,6.6667,60.0,78.0,6.0,7.8,126,146,12.0,6.9524
2017,AR Patel,36.0,44.0,2.0,7.3333,24.0,35.0,3.0,8.75,288,366,15.0,7.625
2017,AS Rajpoot,0.0,0.0,0.0,0.0,18.0,38.0,1.0,12.6667,84,113,4.0,8.0714
2017,Ankit Sharma,6.0,16.0,0.0,16.0,0.0,0.0,0.0,0.0,6,16,0.0,16.0
2017,Ankit Soni,6.0,3.0,0.0,3.0,1.0,4.0,0.0,24.0,109,145,2.0,7.9817
2017,Anureet Singh,6.0,10.0,0.0,10.0,0.0,0.0,0.0,0.0,12,26,0.0,13.0
2017,Avesh Khan,12.0,6.0,1.0,3.0,6.0,14.0,0.0,14.0,24,24,1.0,6.0
2017,B Kumar,144.0,153.0,6.0,6.375,147.0,204.0,18.0,8.3265,315,384,26.0,7.3143
2017,B Stanlake,36.0,48.0,1.0,8.0,0.0,0.0,0.0,0.0,48,70,2.0,8.75
2017,BA Stokes,78.0,97.0,4.0,7.4615,72.0,100.0,6.0,8.3333,264,327,12.0,7.4318
2017,BB Sran,6.0,9.0,0.0,9.0,0.0,0.0,0.0,0.0,12,29,0.0,14.5
2017,BCJ Cutting,12.0,18.0,0.0,9.0,34.0,69.0,0.0,12.1765,76,123,1.0,9.7105
2017,Basil Thampi,102.0,161.0,2.0,9.4706,106.0,188.0,7.0,10.6415,268,428,11.0,9.5821
2017,Bipul Sharma,26.0,30.0,1.0,6.9231,6.0,12.0,0.0,12.0,98,131,3.0,8.0204
2017,C de Grandhomme,12.0,13.0,0.0,6.5,2.0,7.0,0.0,21.0,98,136,4.0,8.3265
2017,CH Morris,84.0,103.0,4.0,7.3571,78.0,101.0,7.0,7.7692,186,241,12.0,7.7742
2017,CJ Anderson,5.0,7.0,0.0,8.4,36.0,70.0,1.0,11.6667,113,187,3.0,9.9292
2017,CJ Jordan,6.0,10.0,1.0,10.0,0.0,0.0,0.0,0.0,6,10,1.0,10.0
2017,CR Brathwaite,0.0,0.0,0.0,0.0,12.0,29.0,1.0,14.5,36,67,1.0,11.1667
2017,CR Woakes,72.0,133.0,1.0,11.0833,84.0,143.0,8.0,10.2143,264,393,17.0,8.9318
2017,DJ Hooda,6.0,17.0,0.0,17.0,0.0,0.0,0.0,0.0,24,42,2.0,10.5
2017,DL Chahar,42.0,75.0,1.0,10.7143,0.0,0.0,0.0,0.0,42,75,1.0,10.7143
2017,DR Smith,6.0,17.0,0.0,17.0,12.0,34.0,1.0,17.0,78,151,2.0,11.6154
2017,DS Kulkarni,60.0,84.0,0.0,8.4,18.0,31.0,2.0,10.3333,113,173,3.0,9.1858
2017,DT Christian,30.0,41.0,0.0,8.2,78.0,110.0,3.0,8.4615,240,303,11.0,7.575
2017,GJ Maxwell,6.0,18.0,0.0,18.0,18.0,18.0,1.0,6.0,114,126,7.0,6.6316
2017,HH Pandya,30.0,52.0,0.0,10.4,42.0,55.0,3.0,7.8571,156,219,6.0,8.4231
2017,HV Patel,6.0,15.0,0.0,15.0,6.0,14.0,1.0,14.0,24,43,3.0,10.75
2017,Harbhajan Singh,60.0,53.0,1.0,5.3,0.0,0.0,0.0,0.0,246,269,8.0,6.561
2017,I Sharma,78.0,117.0,0.0,9.0,6.0,20.0,0.0,20.0,109,190,0.0,10.4587
2017,IK Pathan,6.0,16.0,0.0,16.0,6.0,10.0,0.0,10.0,12,26,0.0,13.0
2017,Imran Tahir,24.0,39.0,3.0,9.75,60.0,97.0,2.0,9.7,283,370,18.0,7.8445
2017,Iqbal Abdulla,12.0,19.0,0.0,9.5,0.0,0.0,0.0,0.0,30,55,2.0,11.0
2017,J Yadav,25.0,30.0,0.0,7.2,0.0,0.0,0.0,0.0,37,43,0.0,6.973
2017,JD Unadkat,132.0,139.0,6.0,6.3182,113.0,158.0,16.0,8.3894,275,330,24.0,7.2
2017,JJ Bumrah,104.0,99.0,6.0,5.7115,169.0,241.0,10.0,8.5562,363,449,20.0,7.4215
2017,JP Faulkner,36.0,68.0,0.0,11.3333,56.0,90.0,2.0,9.6429,158,268,6.0,10.1772
2017,K Rabada,72.0,109.0,3.0,9.0833,46.0,81.0,2.0,10.5652,130,198,6.0,9.1385
2017,KA Pollard,0.0,0.0,0.0,0.0,5.0,15.0,0.0,18.0,11,30,0.0,16.3636
2017,KC Cariappa,6.0,7.0,0.0,7.0,12.0,18.0,1.0,9.0,91,127,4.0,8.3736
2017,KH Pandya,12.0,10.0,2.0,5.0,24.0,26.0,2.0,6.5,241,280,9.0,6.971
2017,KV Sharma,54.0,66.0,4.0,7.3333,0.0,0.0,0.0,0.0,184,217,13.0,7.0761
2017,Kuldeep Yadav,30.0,37.0,0.0,7.4,60.0,93.0,6.0,9.3,246,345,11.0,8.4146
2017,LH Ferguson,30.0,51.0,1.0,10.2,12.0,23.0,0.0,11.5,78,96,3.0,7.3846
2017,MC Henriques,17.0,33.0,0.0,11.6471,7.0,12.0,0.0,10.2857,145,248,1.0,10.2621
2017,MG Johnson,60.0,74.0,1.0,7.4,24.0,33.0,5.0,8.25,120,147,7.0,7.35
2017,MJ Henry,18.0,36.0,0.0,12.0,12.0,35.0,1.0,17.5,30,71,1.0,14.2
2017,MJ McClenaghan,145.0,193.0,10.0,7.9862,123.0,193.0,8.0,9.4146,329,512,19.0,9.3374
2017,MM Patel,6.0,7.0,0.0,7.0,0.0,0.0,0.0,0.0,42,58,1.0,8.2857
2017,MM Sharma,96.0,142.0,3.0,8.875,107.0,174.0,5.0,9.757,275,412,13.0,8.9891
2017,MN Samuels,0.0,0.0,0.0,0.0,0.0,0.0,0.0,0.0,18,34,0.0,11.3333
2017,MP Stoinis,6.0,14.0,1.0,14.0,15.0,38.0,0.0,15.2,63,111,2.0,10.5714
2017,MS Gony,6.0,17.0,0.0,17.0,0.0,0.0,0.0,0.0,12,32,0.0,16.0
2017,Mohammad Nabi,36.0,35.0,1.0,5.8333,0.0,0.0,0.0,0.0,66,59,2.0,5.3636
2017,Mohammed Shami,66.0,111.0,1.0,10.0909,30.0,46.0,3.0,9.2,156,248,5.0,9.5385
2017,Mohammed Siraj,60.0,110.0,3.0,11.0,36.0,67.0,2.0,11.1667,138,214,10.0,9.3043
2017,Mustafizur Rahman,6.0,19.0,0.0,19.0,4.0,4.0,0.0,6.0,16,34,0.0,12.75
2017,NB Singh,24.0,18.0,1.0,4.5,0.0,0.0,0.0,0.0,24,18,1.0,4.5
2017,NM Coulter-Nile,75.0,120.0,4.0,9.6,44.0,62.0,6.0,8.4545,173,232,15.0,8.0462
2017,P Kumar,72.0,109.0,5.0,9.0833,21.0,39.0,1.0,11.1429,99,154,6.0,9.3333
2017,P Negi,12.0,12.0,0.0,6.0,31.0,38.0,7.0,7.3548,193,202,16.0,6.2798
2017,PJ Cummins,78.0,124.0,4.0,9.5385,91.0,133.0,7.0,8.7692,278,393,15.0,8.482
2017,PJ Sangwan,72.0,110.0,5.0,9.1667,24.0,46.0,0.0,11.5,108,183,5.0,10.1667
2017,PP Chawla,30.0,26.0,4.0,5.2,6.0,11.0,0.0,11.0,120,179,6.0,8.95
2017,R Bhatia,0.0,0.0,0.0,0.0,0.0,0.0,0.0,0.0,42,55,2.0,7.8571
2017,R Tewatia,6.0,6.0,0.0,6.0,0.0,0.0,0.0,0.0,54,51,3.0,5.6667
2017,R Vinay Kumar,0.0,0.0,0.0,0.0,0.0,0.0,0.0,0.0,18,31,2.0,10.3333
2017,RA Jadeja,6.0,9.0,0.0,9.0,24.0,48.0,0.0,12.0,228,352,5.0,9.2632
2017,RA Tripathi,0.0,0.0,0.0,0.0,0.0,0.0,0.0,0.0,6,12,0.0,12.0
2017,RD Chahar,0.0,0.0,0.0,0.0,6.0,2.0,0.0,2.0,42,59,2.0,8.4286
2017,Rashid Khan,54.0,63.0,4.0,7.0,30.0,46.0,1.0,9.2,324,368,17.0,6.8148
2017,S Aravind,91.0,143.0,1.0,9.4286,51.0,84.0,3.0,9.8824,184,278,5.0,9.0652
2017,S Badree,78.0,111.0,6.0,8.5385,6.0,4.0,0.0,4.0,150,191,9.0,7.64
2017,S Kaul,66.0,104.0,3.0,9.4545,70.0,99.0,10.0,8.4857,215,303,16.0,8.4558
2017,S Kaushik,12.0,29.0,0.0,14.5,0.0,0.0,0.0,0.0,66,109,0.0,9.9091
2017,S Nadeem,36.0,49.0,2.0,8.1667,0.0,0.0,0.0,0.0,107,119,6.0,6.6729
2017,SB Jakati,6.0,12.0,0.0,12.0,0.0,0.0,0.0,0.0,30,52,0.0,10.4
2017,SK Raina,36.0,50.0,1.0,8.3333,0.0,0.0,0.0,0.0,72,102,1.0,8.5
2017,SL Malinga,116.0,145.0,5.0,7.5,71.0,128.0,4.0,10.8169,271,388,11.0,8.5904
2017,SN Thakur,90.0,126.0,4.0,8.4,37.0,64.0,3.0,10.3784,229,319,11.0,8.3581
2017,SP Narine,114.0,139.0,3.0,7.3158,72.0,72.0,2.0,6.0,354,412,10.0,6.9831
2017,SR Watson,30.0,55.0,1.0,11.0,53.0,97.0,4.0,10.9811,161,246,5.0,9.1677
2017,SS Agarwal,6.0,11.0,0.0,11.0,0.0,0.0,0.0,0.0,24,42,1.0,10.5
2017,STR Binny,12.0,12.0,2.0,6.0,0.0,0.0,0.0,0.0,36,50,4.0,8.3333
2017,Sandeep Sharma,187.0,219.0,9.0,7.0267,84.0,152.0,8.0,10.8571,289,402,17.0,8.346
2017,Shakib Al Hasan,18.0,34.0,0.0,11.3333,0.0,0.0,0.0,0.0,18,34,0.0,11.3333
2017,Swapnil Singh,0.0,0.0,0.0,0.0,0.0,0.0,0.0,0.0,42,61,1.0,8.7143
2017,T Natarajan,24.0,33.0,0.0,8.25,10.0,16.0,0.0,9.6,76,116,2.0,9.1579
2017,TA Boult,66.0,83.0,1.0,7.5455,71.0,132.0,4.0,11.1549,143,222,5.0,9.3147
2017,TG Southee,36.0,62.0,1.0,10.3333,13.0,21.0,1.0,9.6923,61,97,3.0,9.541
2017,TM Head,0.0,0.0,0.0,0.0,18.0,27.0,2.0,9.0,48,81,2.0,10.125
2017,TS Mills,42.0,58.0,3.0,8.2857,41.0,61.0,2.0,8.9268,107,157,5.0,8.8037
2017,Tejas Baroka,6.0,8.0,0.0,8.0,3.0,9.0,0.0,18.0,21,33,0.0,9.4286
2017,UT Yadav,156.0,226.0,7.0,8.6923,48.0,94.0,6.0,11.75,291,432,17.0,8.9072
2017,VR Aaron,36.0,59.0,2.0,9.8333,30.0,42.0,2.0,8.4,121,170,7.0,8.4298
2017,Washington Sundar,108.0,122.0,4.0,6.7778,6.0,6.0,1.0,6.0,180,189,8.0,6.3
2017,YK Pathan,6.0,17.0,0.0,17.0,0.0,0.0,0.0,0.0,24,41,1.0,10.25
2017,YS Chahal,72.0,116.0,2.0,9.6667,24.0,43.0,2.0,10.75,263,351,13.0,8.0076
2017,Yuvraj Singh,0.0,0.0,0.0,0.0,0.0,0.0,0.0,0.0,12,23,1.0,11.5
2017,Z Khan,139.0,155.0,6.0,6.6906,30.0,65.0,2.0,13.0,241,323,10.0,8.0415
2018,A Dananjaya,6.0,12.0,0.0,12.0,0.0,0.0,0.0,0.0,24,47,0.0,11.75
2018,A Mishra,12.0,32.0,0.0,16.0,24.0,35.0,1.0,8.75,222,265,12.0,7.1622
2018,AD Russell,84.0,143.0,4.0,10.2143,48.0,84.0,3.0,10.5,228,360,13.0,9.4737
2018,AJ Tye,103.0,125.0,7.0,7.2816,139.0,201.0,13.0,8.6763,338,459,24.0,8.1479
2018,AR Patel,30.0,48.0,2.0,9.6,12.0,18.0,0.0,9.0,156,221,3.0,8.5
2018,AS Rajpoot,102.0,132.0,7.0,7.7647,24.0,47.0,3.0,11.75,159,230,11.0,8.6792
2018,Ankit Sharma,6.0,11.0,0.0,11.0,0.0,0.0,0.0,0.0,6,11,0.0,11.0
2018,Anureet Singh,0.0,0.0,0.0,0.0,0.0,0.0,0.0,0.0,24,42,1.0,10.5
2018,Avesh Khan,79.0,151.0,2.0,11.4684,18.0,23.0,1.0,7.6667,115,205,4.0,10.6957
2018,B Kumar,156.0,151.0,3.0,5.8077,93.0,155.0,6.0,10.0,279,357,9.0,7.6774
2018,B Laughlin,37.0,61.0,3.0,9.8919,53.0,95.0,5.0,10.7547,127,212,9.0,10.0157
2018,B Stanlake,48.0,63.0,1.0,7.875,6.0,11.0,0.0,11.0,96,130,5.0,8.125
2018,BA Stokes,60.0,83.0,3.0,8.3,61.0,91.0,3.0,8.9508,223,307,8.0,8.2601
2018,BB Sran,67.0,99.0,0.0,8.8657,43.0,78.0,4.0,10.8837,134,231,4.0,10.3433
2018,BCJ Cutting,6.0,10.0,0.0,10.0,30.0,64.0,0.0,12.8,102,169,2.0,9.9412
2018,Basil Thampi,6.0,17.0,0.0,17.0,25.0,45.0,3.0,10.8,61,115,5.0,11.3115
2018,C de Grandhomme,0.0,0.0,0.0,0.0,12.0,23.0,0.0,11.5,90,132,2.0,8.8
2018,CH Morris,36.0,50.0,1.0,8.3333,30.0,60.0,1.0,12.0,84,148,3.0,10.5714
2018,CJ Anderson,0.0,0.0,0.0,0.0,34.0,90.0,2.0,15.8824,52,117,3.0,13.5
2018,CJ Dala,6.0,17.0,0.0,17.0,0.0,0.0,0.0,0.0,18,34,0.0,11.3333
2018,CJ Jordan,12.0,18.0,0.0,9.0,6.0,13.0,0.0,13.0,24,35,0.0,8.75
2018,CR Brathwaite,0.0,0.0,0.0,0.0,25.0,41.0,4.0,9.84,61,96,5.0,9.4426
2018,CR Woakes,48.0,78.0,2.0,9.75,50.0,100.0,6.0,12.0,110,196,8.0,10.6909
2018,DJ Bravo,0.0,0.0,0.0,0.0,171.0,335.0,8.0,11.7544,321,538,14.0,10.0561
2018,DJ Hooda,0.0,0.0,0.0,0.0,0.0,0.0,0.0,0.0,18,25,0.0,8.3333
2018,DJ Willey,24.0,39.0,0.0,9.75,18.0,31.0,1.0,10.3333,60,96,2.0,9.6
2018,DJM Short,0.0,0.0,0.0,0.0,0.0,0.0,0.0,0.0,18,23,1.0,7.6667
2018,DL Chahar,194.0,239.0,10.0,7.3918,0.0,0.0,0.0,0.0,231,281,10.0,7.2987
2018,DS Kulkarni,96.0,142.0,2.0,8.875,5.0,4.0,0.0,4.8,119,189,4.0,9.5294
2018,DT Christian,6.0,18.0,0.0,18.0,23.0,44.0,4.0,11.4783,71,106,4.0,8.9577
2018,GJ Maxwell,36.0,50.0,2.0,8.3333,6.0,8.0,1.0,8.0,96,132,5.0,8.25
2018,HH Pandya,90.0,152.0,4.0,10.1333,52.0,95.0,8.0,10.9615,257,391,18.0,9.1284
2018,HV Patel,30.0,48.0,1.0,9.6,27.0,40.0,3.0,8.8889,105,169,7.0,9.6571
2018,Harbhajan Singh,47.0,85.0,2.0,10.8511,0.0,0.0,0.0,0.0,191,270,7.0,8.4817
2018,IS Sodhi,0.0,0.0,0.0,0.0,6.0,2.0,0.0,2.0,138,137,5.0,5.9565
2018,Imran Tahir,6.0,12.0,0.0,12.0,16.0,17.0,0.0,6.375,124,193,6.0,9.3387
2018,JC Archer,91.0,117.0,4.0,7.7143,101.0,147.0,7.0,8.7327,235,329,15.0,8.4
2018,JD Unadkat,90.0,145.0,2.0,9.6667,111.0,199.0,7.0,10.7568,303,486,11.0,9.6238
2018,JJ Bumrah,108.0,123.0,2.0,6.8333,127.0,172.0,13.0,8.126,326,383,17.0,7.0491
2018,JP Duminy,12.0,28.0,0.0,14.0,0.0,0.0,0.0,0.0,18,36,0.0,12.0
2018,JPR Scantlebury-Searles,6.0,13.0,0.0,13.0,6.0,20.0,1.0,20.0,42,89,2.0,12.7143
2018,K Gowtham,150.0,185.0,7.0,7.4,6.0,6.0,0.0,6.0,240,321,10.0,8.025
2018,K Khejroliya,12.0,19.0,0.0,9.5,11.0,25.0,0.0,13.6364,65,110,2.0,10.1538
2018,KH Pandya,72.0,99.0,2.0,8.25,31.0,34.0,4.0,6.5806,241,288,11.0,7.1701
2018,KK Ahmed,12.0,25.0,0.0,12.5,6.0,14.0,0.0,14.0,18,39,0.0,13.0
2018,KM Asif,24.0,36.0,3.0,9.0,6.0,18.0,0.0,18.0,36,75,3.0,12.5
2018,KV Sharma,0.0,0.0,0.0,0.0,9.0,13.0,2.0,8.6667,57,90,4.0,9.4737
2018,Kuldeep Yadav,24.0,31.0,0.0,7.75,18.0,31.0,0.0,10.3333,308,423,17.0,8.2403
2018,L Ngidi,90.0,88.0,5.0,5.8667,60.0,70.0,4.0,7.0,156,162,11.0,6.2308
2018,LE Plunkett,42.0,72.0,1.0,10.2857,48.0,71.0,2.0,8.875,150,228,4.0,9.12
2018,M Ashwin,0.0,0.0,0.0,0.0,12.0,20.0,0.0,10.0,42,54,3.0,7.7143
2018,M Markande,0.0,0.0,0.0,0.0,42.0,62.0,1.0,8.8571,264,376,15.0,8.5455
2018,M Prasidh Krishna,66.0,105.0,0.0,9.5455,84.0,127.0,10.0,9.0714,168,261,10.0,9.3214
2018,MA Wood,0.0,0.0,0.0,0.0,12.0,36.0,0.0,18.0,24,50,0.0,12.5
2018,MG Johnson,42.0,86.0,0.0,12.2857,42.0,68.0,2.0,9.7143,126,218,2.0,10.381
2018,MJ McClenaghan,150.0,191.0,9.0,7.64,43.0,92.0,4.0,12.8372,241,340,14.0,8.4647
2018,MK Lomror,0.0,0.0,0.0,0.0,0.0,0.0,0.0,0.0,18,27,0.0,9.0
2018,MK Tiwary,0.0,0.0,0.0,0.0,0.0,0.0,0.0,0.0,6,10,0.0,10.0
2018,MM Ali,12.0,14.0,0.0,7.0,1.0,1.0,0.0,6.0,79,98,3.0,7.443
2018,MM Sharma,84.0,135.0,4.0,9.6429,66.0,137.0,2.0,12.4545,180,328,7.0,10.9333
2018,MP Stoinis,6.0,11.0,0.0,11.0,6.0,20.0,0.0,20.0,66,121,3.0,11.0
2018,Mohammad Nabi,24.0,35.0,1.0,8.75,0.0,0.0,0.0,0.0,30,47,1.0,9.4
2018,Mohammed Shami,12.0,26.0,0.0,13.0,23.0,42.0,2.0,10.9565,83,144,3.0,10.4096
2018,Mohammed Siraj,36.0,59.0,2.0,9.8333,102.0,185.0,8.0,10.8824,246,372,11.0,9.0732
2018,Mujeeb Ur Rahman,68.0,65.0,4.0,5.7353,48.0,88.0,2.0,11.0,248,292,14.0,7.0645
2018,Mustafizur Rahman,48.0,56.0,1.0,7.0,65.0,97.0,4.0,8.9538,167,232,7.0,8.3353
2018,N Rana,13.0,6.0,0.0,2.7692,0.0,0.0,0.0,0.0,37,44,4.0,7.1351
2018,P Negi,6.0,8.0,1.0,8.0,0.0,0.0,0.0,0.0,24,49,1.0,12.25
2018,PJ Sangwan,12.0,20.0,0.0,10.0,0.0,0.0,0.0,0.0,12,20,0.0,10.0
2018,PP Chawla,132.0,180.0,4.0,8.1818,42.0,64.0,6.0,9.1429,294,419,13.0,8.551
2018,R Ashwin,46.0,64.0,1.0,8.3478,42.0,64.0,4.0,9.1429,304,411,10.0,8.1118
2018,R Tewatia,6.0,9.0,0.0,9.0,18.0,21.0,3.0,7.0,132,174,6.0,7.9091
2018,R Vinay Kumar,12.0,30.0,0.0,15.0,12.0,35.0,2.0,17.5,24,65,2.0,16.25
2018,RA Jadeja,30.0,38.0,2.0,7.6,24.0,46.0,0.0,11.5,246,310,11.0,7.561
2018,Rashid Khan,30.0,42.0,1.0,8.4,114.0,158.0,4.0,8.3158,408,466,21.0,6.8529
2018,S Gopal,6.0,14.0,0.0,14.0,6.0,4.0,1.0,4.0,186,239,11.0,7.7097
2018,S Kaul,96.0,148.0,5.0,9.25,169.0,222.0,10.0,7.8817,397,558,21.0,8.4332
2018,S Lamichhane,24.0,26.0,2.0,6.5,12.0,15.0,0.0,7.5,72,86,5.0,7.1667
2018,S Nadeem,48.0,86.0,0.0,10.75,0.0,0.0,0.0,0.0,90,162,3.0,10.8
2018,SN Thakur,96.0,117.0,3.0,7.3125,118.0,231.0,10.0,11.7458,280,433,16.0,9.2786
2018,SP Narine,108.0,147.0,2.0,8.1667,90.0,140.0,3.0,9.3333,366,473,17.0,7.7541
2018,SR Watson,66.0,106.0,1.0,9.6364,18.0,34.0,1.0,11.3333,168,252,6.0,9.0
2018,STR Binny,7.0,14.0,0.0,12.0,0.0,0.0,0.0,0.0,13,33,0.0,15.2308
2018,Sandeep Sharma,150.0,178.0,4.0,7.12,12.0,9.0,4.0,4.5,264,334,12.0,7.5909
2018,Shakib Al Hasan,78.0,110.0,5.0,8.4615,24.0,41.0,0.0,10.25,342,458,14.0,8.0351
2018,Shivam Mavi,78.0,125.0,1.0,9.6154,43.0,96.0,1.0,13.3953,169,273,5.0,9.6923
2018,TA Boult,168.0,224.0,6.0,8.0,113.0,183.0,10.0,9.7168,317,476,18.0,9.0095
2018,TG Southee,90.0,129.0,2.0,8.6,67.0,115.0,3.0,10.2985,175,263,5.0,9.0171
2018,TK Curran,12.0,23.0,1.0,11.5,26.0,42.0,4.0,9.6923,63,118,6.0,11.2381
2018,UT Yadav,186.0,215.0,14.0,6.9355,39.0,87.0,1.0,13.3846,321,424,20.0,7.9252
2018,V Shankar,0.0,0.0,0.0,0.0,0.0,0.0,0.0,0.0,31,58,1.0,11.2258
2018,Washington Sundar,36.0,77.0,0.0,12.8333,6.0,5.0,0.0,5.0,120,194,4.0,9.7
2018,YK Pathan,0.0,0.0,0.0,0.0,0.0,0.0,0.0,0.0,12,14,1.0,7.0
2018,YS Chahal,78.0,77.0,4.0,5.9231,31.0,63.0,2.0,12.1935,303,374,12.0,7.4059
2018,Yuvraj Singh,0.0,0.0,0.0,0.0,0.0,0.0,0.0,0.0,12,23,0.0,11.5
2019,A Mishra,0.0,0.0,0.0,0.0,18.0,33.0,1.0,11.0,240,271,10.0,6.775
2019,AD Russell,48.0,86.0,2.0,10.75,43.0,70.0,4.0,9.7674,181,288,11.0,9.547
2019,AJ Tye,24.0,50.0,1.0,12.5,54.0,102.0,2.0,11.3333,132,233,3.0,10.5909
2019,AR Patel,66.0,84.0,0.0,7.6364,36.0,58.0,2.0,9.6667,306,368,10.0,7.2157
2019,AS Joseph,24.0,34.0,1.0,8.5,10.0,10.0,4.0,6.0,52,89,6.0,10.2692
2019,AS Rajpoot,56.0,87.0,0.0,9.3214,19.0,29.0,3.0,9.1579,101,157,3.0,9.3267
2019,AS Roy,0.0,0.0,0.0,0.0,0.0,0.0,0.0,0.0,12,11,1.0,5.5
2019,Abhishek Sharma,0.0,0.0,0.0,0.0,0.0,0.0,0.0,0.0,13,21,1.0,9.6923
2019,Arshdeep Singh,42.0,80.0,1.0,11.4286,12.0,24.0,2.0,12.0,60,117,3.0,11.7
2019,Avesh Khan,6.0,12.0,0.0,12.0,0.0,0.0,0.0,0.0,18,30,0.0,10.0
2019,B Kumar,180.0,185.0,3.0,6.1667,145.0,234.0,9.0,9.6828,355,466,13.0,7.8761
2019,BA Stokes,18.0,40.0,1.0,13.3333,37.0,84.0,4.0,13.6216,102,200,6.0,11.7647
2019,BB Sran,18.0,38.0,0.0,12.6667,0.0,0.0,0.0,0.0,24,51,0.0,12.75
2019,BCJ Cutting,0.0,0.0,0.0,0.0,0.0,0.0,0.0,0.0,12,27,1.0,13.5
2019,Basil Thampi,0.0,0.0,0.0,0.0,13.0,36.0,0.0,16.6154,73,115,0.0,9.4521
2019,C de Grandhomme,0.0,0.0,0.0,0.0,0.0,0.0,0.0,0.0,30,55,0.0,11.0
2019,CH Morris,66.0,109.0,2.0,9.9091,92.0,126.0,10.0,8.2174,200,314,13.0,9.42
2019,CR Brathwaite,6.0,5.0,0.0,5.0,0.0,0.0,0.0,0.0,18,29,0.0,9.6667
2019,CV Varun,6.0,25.0,0.0,25.0,0.0,0.0,0.0,0.0,18,35,1.0,11.6667
2019,DJ Bravo,6.0,8.0,0.0,8.0,110.0,168.0,10.0,9.1636,249,336,11.0,8.0964
2019,DJ Hooda,0.0,0.0,0.0,0.0,0.0,0.0,0.0,0.0,12,21,0.0,10.5
2019,DL Chahar,301.0,370.0,15.0,7.3754,59.0,79.0,7.0,8.0339,390,486,22.0,7.4769
2019,DS Kulkarni,144.0,196.0,3.0,8.1667,31.0,78.0,2.0,15.0968,211,336,6.0,9.5545
2019,DW Steyn,36.0,43.0,4.0,7.1667,12.0,31.0,0.0,15.5,48,74,4.0,9.25
2019,GC Viljoen,36.0,55.0,2.0,9.1667,42.0,92.0,2.0,13.1429,138,229,7.0,9.9565
2019,GH Vihari,0.0,0.0,0.0,0.0,0.0,0.0,0.0,0.0,6,9,0.0,9.0
2019,HF Gurney,66.0,66.0,2.0,6.0,55.0,111.0,4.0,12.1091,163,239,7.0,8.7975
2019,HH Pandya,36.0,48.0,1.0,8.0,63.0,143.0,6.0,13.619,256,397,14.0,9.3047
2019,HV Patel,6.0,6.0,1.0,6.0,12.0,27.0,0.0,13.5,49,77,2.0,9.4286
2019,Harbhajan Singh,150.0,193.0,9.0,7.72,18.0,16.0,2.0,5.3333,264,315,16.0,7.1591
2019,Harpreet Brar,12.0,24.0,0.0,12.0,0.0,0.0,0.0,0.0,30,48,0.0,9.6
2019,I Sharma,204.0,241.0,8.0,7.0882,42.0,73.0,4.0,10.4286,276,364,13.0,7.913
2019,IS Sodhi,12.0,17.0,2.0,8.5,1.0,6.0,0.0,36.0,43,67,4.0,9.3488
2019,Imran Tahir,6.0,14.0,0.0,14.0,80.0,122.0,2.0,9.15,386,440,26.0,6.8394
2019,J Suchith,12.0,5.0,1.0,2.5,0.0,0.0,0.0,0.0,24,28,2.0,7.0
2019,J Yadav,19.0,22.0,1.0,6.9474,0.0,0.0,0.0,0.0,43,50,1.0,6.9767
2019,JC Archer,96.0,82.0,3.0,5.125,115.0,177.0,7.0,9.2348,260,306,11.0,7.0615
2019,JD Unadkat,48.0,59.0,2.0,7.375,86.0,188.0,6.0,13.1163,224,404,10.0,10.8214
2019,JJ Bumrah,115.0,110.0,2.0,5.7391,180.0,242.0,13.0,8.0667,374,425,19.0,6.8182
2019,JP Behrendorff,78.0,123.0,3.0,9.4615,6.0,17.0,0.0,17.0,114,168,5.0,8.8421
2019,K Gowtham,54.0,88.0,0.0,9.7778,0.0,0.0,0.0,0.0,120,171,1.0,8.55
2019,K Khejroliya,6.0,18.0,0.0,18.0,6.0,5.0,1.0,5.0,30,47,1.0,9.4
2019,K Rabada,102.0,137.0,3.0,8.0588,138.0,205.0,19.0,8.913,282,375,25.0,7.9787
2019,KC Cariappa,6.0,20.0,0.0,20.0,0.0,0.0,0.0,0.0,12,34,0.0,17.0
2019,KH Pandya,66.0,79.0,3.0,7.1818,30.0,45.0,2.0,9.0,276,337,12.0,7.3261
2019,KK Ahmed,114.0,171.0,7.0,9.0,53.0,67.0,7.0,7.5849,209,292,19.0,8.3828
2019,KMA Paul,7.0,16.0,0.0,13.7143,50.0,78.0,4.0,9.36,168,239,9.0,8.5357
2019,KV Sharma,0.0,0.0,0.0,0.0,5.0,13.0,1.0,15.6,17,33,1.0,11.6471
2019,Kuldeep Yadav,0.0,0.0,0.0,0.0,36.0,59.0,4.0,9.8333,198,286,4.0,8.6667
2019,LH Ferguson,42.0,68.0,1.0,9.7143,42.0,86.0,1.0,12.2857,102,185,2.0,10.8824
2019,LS Livingstone,0.0,0.0,0.0,0.0,0.0,0.0,0.0,0.0,6,13,0.0,13.0
2019,M Ashwin,6.0,9.0,0.0,9.0,12.0,17.0,1.0,8.5,205,257,5.0,7.522
2019,M Markande,0.0,0.0,0.0,0.0,0.0,0.0,0.0,0.0,36,59,1.0,9.8333
2019,M Prasidh Krishna,122.0,169.0,2.0,8.3115,76.0,153.0,1.0,12.0789,246,384,4.0,9.3659
2019,MJ McClenaghan,54.0,80.0,2.0,8.8889,18.0,27.0,1.0,9.0,108,143,3.0,7.9444
2019,MJ Santner,25.0,37.0,2.0,8.88,12.0,10.0,1.0,5.0,85,94,4.0,6.6353
2019,MM Ali,18.0,17.0,0.0,5.6667,18.0,34.0,0.0,11.3333,150,169,6.0,6.76
2019,MM Sharma,6.0,1.0,0.0,1.0,6.0,16.0,1.0,16.0,18,27,1.0,9.0
2019,MP Stoinis,0.0,0.0,0.0,0.0,16.0,44.0,0.0,16.5,100,147,2.0,8.82
2019,Mandeep Singh,0.0,0.0,0.0,0.0,0.0,0.0,0.0,0.0,12,26,0.0,13.0
2019,Mohammad Nabi,72.0,59.0,5.0,4.9167,13.0,29.0,0.0,13.3846,175,201,8.0,6.8914
2019,Mohammed Shami,150.0,191.0,3.0,7.64,133.0,219.0,14.0,9.8797,325,477,19.0,8.8062
2019,Mohammed Siraj,42.0,71.0,0.0,10.1429,74.0,126.0,5.0,10.2162,171,271,7.0,9.5088
2019,Mujeeb Ur Rahman,48.0,77.0,1.0,9.625,18.0,46.0,2.0,15.3333,114,193,3.0,10.1579
2019,N Rana,0.0,0.0,0.0,0.0,6.0,5.0,1.0,5.0,48,73,3.0,9.125
2019,Navdeep Saini,140.0,200.0,3.0,8.5714,92.0,143.0,8.0,9.3261,293,410,11.0,8.3959
2019,O Thomas,37.0,58.0,2.0,9.4054,13.0,18.0,2.0,8.3077,62,85,5.0,8.2258
2019,P Negi,0.0,0.0,0.0,0.0,7.0,23.0,0.0,19.7143,67,103,3.0,9.2239
2019,P Ray Barman,0.0,0.0,0.0,0.0,6.0,20.0,0.0,20.0,24,56,0.0,14.0
2019,PP Chawla,60.0,79.0,1.0,7.9,33.0,66.0,2.0,12.0,267,405,10.0,9.1011
2019,R Ashwin,66.0,91.0,2.0,8.2727,36.0,33.0,3.0,5.5,330,400,15.0,7.2727
2019,R Parag,6.0,10.0,1.0,10.0,0.0,0.0,0.0,0.0,84,121,2.0,8.6429
2019,R Tewatia,0.0,0.0,0.0,0.0,2.0,0.0,1.0,0.0,38,42,2.0,6.6316
2019,RA Jadeja,18.0,23.0,0.0,7.6667,54.0,44.0,5.0,4.8889,324,347,15.0,6.4259
2019,RD Chahar,42.0,52.0,3.0,7.4286,6.0,3.0,0.0,3.0,282,310,13.0,6.5957
2019,Rashid Khan,42.0,50.0,2.0,7.1429,66.0,87.0,6.0,7.9091,360,387,17.0,6.45
2019,Rasikh Salam,14.0,17.0,0.0,7.2857,6.0,21.0,0.0,21.0,26,42,0.0,9.6923
2019,S Dube,0.0,0.0,0.0,0.0,4.0,3.0,0.0,4.5,10,8,0.0,4.8
2019,S Gopal,30.0,40.0,5.0,8.0,37.0,44.0,4.0,7.1351,289,350,20.0,7.2664
2019,S Kaul,24.0,42.0,0.0,10.5,43.0,81.0,2.0,11.3023,164,243,6.0,8.8902
2019,S Lamichhane,48.0,78.0,3.0,9.75,18.0,37.0,1.0,12.3333,138,211,8.0,9.1739
2019,S Midhun,0.0,0.0,0.0,0.0,0.0,0.0,0.0,0.0,12,29,0.0,14.5
2019,S Nadeem,6.0,18.0,0.0,18.0,6.0,13.0,1.0,13.0,54,91,2.0,10.1111
2019,S Sandeep Warrier,55.0,66.0,2.0,7.2,0.0,0.0,0.0,0.0,73,86,2.0,7.0685
2019,SC Kuggeleijn,6.0,11.0,0.0,11.0,24.0,33.0,2.0,8.25,48,71,2.0,8.875
2019,SE Rutherford,0.0,0.0,0.0,0.0,5.0,2.0,0.0,2.4,41,60,1.0,8.7805
2019,SK Raina,0.0,0.0,0.0,0.0,0.0,0.0,0.0,0.0,6,6,0.0,6.0
2019,SL Malinga,115.0,158.0,2.0,8.2435,119.0,226.0,12.0,11.395,271,452,16.0,10.0074
2019,SM Curran,60.0,98.0,1.0,9.8,72.0,127.0,8.0,10.5833,199,325,10.0,9.799
2019,SN Khan,0.0,0.0,0.0,0.0,2.0,6.0,0.0,18.0,2,6,0.0,18.0
2019,SN Thakur,96.0,155.0,3.0,9.6875,66.0,116.0,3.0,10.5455,180,285,8.0,9.5
2019,SP Narine,90.0,77.0,6.0,5.1333,50.0,83.0,2.0,9.96,266,353,10.0,7.9624
2019,STR Binny,12.0,6.0,0.0,3.0,0.0,0.0,0.0,0.0,42,44,1.0,6.2857
2019,Sandeep Sharma,78.0,120.0,1.0,9.2308,76.0,95.0,8.0,7.5,256,355,12.0,8.3203
2019,Shakib Al Hasan,24.0,25.0,1.0,6.25,5.0,18.0,0.0,21.6,65,95,2.0,8.7692
2019,TA Boult,60.0,65.0,0.0,6.5,42.0,85.0,3.0,12.1429,114,163,5.0,8.5789
2019,TG Southee,42.0,83.0,1.0,11.8571,12.0,40.0,0.0,20.0,54,123,1.0,13.6667
2019,UT Yadav,126.0,183.0,4.0,8.7143,60.0,132.0,3.0,13.2,228,375,8.0,9.8684
2019,V Shankar,0.0,0.0,0.0,0.0,19.0,29.0,0.0,9.1579,49,70,1.0,8.5714
2019,VR Aaron,42.0,63.0,2.0,9.0,12.0,23.0,2.0,11.5,72,128,4.0,10.6667
2019,Washington Sundar,6.0,10.0,0.0,10.0,6.0,4.0,1.0,4.0,54,75,4.0,8.3333
2019,Y Prithvi Raj,12.0,33.0,0.0,16.5,0.0,0.0,0.0,0.0,30,57,1.0,11.4
2019,YK Pathan,0.0,0.0,0.0,0.0,0.0,0.0,0.0,0.0,6,8,0.0,8.0
2019,YS Chahal,74.0,85.0,2.0,6.8919,48.0,63.0,6.0,7.875,296,394,18.0,7.9865
2020,A Mishra,0.0,0.0,0.0,0.0,0.0,0.0,0.0,0.0,61,72,3.0,7.082
2020,A Nortje,162.0,224.0,6.0,8.2963,142.0,214.0,10.0,9.0423,366,529,22.0,8.6721
2020,A Zampa,0.0,0.0,0.0,0.0,6.0,27.0,0.0,27.0,66,92,2.0,8.3636
2020,AD Russell,18.0,22.0,0.0,7.3333,62.0,113.0,5.0,10.9355,110,178,6.0,9.7091
2020,AJ Tye,6.0,8.0,0.0,8.0,13.0,35.0,1.0,16.1538,25,54,1.0,12.96
2020,AR Patel,66.0,70.0,4.0,6.3636,12.0,12.0,0.0,6.0,306,329,9.0,6.451
2020,AS Rajpoot,67.0,126.0,0.0,11.2836,31.0,68.0,1.0,13.1613,104,206,2.0,11.8846
2020,Abdul Samad,0.0,0.0,0.0,0.0,6.0,20.0,0.0,20.0,42,96,1.0,13.7143
2020,Abhishek Sharma,0.0,0.0,0.0,0.0,6.0,11.0,0.0,11.0,60,92,2.0,9.2
2020,Arshdeep Singh,78.0,103.0,3.0,7.9231,47.0,77.0,6.0,9.8298,150,219,9.0,8.76
2020,Avesh Khan,6.0,12.0,0.0,12.0,6.0,10.0,0.0,10.0,24,42,0.0,10.5
2020,B Kumar,49.0,38.0,2.0,4.6531,31.0,51.0,1.0,9.871,86,100,3.0,6.9767
2020,BA Stokes,25.0,52.0,0.0,12.48,36.0,70.0,1.0,11.6667,92,159,2.0,10.3696
2020,Basil Thampi,12.0,20.0,0.0,10.0,12.0,26.0,1.0,13.0,24,46,1.0,11.5
2020,CH Gayle,0.0,0.0,0.0,0.0,5.0,5.0,0.0,6.0,5,5,0.0,6.0
2020,CH Morris,90.0,96.0,2.0,6.4,64.0,82.0,8.0,7.6875,190,212,11.0,6.6947
2020,CJ Green,12.0,16.0,0.0,8.0,5.0,8.0,0.0,9.6,17,24,0.0,8.4706
2020,CJ Jordan,30.0,54.0,1.0,10.8,94.0,178.0,6.0,11.3617,190,309,9.0,9.7579
2020,CV Varun,42.0,43.0,1.0,6.1429,48.0,69.0,3.0,8.625,312,357,17.0,6.8654
2020,DA Warner,0.0,0.0,0.0,0.0,0.0,0.0,0.0,0.0,1,2,0.0,12.0
2020,DJ Bravo,0.0,0.0,0.0,0.0,48.0,73.0,5.0,9.125,126,180,6.0,8.5714
2020,DJ Hooda,0.0,0.0,0.0,0.0,0.0,0.0,0.0,0.0,6,10,0.0,10.0
2020,DL Chahar,222.0,281.0,7.0,7.5946,42.0,60.0,4.0,8.5714,312,402,12.0,7.7308
2020,DR Sams,31.0,38.0,0.0,7.3548,18.0,44.0,0.0,14.6667,73,114,0.0,9.3699
2020,DS Kulkarni,12.0,13.0,0.0,6.5,0.0,0.0,0.0,0.0,18,22,0.0,7.3333
2020,DW Steyn,36.0,50.0,0.0,8.3333,22.0,58.0,1.0,15.8182,70,134,1.0,11.4857
2020,GJ Maxwell,30.0,44.0,1.0,8.8,6.0,21.0,0.0,21.0,126,171,3.0,8.1429
2020,HV Patel,18.0,31.0,0.0,10.3333,18.0,25.0,1.0,8.3333,91,135,3.0,8.9011
2020,Harpreet Brar,6.0,7.0,0.0,7.0,0.0,0.0,0.0,0.0,24,41,0.0,10.25
2020,I Sharma,12.0,12.0,0.0,6.0,0.0,0.0,0.0,0.0,18,26,0.0,8.6667
2020,I Udana,54.0,104.0,2.0,11.5556,60.0,95.0,3.0,9.5,174,286,8.0,9.8621
2020,Imran Tahir,6.0,5.0,0.0,5.0,6.0,12.0,0.0,12.0,66,78,1.0,7.0909
2020,J Yadav,18.0,11.0,1.0,3.6667,6.0,7.0,0.0,7.0,42,43,1.0,6.1429
2020,JC Archer,156.0,113.0,10.0,4.3462,126.0,211.0,6.0,10.0476,336,373,20.0,6.6607
2020,JD Unadkat,60.0,84.0,1.0,8.4,42.0,92.0,3.0,13.1429,138,229,4.0,9.9565
2020,JDS Neesham,24.0,37.0,1.0,9.25,12.0,40.0,0.0,20.0,90,149,2.0,9.9333
2020,JJ Bumrah,103.0,105.0,7.0,6.1165,162.0,220.0,14.0,8.1481,361,420,27.0,6.9806
2020,JL Pattinson,102.0,149.0,4.0,8.7647,39.0,60.0,4.0,9.2308,213,321,11.0,9.0423
2020,JO Holder,78.0,116.0,2.0,8.9231,54.0,81.0,9.0,9.0,168,239,14.0,8.5357
2020,JR Hazlewood,42.0,39.0,1.0,5.5714,12.0,25.0,0.0,12.5,60,72,1.0,7.2
2020,K Gowtham,6.0,12.0,0.0,12.0,6.0,25.0,0.0,25.0,48,84,1.0,10.5
2020,K Rabada,138.0,185.0,2.0,8.0435,142.0,216.0,20.0,9.1268,396,563,30.0,8.5303
2020,KA Pollard,0.0,0.0,0.0,0.0,24.0,34.0,2.0,8.5,126,190,4.0,9.0476
2020,KH Pandya,66.0,69.0,2.0,6.2727,19.0,30.0,1.0,9.4737,301,387,6.0,7.7143
2020,KK Ahmed,90.0,133.0,4.0,8.8667,46.0,84.0,3.0,10.9565,154,245,8.0,9.5455
2020,KL Nagarkoti,24.0,29.0,0.0,7.25,30.0,58.0,1.0,11.6,156,233,5.0,8.9615
2020,KS Williamson,0.0,0.0,0.0,0.0,0.0,0.0,0.0,0.0,12,24,0.0,12.0
2020,KV Sharma,0.0,0.0,0.0,0.0,18.0,46.0,1.0,15.3333,114,165,5.0,8.6842
2020,Kartik Tyagi,72.0,129.0,3.0,10.75,80.0,140.0,4.0,10.5,230,372,9.0,9.7043
2020,Kuldeep Yadav,0.0,0.0,0.0,0.0,18.0,21.0,1.0,7.0,73,95,1.0,7.8082
2020,L Ngidi,24.0,41.0,1.0,10.25,50.0,104.0,6.0,12.48,98,169,9.0,10.3469
2020,LH Ferguson,6.0,9.0,0.0,9.0,36.0,57.0,2.0,9.5,120,151,6.0,7.55
2020,M Ashwin,18.0,29.0,0.0,9.6667,27.0,40.0,3.0,8.8889,189,240,10.0,7.619
2020,M Prasidh Krishna,68.0,105.0,0.0,9.2647,18.0,28.0,2.0,9.3333,107,165,4.0,9.2523
2020,MJ Santner,12.0,22.0,0.0,11.0,0.0,0.0,0.0,0.0,42,53,2.0,7.5714
2020,MM Ali,0.0,0.0,0.0,0.0,0.0,0.0,0.0,0.0,30,42,1.0,8.4
2020,MM Sharma,13.0,14.0,1.0,6.4615,6.0,17.0,0.0,17.0,25,45,1.0,10.8
2020,MP Stoinis,30.0,37.0,3.0,7.4,64.0,112.0,8.0,10.5,178,287,13.0,9.6742
2020,MR Marsh,4.0,6.0,0.0,9.0,0.0,0.0,0.0,0.0,4,6,0.0,9.0
2020,Mohammad Nabi,0.0,0.0,0.0,0.0,0.0,0.0,0.0,0.0,24,24,0.0,6.0
2020,Mohammed Shami,186.0,241.0,7.0,7.7742,94.0,190.0,11.0,12.1277,323,474,20.0,8.805
2020,Mohammed Siraj,78.0,97.0,7.0,7.4615,50.0,94.0,2.0,11.28,164,244,11.0,8.9268
2020,Monu Kumar,6.0,7.0,0.0,7.0,7.0,13.0,0.0,11.1429,13,20,0.0,9.2308
2020,Mujeeb Ur Rahman,12.0,12.0,0.0,6.0,0.0,0.0,0.0,0.0,48,83,0.0,10.375
2020,N Rana,0.0,0.0,0.0,0.0,0.0,0.0,0.0,0.0,12,23,0.0,11.5
2020,NM Coulter-Nile,42.0,51.0,1.0,7.2857,54.0,89.0,2.0,9.8889,156,206,5.0,7.9231
2020,Navdeep Saini,108.0,125.0,3.0,6.9444,77.0,124.0,2.0,9.6623,276,385,6.0,8.3696
2020,P Dubey,0.0,0.0,0.0,0.0,6.0,11.0,0.0,11.0,48,72,0.0,9.0
2020,PJ Cummins,210.0,242.0,8.0,6.9143,60.0,113.0,3.0,11.3,312,424,12.0,8.1538
2020,PP Chawla,6.0,3.0,1.0,3.0,18.0,30.0,0.0,10.0,127,191,6.0,9.0236
2020,R Ashwin,102.0,119.0,7.0,7.0,24.0,27.0,0.0,6.75,306,393,13.0,7.7059
2020,R Parag,0.0,0.0,0.0,0.0,0.0,0.0,0.0,0.0,12,27,0.0,13.5
2020,R Tewatia,0.0,0.0,0.0,0.0,6.0,13.0,0.0,13.0,278,327,10.0,7.0576
2020,RA Jadeja,0.0,0.0,0.0,0.0,20.0,41.0,1.0,12.3,218,318,6.0,8.7523
2020,RD Chahar,18.0,31.0,0.0,10.3333,24.0,22.0,2.0,5.5,318,439,15.0,8.283
2020,Rashid Khan,0.0,0.0,0.0,0.0,42.0,48.0,1.0,6.8571,384,352,20.0,5.5
2020,Ravi Bishnoi,30.0,51.0,0.0,10.2,54.0,50.0,5.0,5.5556,306,381,12.0,7.4706
2020,S Dube,0.0,0.0,0.0,0.0,30.0,48.0,3.0,9.6,54,75,4.0,8.3333
2020,S Gopal,54.0,66.0,2.0,7.3333,6.0,7.0,0.0,7.0,300,429,10.0,8.58
2020,S Kaul,12.0,28.0,1.0,14.0,6.0,21.0,1.0,21.0,25,64,2.0,15.36
2020,S Nadeem,25.0,37.0,1.0,8.88,0.0,0.0,0.0,0.0,135,179,5.0,7.9556
2020,S Sandeep Warrier,12.0,24.0,0.0,12.0,0.0,0.0,0.0,0.0,18,34,0.0,11.3333
2020,SM Curran,144.0,167.0,3.0,6.9583,80.0,140.0,8.0,10.5,254,348,13.0,8.2205
2020,SN Thakur,42.0,63.0,1.0,9.0,80.0,118.0,5.0,8.85,196,279,10.0,8.5408
2020,SP Narine,36.0,63.0,0.0,10.5,48.0,76.0,3.0,9.5,228,308,5.0,8.1053
2020,SS Cottrell,84.0,108.0,4.0,7.7143,18.0,48.0,2.0,16.0,120,177,6.0,8.85
2020,Sandeep Sharma,204.0,219.0,9.0,6.4412,78.0,118.0,3.0,9.0769,312,374,14.0,7.1923
2020,Shahbaz Ahmed,0.0,0.0,0.0,0.0,6.0,6.0,1.0,6.0,36,45,2.0,7.5
2020,Shivam Mavi,78.0,100.0,4.0,7.6923,42.0,67.0,3.0,9.5714,156,214,9.0,8.2308
2020,T Natarajan,96.0,108.0,3.0,6.75,155.0,265.0,12.0,10.2581,378,520,16.0,8.254
2020,TA Boult,216.0,242.0,16.0,6.7222,110.0,191.0,7.0,10.4182,344,458,25.0,7.9884
2020,TK Curran,24.0,41.0,0.0,10.25,61.0,127.0,2.0,12.4918,110,210,3.0,11.4545
2020,TU Deshpande,36.0,62.0,1.0,10.3333,24.0,45.0,1.0,11.25,103,193,3.0,11.2427
2020,UT Yadav,24.0,39.0,0.0,9.75,0.0,0.0,0.0,0.0,43,86,0.0,12.0
2020,V Shankar,10.0,14.0,0.0,8.4,6.0,8.0,1.0,8.0,81,82,4.0,6.0741
2020,VR Aaron,43.0,82.0,0.0,11.4419,7.0,14.0,0.0,12.0,50,96,0.0,11.52
2020,Washington Sundar,127.0,128.0,4.0,6.0472,18.0,25.0,2.0,8.3333,301,300,8.0,5.9801
2020,YS Chahal,24.0,41.0,1.0,10.25,68.0,108.0,4.0,9.5294,345,414,21.0,7.2
2021,A Mishra,6.0,10.0,0.0,10.0,12.0,16.0,1.0,8.0,84,109,6.0,7.7857
2021,A Nortje,84.0,84.0,6.0,6.0,68.0,78.0,4.0,6.8824,182,198,12.0,6.5275
2021,AD Russell,0.0,0.0,0.0,0.0,60.0,111.0,8.0,11.1,114,189,11.0,9.9474
2021,AF Milne,42.0,71.0,2.0,10.1429,18.0,34.0,1.0,11.3333,85,135,3.0,9.5294
2021,AK Markram,18.0,18.0,0.0,6.0,0.0,0.0,0.0,0.0,24,23,0.0,5.75
2021,AR Patel,54.0,66.0,2.0,7.3333,30.0,38.0,4.0,7.6,276,308,15.0,6.6957
2021,AU Rashid,0.0,0.0,0.0,0.0,0.0,0.0,0.0,0.0,18,35,0.0,11.6667
2021,Abdul Samad,0.0,0.0,0.0,0.0,0.0,0.0,0.0,0.0,6,9,1.0,9.0
2021,Abhishek Sharma,18.0,22.0,0.0,7.3333,0.0,0.0,0.0,0.0,60,66,4.0,6.6
2021,Akash Singh,12.0,18.0,0.0,9.0,6.0,17.0,0.0,17.0,24,39,0.0,9.75
2021,Arshdeep Singh,114.0,141.0,8.0,7.4211,92.0,146.0,8.0,9.5217,248,348,18.0,8.4194
2021,Avesh Khan,132.0,144.0,6.0,6.5455,163.0,244.0,12.0,8.9816,367,466,24.0,7.6185
2021,B Kumar,144.0,143.0,4.0,5.9583,90.0,162.0,2.0,10.8,252,337,6.0,8.0238
2021,BA Stokes,0.0,0.0,0.0,0.0,0.0,0.0,0.0,0.0,6,12,0.0,12.0
2021,C Sakariya,138.0,162.0,3.0,7.0435,92.0,150.0,6.0,9.7826,316,434,14.0,8.2405
2021,CH Morris,84.0,122.0,2.0,8.7143,90.0,162.0,10.0,10.8,246,396,15.0,9.6585
2021,CJ Jordan,6.0,17.0,0.0,17.0,24.0,38.0,1.0,9.5,72,103,4.0,8.5833
2021,CR Woakes,42.0,38.0,3.0,5.4286,25.0,47.0,2.0,11.28,67,85,5.0,7.6119
2021,CV Varun,109.0,113.0,5.0,6.2202,55.0,67.0,2.0,7.3091,411,456,18.0,6.6569
2021,DJ Bravo,0.0,0.0,0.0,0.0,118.0,165.0,9.0,8.3898,202,264,14.0,7.8416
2021,DJ Hooda,18.0,18.0,1.0,6.0,24.0,49.0,0.0,12.25,96,136,2.0,8.5
2021,DL Chahar,240.0,335.0,10.0,8.375,30.0,37.0,1.0,7.4,324,453,14.0,8.3889
2021,DR Sams,24.0,23.0,0.0,5.75,6.0,6.0,0.0,6.0,36,39,1.0,6.5
2021,DS Kulkarni,12.0,17.0,0.0,8.5,12.0,31.0,0.0,15.5,24,48,0.0,12.0
2021,DT Christian,6.0,15.0,0.0,15.0,16.0,20.0,0.0,7.5,100,156,4.0,9.36
2021,FA Allen,12.0,21.0,0.0,10.5,0.0,0.0,0.0,0.0,66,90,1.0,8.1818
2021,GD Phillips,0.0,0.0,0.0,0.0,0.0,0.0,0.0,0.0,12,20,1.0,10.0
2021,GHS Garton,62.0,108.0,1.0,10.4516,18.0,17.0,1.0,5.6667,92,136,3.0,8.8696
2021,GJ Maxwell,24.0,42.0,0.0,10.5,6.0,8.0,0.0,8.0,96,135,3.0,8.4375
2021,HV Patel,31.0,37.0,1.0,7.1613,162.0,243.0,21.0,9.0,345,461,32.0,8.0174
2021,Harbhajan Singh,31.0,34.0,0.0,6.5806,6.0,18.0,0.0,18.0,43,63,0.0,8.7907
2021,Harpreet Brar,6.0,8.0,0.0,8.0,0.0,0.0,0.0,0.0,138,142,5.0,6.1739
2021,I Sharma,48.0,49.0,1.0,6.125,12.0,25.0,0.0,12.5,72,98,1.0,8.1667
2021,IC Porel,12.0,26.0,0.0,13.0,0.0,0.0,0.0,0.0,24,42,1.0,10.5
2021,Imran Tahir,0.0,0.0,0.0,0.0,0.0,0.0,0.0,0.0,24,16,2.0,4.0
2021,J Suchith,6.0,3.0,0.0,3.0,0.0,0.0,0.0,0.0,42,66,0.0,9.4286
2021,J Yadav,30.0,53.0,1.0,10.6,0.0,0.0,0.0,0.0,102,131,2.0,7.7059
2021,JA Richardson,24.0,41.0,0.0,10.25,12.0,27.0,1.0,13.5,66,122,3.0,11.0909
2021,JD Unadkat,84.0,96.0,3.0,6.8571,0.0,0.0,0.0,0.0,132,168,4.0,7.6364
2021,JDS Neesham,0.0,0.0,0.0,0.0,0.0,0.0,0.0,0.0,54,68,5.0,7.5556
2021,JJ Bumrah,120.0,150.0,3.0,7.5,149.0,184.0,12.0,7.4094,335,422,21.0,7.5582
2021,JO Holder,66.0,86.0,3.0,7.8182,59.0,81.0,10.0,8.2373,191,248,16.0,7.7906
2021,JR Hazlewood,126.0,184.0,4.0,8.7619,42.0,63.0,4.0,9.0,210,302,11.0,8.6286
2021,Jalaj S Saxena,6.0,10.0,0.0,10.0,0.0,0.0,0.0,0.0,18,27,0.0,9.0
2021,K Rabada,102.0,127.0,4.0,7.4706,104.0,185.0,6.0,10.6731,339,464,15.0,8.2124
2021,K Yadav,6.0,13.0,0.0,13.0,0.0,0.0,0.0,0.0,12,17,0.0,8.5
2021,KA Jamieson,104.0,152.0,4.0,8.7692,37.0,82.0,2.0,13.2973,171,271,9.0,9.5088
2021,KA Pollard,0.0,0.0,0.0,0.0,8.0,16.0,0.0,12.0,80,95,5.0,7.125
2021,KH Pandya,67.0,73.0,3.0,6.5373,25.0,35.0,1.0,8.4,201,267,5.0,7.9701
2021,KK Ahmed,61.0,86.0,1.0,8.459,42.0,64.0,3.0,9.1429,163,225,5.0,8.2822
2021,KL Nagarkoti,0.0,0.0,0.0,0.0,0.0,0.0,0.0,0.0,12,25,0.0,12.5
2021,KM Asif,0.0,0.0,0.0,0.0,1.0,2.0,0.0,12.0,14,18,1.0,7.7143
2021,KW Richardson,6.0,10.0,0.0,10.0,6.0,8.0,1.0,8.0,18,29,1.0,9.6667
2021,Kartik Tyagi,43.0,58.0,1.0,8.093,18.0,28.0,2.0,9.3333,85,125,4.0,8.8235
2021,L Ngidi,18.0,33.0,1.0,11.0,24.0,48.0,3.0,12.0,72,129,5.0,10.75
2021,LH Ferguson,78.0,84.0,5.0,6.4615,55.0,72.0,6.0,7.8545,182,226,13.0,7.4505
2021,LI Meriwala,13.0,28.0,0.0,12.9231,0.0,0.0,0.0,0.0,19,32,1.0,10.1053
2021,Lalit Yadav,6.0,10.0,1.0,10.0,0.0,0.0,0.0,0.0,84,101,4.0,7.2143
2021,M Ashwin,0.0,0.0,0.0,0.0,12.0,24.0,0.0,12.0,67,100,1.0,8.9552
2021,M Jansen,19.0,31.0,0.0,9.7895,6.0,7.0,0.0,7.0,37,47,2.0,7.6216
2021,M Markande,0.0,0.0,0.0,0.0,0.0,0.0,0.0,0.0,18,26,0.0,8.6667
2021,M Prasidh Krishna,62.0,81.0,2.0,7.8387,82.0,152.0,4.0,11.122,239,357,12.0,8.9623
2021,MC Henriques,30.0,24.0,1.0,4.8,6.0,6.0,0.0,6.0,60,47,4.0,4.7
2021,MK Lomror,12.0,11.0,1.0,5.5,0.0,0.0,0.0,0.0,42,47,1.0,6.7143
2021,MM Ali,0.0,0.0,0.0,0.0,14.0,11.0,0.0,4.7143,153,163,6.0,6.3922
2021,MP Stoinis,24.0,31.0,1.0,7.75,6.0,23.0,0.0,23.0,68,124,2.0,10.9412
2021,Mohammad Nabi,18.0,28.0,0.0,9.3333,6.0,3.0,2.0,3.0,48,86,2.0,10.75
2021,Mohammed Shami,174.0,177.0,4.0,6.1034,102.0,161.0,12.0,9.4706,318,400,19.0,7.5472
2021,Mohammed Siraj,192.0,216.0,4.0,6.75,90.0,115.0,6.0,7.6667,312,366,11.0,7.0385
2021,Mujeeb Ur Rahman,6.0,13.0,0.0,13.0,6.0,8.0,1.0,8.0,24,30,2.0,7.5
2021,Mustafizur Rahman,108.0,147.0,3.0,8.1667,125.0,204.0,6.0,9.792,313,448,14.0,8.5879
2021,N Rana,6.0,5.0,0.0,5.0,0.0,0.0,0.0,0.0,12,12,0.0,6.0
2021,NM Coulter-Nile,30.0,41.0,2.0,8.2,49.0,50.0,4.0,6.1224,121,131,7.0,6.4959
2021,NT Ellis,18.0,18.0,0.0,6.0,24.0,43.0,1.0,10.75,66,91,1.0,8.2727
2021,Navdeep Saini,19.0,40.0,0.0,12.6316,0.0,0.0,0.0,0.0,25,53,0.0,12.72
2021,PJ Cummins,54.0,73.0,1.0,8.1111,47.0,71.0,5.0,9.0638,161,237,9.0,8.8323
2021,PP Chawla,6.0,16.0,0.0,16.0,0.0,0.0,0.0,0.0,24,38,1.0,9.5
2021,PWH de Silva,12.0,19.0,0.0,9.5,6.0,11.0,0.0,11.0,36,60,0.0,10.0
2021,R Ashwin,60.0,78.0,1.0,7.8,17.0,33.0,3.0,11.6471,269,334,7.0,7.4498
2021,R Parag,0.0,0.0,0.0,0.0,1.0,4.0,0.0,24.0,37,73,1.0,11.8378
2021,R Tewatia,0.0,0.0,0.0,0.0,6.0,5.0,0.0,5.0,222,342,7.0,9.2432
2021,RA Jadeja,0.0,0.0,0.0,0.0,6.0,8.0,0.0,8.0,296,347,13.0,7.0338
2021,RD Chahar,6.0,3.0,0.0,3.0,12.0,22.0,1.0,11.0,258,324,13.0,7.5349
2021,RG Sharma,0.0,0.0,0.0,0.0,1.0,4.0,0.0,24.0,7,13,0.0,11.1429
2021,RP Meredith,42.0,60.0,1.0,8.5714,19.0,49.0,1.0,15.4737,103,171,4.0,9.9612
2021,RV Patel,0.0,0.0,0.0,0.0,6.0,11.0,0.0,11.0,18,22,0.0,7.3333
2021,Rashid Khan,30.0,42.0,2.0,8.4,54.0,64.0,4.0,7.1111,336,390,18.0,6.9643
2021,Ravi Bishnoi,24.0,26.0,2.0,6.5,24.0,22.0,3.0,5.5,216,240,12.0,6.6667
2021,S Dube,0.0,0.0,0.0,0.0,0.0,0.0,0.0,0.0,30,53,0.0,10.6
2021,S Gopal,18.0,27.0,0.0,9.0,0.0,0.0,0.0,0.0,42,84,0.0,12.0
2021,S Kaul,48.0,77.0,1.0,9.625,72.0,98.0,6.0,8.1667,181,253,7.0,8.3867
2021,S Nadeem,6.0,10.0,0.0,10.0,0.0,0.0,0.0,0.0,24,36,1.0,9.0
2021,S Sandeep Warrier,12.0,15.0,0.0,7.5,0.0,0.0,0.0,0.0,12,15,0.0,7.5
2021,SM Curran,121.0,165.0,4.0,8.1818,61.0,127.0,4.0,12.4918,200,332,9.0,9.96
2021,SN Thakur,72.0,102.0,6.0,8.5,126.0,199.0,9.0,9.4762,361,531,21.0,8.8255
2021,SP Narine,60.0,103.0,0.0,10.3,49.0,51.0,5.0,6.2449,338,369,16.0,6.5503
2021,Sandeep Sharma,78.0,87.0,0.0,6.6923,10.0,30.0,1.0,18.0,142,204,3.0,8.6197
2021,Shahbaz Ahmed,18.0,23.0,0.0,7.6667,18.0,14.0,3.0,4.6667,84,92,7.0,6.5714
2021,Shakib Al Hasan,66.0,81.0,2.0,7.3636,0.0,0.0,0.0,0.0,156,188,4.0,7.2308
2021,Shivam Mavi,104.0,123.0,3.0,7.0962,50.0,82.0,4.0,9.84,196,242,11.0,7.4082
2021,T Natarajan,12.0,23.0,0.0,11.5,24.0,32.0,2.0,8.0,48,70,2.0,8.75
2021,T Shamsi,0.0,0.0,0.0,0.0,0.0,0.0,0.0,0.0,24,34,0.0,8.5
2021,TA Boult,175.0,203.0,5.0,6.96,92.0,158.0,7.0,10.3043,309,409,13.0,7.9417
2021,TG Southee,36.0,45.0,1.0,7.5,30.0,38.0,2.0,7.6,72,95,3.0,7.9167
2021,TK Curran,6.0,3.0,0.0,3.0,26.0,64.0,1.0,14.7692,68,104,4.0,9.1765
2021,Umran Malik,12.0,25.0,0.0,12.5,12.0,24.0,0.0,12.0,72,96,2.0,8.0
2021,V Shankar,0.0,0.0,0.0,0.0,18.0,28.0,1.0,9.3333,67,100,3.0,8.9552
2021,VR Iyer,0.0,0.0,0.0,0.0,21.0,31.0,2.0,8.8571,52,71,3.0,8.1923
2021,Washington Sundar,18.0,25.0,1.0,8.3333,0.0,0.0,0.0,0.0,96,119,3.0,7.4375
2021,YS Chahal,30.0,42.0,0.0,8.4,36.0,44.0,5.0,7.3333,318,381,18.0,7.1887
2022,A Badoni,0.0,0.0,0.0,0.0,0.0,0.0,0.0,0.0,12,12,2.0,6.0
2022,A Nortje,62.0,94.0,3.0,9.0968,45.0,70.0,5.0,9.3333,138,219,9.0,9.5217
2022,AD Russell,24.0,29.0,3.0,7.25,73.0,141.0,8.0,11.589,170,282,17.0,9.9529
2022,AF Milne,12.0,12.0,0.0,6.0,3.0,7.0,0.0,14.0,15,19,0.0,7.6
2022,AJ Tye,24.0,37.0,0.0,9.25,24.0,47.0,2.0,11.75,66,113,2.0,10.2727
2022,AK Markram,0.0,0.0,0.0,0.0,0.0,0.0,0.0,0.0,36,64,1.0,10.6667
2022,AR Patel,48.0,58.0,2.0,7.25,18.0,31.0,0.0,10.3333,258,323,6.0,7.5116
2022,AS Joseph,54.0,95.0,1.0,10.5556,54.0,79.0,4.0,8.7778,181,269,7.0,8.9171
2022,AS Roy,18.0,24.0,0.0,8.0,0.0,0.0,0.0,0.0,42,55,1.0,7.8571
2022,Abdul Samad,0.0,0.0,0.0,0.0,0.0,0.0,0.0,0.0,6,8,0.0,8.0
2022,Abhishek Sharma,0.0,0.0,0.0,0.0,0.0,0.0,0.0,0.0,24,39,0.0,9.75
2022,Akash Deep,31.0,45.0,2.0,8.7097,18.0,57.0,1.0,19.0,115,206,5.0,10.7478
2022,Aman Hakim Khan,0.0,0.0,0.0,0.0,0.0,0.0,0.0,0.0,6,13,0.0,13.0
2022,Arshdeep Singh,109.0,148.0,3.0,8.1468,133.0,180.0,4.0,8.1203,304,402,10.0,7.9342
2022,Avesh Khan,114.0,155.0,7.0,8.1579,106.0,192.0,5.0,10.8679,287,423,18.0,8.8432
2022,B Kumar,170.0,181.0,3.0,6.3882,127.0,192.0,9.0,9.0709,315,394,12.0,7.5048
2022,Basil Thampi,42.0,59.0,0.0,8.4286,18.0,41.0,2.0,13.6667,96,158,5.0,9.875
2022,C Sakariya,30.0,30.0,2.0,6.0,18.0,30.0,1.0,10.0,66,87,3.0,7.9091
2022,CJ Jordan,24.0,23.0,0.0,5.75,37.0,74.0,2.0,12.0,79,136,2.0,10.3291
2022,CV Varun,30.0,43.0,0.0,8.6,36.0,59.0,1.0,9.8333,237,338,5.0,8.557
2022,D Brevis,0.0,0.0,0.0,0.0,3.0,8.0,1.0,16.0,3,8,1.0,16.0
2022,D Pretorius,0.0,0.0,0.0,0.0,60.0,129.0,2.0,12.9,126,213,6.0,10.1429
2022,DG Nalkande,0.0,0.0,0.0,0.0,1.0,6.0,0.0,36.0,31,59,2.0,11.4194
2022,DJ Bravo,12.0,19.0,0.0,9.5,100.0,157.0,11.0,9.42,209,303,16.0,8.6986
2022,DJ Hooda,0.0,0.0,0.0,0.0,6.0,22.0,0.0,22.0,24,43,1.0,10.75
2022,DJ Mitchell,0.0,0.0,0.0,0.0,0.0,0.0,0.0,0.0,12,27,0.0,13.5
2022,DJ Willey,60.0,61.0,1.0,6.1,0.0,0.0,0.0,0.0,66,75,1.0,6.8182
2022,DR Sams,126.0,153.0,8.0,7.2857,43.0,101.0,1.0,14.093,253,375,13.0,8.8933
2022,FA Allen,6.0,11.0,1.0,11.0,0.0,0.0,0.0,0.0,24,46,1.0,11.5
2022,Fazalhaq Farooqi,30.0,29.0,1.0,5.8,18.0,48.0,0.0,16.0,72,110,2.0,9.1667
2022,GJ Maxwell,60.0,62.0,3.0,6.2,6.0,7.0,0.0,7.0,144,166,6.0,6.9167
2022,HH Pandya,67.0,63.0,2.0,5.6418,27.0,46.0,2.0,10.2222,184,226,8.0,7.3696
2022,HR Shokeen,24.0,26.0,1.0,6.5,6.0,24.0,1.0,24.0,90,130,2.0,8.6667
2022,HV Patel,6.0,9.0,0.0,9.0,141.0,220.0,10.0,9.3617,321,421,19.0,7.8692
2022,Harpreet Brar,18.0,34.0,0.0,11.3333,6.0,11.0,0.0,11.0,96,148,4.0,9.25
2022,Harshit Rana,12.0,23.0,1.0,11.5,0.0,0.0,0.0,0.0,31,52,1.0,10.0645
2022,J Suchith,18.0,27.0,1.0,9.0,6.0,17.0,1.0,17.0,108,141,7.0,7.8333
2022,JD Unadkat,36.0,46.0,0.0,7.6667,42.0,91.0,3.0,13.0,120,191,6.0,9.55
2022,JDS Neesham,6.0,12.0,0.0,12.0,0.0,0.0,0.0,0.0,18,29,0.0,9.6667
2022,JJ Bumrah,127.0,145.0,5.0,6.8504,116.0,149.0,7.0,7.7069,321,392,15.0,7.3271
2022,JO Holder,78.0,117.0,1.0,9.0,90.0,164.0,7.0,10.9333,249,399,14.0,9.6145
2022,JR Hazlewood,150.0,172.0,7.0,6.88,105.0,185.0,10.0,10.5714,279,380,20.0,8.172
2022,K Gowtham,12.0,22.0,0.0,11.0,6.0,16.0,0.0,16.0,72,101,5.0,8.4167
2022,K Kartikeya,6.0,16.0,1.0,16.0,0.0,0.0,0.0,0.0,78,103,5.0,7.9231
2022,K Rabada,162.0,228.0,10.0,8.4444,79.0,121.0,10.0,9.1899,291,414,23.0,8.5361
2022,KA Pollard,0.0,0.0,0.0,0.0,18.0,45.0,1.0,15.0,84,130,4.0,9.2857
2022,KH Pandya,48.0,83.0,1.0,10.375,12.0,17.0,2.0,8.5,228,269,10.0,7.0789
2022,KK Ahmed,108.0,110.0,4.0,6.1111,74.0,126.0,6.0,10.2162,236,315,16.0,8.0085
2022,KL Nagarkoti,6.0,16.0,0.0,16.0,0.0,0.0,0.0,0.0,12,29,0.0,14.5
2022,KR Sen,24.0,34.0,2.0,8.5,43.0,92.0,3.0,12.8372,151,240,8.0,9.5364
2022,Kartik Tyagi,13.0,28.0,0.0,12.9231,13.0,20.0,1.0,9.2308,50,79,1.0,9.48
2022,Kuldeep Yadav,0.0,0.0,0.0,0.0,34.0,45.0,6.0,7.9412,298,420,21.0,8.4564
2022,LH Ferguson,54.0,76.0,6.0,8.4444,95.0,172.0,3.0,10.8632,287,433,12.0,9.0523
2022,LS Livingstone,12.0,10.0,1.0,5.0,12.0,21.0,0.0,10.5,138,202,6.0,8.7826
2022,Lalit Yadav,42.0,48.0,1.0,6.8571,13.0,22.0,1.0,10.1538,109,152,4.0,8.367
2022,M Ashwin,54.0,69.0,2.0,7.6667,6.0,3.0,0.0,3.0,174,233,9.0,8.0345
2022,M Jansen,126.0,158.0,5.0,7.5238,18.0,41.0,1.0,13.6667,192,278,7.0,8.6875
2022,M Markande,0.0,0.0,0.0,0.0,0.0,0.0,0.0,0.0,42,61,1.0,8.7143
2022,M Pathirana,0.0,0.0,0.0,0.0,17.0,30.0,0.0,10.5882,41,56,2.0,8.1951
2022,M Prasidh Krishna,217.0,249.0,10.0,6.8848,137.0,238.0,7.0,10.4234,402,564,19.0,8.4179
2022,M Theekshana,90.0,123.0,6.0,8.2,42.0,42.0,4.0,6.0,210,267,12.0,7.6286
2022,MJ Santner,42.0,51.0,0.0,7.2857,0.0,0.0,0.0,0.0,114,135,4.0,7.1053
2022,MK Lomror,0.0,0.0,0.0,0.0,0.0,0.0,0.0,0.0,12,18,0.0,9.0
2022,MM Ali,12.0,7.0,0.0,3.5,6.0,4.0,0.0,4.0,143,159,8.0,6.6713
2022,MP Stoinis,0.0,0.0,0.0,0.0,12.0,32.0,2.0,16.0,42,79,4.0,11.2857
2022,MR Marsh,6.0,1.0,0.0,1.0,12.0,29.0,1.0,14.5,72,102,4.0,8.5
2022,Mohammed Shami,240.0,267.0,11.0,6.675,84.0,152.0,8.0,10.8571,366,491,20.0,8.0492
2022,Mohammed Siraj,187.0,319.0,5.0,10.2353,68.0,151.0,1.0,13.3235,309,525,9.0,10.1942
2022,Mohsin Khan,96.0,89.0,6.0,5.5625,48.0,69.0,5.0,8.625,198,202,14.0,6.1212
2022,Mukesh Choudhary,192.0,274.0,11.0,8.5625,39.0,89.0,2.0,13.6923,273,425,16.0,9.3407
2022,Mustafizur Rahman,84.0,87.0,2.0,6.2143,96.0,149.0,6.0,9.3125,192,248,8.0,7.75
2022,N Rana,0.0,0.0,0.0,0.0,0.0,0.0,0.0,0.0,12,23,0.0,11.5
2022,NM Coulter-Nile,0.0,0.0,0.0,0.0,7.0,25.0,0.0,21.4286,19,49,0.0,15.4737
2022,NT Ellis,12.0,17.0,0.0,8.5,13.0,27.0,2.0,12.4615,37,57,3.0,9.2432
2022,Navdeep Saini,7.0,16.0,1.0,13.7143,6.0,5.0,1.0,5.0,37,73,3.0,11.8378
2022,OC McCoy,12.0,14.0,0.0,7.0,59.0,84.0,8.0,8.5424,157,242,11.0,9.2484
2022,OF Smith,18.0,21.0,1.0,7.0,18.0,46.0,3.0,15.3333,91,179,6.0,11.8022
2022,PH Solanki,0.0,0.0,0.0,0.0,12.0,15.0,1.0,7.5,36,39,2.0,6.5
2022,PJ Cummins,42.0,74.0,1.0,10.5714,41.0,99.0,2.0,14.4878,119,219,7.0,11.042
2022,PJ Sangwan,24.0,20.0,1.0,5.0,0.0,0.0,0.0,0.0,54,66,3.0,7.3333
2022,PVD Chameera,145.0,202.0,7.0,8.3586,60.0,111.0,2.0,11.1,266,393,9.0,8.8647
2022,PWH de Silva,18.0,37.0,0.0,12.3333,72.0,103.0,7.0,8.5833,342,439,26.0,7.7018
2022,R Ashwin,78.0,102.0,3.0,7.8462,42.0,61.0,2.0,8.7143,403,506,12.0,7.5335
2022,R Dhawan,24.0,31.0,2.0,7.75,6.0,15.0,1.0,15.0,114,164,6.0,8.6316
2022,R Parag,0.0,0.0,0.0,0.0,6.0,14.0,0.0,14.0,24,59,1.0,14.75
2022,R Powell,0.0,0.0,0.0,0.0,0.0,0.0,0.0,0.0,6,17,0.0,17.0
2022,R Sai Kishore,0.0,0.0,0.0,0.0,12.0,20.0,2.0,10.0,96,122,6.0,7.625
2022,R Sanjay Yadav,6.0,8.0,0.0,8.0,0.0,0.0,0.0,0.0,12,23,0.0,11.5
2022,R Shepherd,12.0,15.0,1.0,7.5,12.0,23.0,1.0,11.5,54,98,3.0,10.8889
2022,R Tewatia,0.0,0.0,0.0,0.0,6.0,9.0,0.0,9.0,36,76,0.0,12.6667
2022,RA Jadeja,0.0,0.0,0.0,0.0,12.0,15.0,2.0,7.5,198,252,5.0,7.6364
2022,RD Chahar,0.0,0.0,0.0,0.0,46.0,62.0,6.0,8.087,280,365,14.0,7.8214
2022,RP Meredith,42.0,55.0,1.0,7.8571,60.0,96.0,6.0,9.6,168,241,8.0,8.6071
2022,Ramandeep Singh,0.0,0.0,0.0,0.0,18.0,32.0,4.0,10.6667,36,55,6.0,9.1667
2022,Rashid Khan,36.0,58.0,0.0,9.6667,72.0,71.0,8.0,5.9167,383,428,19.0,6.705
2022,Rasikh Salam,18.0,20.0,0.0,6.6667,0.0,0.0,0.0,0.0,24,28,0.0,7.0
2022,Ravi Bishnoi,24.0,30.0,0.0,7.5,54.0,106.0,4.0,11.7778,327,462,13.0,8.4771
2022,S Dube,0.0,0.0,0.0,0.0,6.0,25.0,0.0,25.0,12,40,0.0,20.0
2022,S Gopal,0.0,0.0,0.0,0.0,0.0,0.0,0.0,0.0,18,34,1.0,11.3333
2022,S Kaul,6.0,14.0,0.0,14.0,12.0,21.0,0.0,10.5,24,43,0.0,10.75
2022,SA Abbott,12.0,17.0,1.0,8.5,6.0,18.0,0.0,18.0,24,47,1.0,11.75
2022,SN Thakur,121.0,177.0,4.0,8.7769,104.0,209.0,8.0,12.0577,291,485,15.0,10.0
2022,SP Narine,48.0,54.0,0.0,6.75,60.0,47.0,2.0,4.7,336,319,9.0,5.6964
2022,SS Iyer,0.0,0.0,0.0,0.0,6.0,7.0,0.0,7.0,6,7,0.0,7.0
2022,Sandeep Sharma,72.0,66.0,1.0,5.5,18.0,49.0,0.0,16.3333,120,156,2.0,7.8
2022,Shahbaz Ahmed,60.0,93.0,0.0,9.3,0.0,0.0,0.0,0.0,211,341,4.0,9.6967
2022,Shashank Singh,0.0,0.0,0.0,0.0,0.0,0.0,0.0,0.0,12,20,0.0,10.0
2022,Shivam Mavi,42.0,73.0,1.0,10.4286,56.0,107.0,4.0,11.4643,134,229,5.0,10.2537
2022,Simarjeet Singh,91.0,127.0,3.0,8.3736,12.0,12.0,1.0,6.0,109,143,4.0,7.8716
2022,T Natarajan,66.0,104.0,6.0,9.4545,114.0,210.0,10.0,11.0526,258,410,18.0,9.5349
2022,TA Boult,258.0,306.0,10.0,7.1163,60.0,131.0,2.0,13.1,372,501,16.0,8.0806
2022,TG Southee,84.0,99.0,4.0,7.0714,73.0,120.0,7.0,9.863,211,284,14.0,8.0758
2022,TS Mills,30.0,48.0,3.0,9.6,24.0,49.0,2.0,12.25,102,192,6.0,11.2941
2022,TU Deshpande,30.0,44.0,0.0,8.8,0.0,0.0,0.0,0.0,42,67,1.0,9.5714
2022,Tilak Varma,6.0,7.0,0.0,7.0,0.0,0.0,0.0,0.0,12,13,0.0,6.5
2022,UT Yadav,189.0,213.0,8.0,6.7619,19.0,36.0,1.0,11.3684,293,354,16.0,7.2491
2022,Umran Malik,13.0,42.0,0.0,19.3846,37.0,48.0,5.0,7.7838,299,455,22.0,9.1304
2022,V Shankar,0.0,0.0,0.0,0.0,3.0,1.0,0.0,2.0,9,15,0.0,10.0
2022,VG Arora,78.0,105.0,3.0,8.0769,11.0,29.0,0.0,15.8182,107,165,3.0,9.2523
2022,VR Aaron,12.0,19.0,1.0,9.5,6.0,9.0,1.0,9.0,30,53,2.0,10.6
2022,VR Iyer,0.0,0.0,0.0,0.0,12.0,24.0,0.0,12.0,24,46,0.0,11.5
2022,Washington Sundar,49.0,62.0,3.0,7.5918,18.0,52.0,0.0,17.3333,169,239,6.0,8.4852
2022,YBK Jaiswal,0.0,0.0,0.0,0.0,1.0,6.0,0.0,36.0,1,6,0.0,36.0
2022,YS Chahal,12.0,10.0,0.0,5.0,108.0,157.0,14.0,8.7222,408,536,27.0,7.8824
2022,Yash Dayal,90.0,140.0,5.0,9.3333,55.0,80.0,3.0,8.7273,195,296,11.0,9.1077
2023,A Badoni,1.0,0.0,0.0,0.0,0.0,0.0,0.0,0.0,1,0,0.0,0.0
2023,A Mishra,0.0,0.0,0.0,0.0,24.0,40.0,3.0,10.0,114,151,7.0,7.9474
2023,A Nortje,86.0,126.0,5.0,8.7907,114.0,188.0,5.0,9.8947,243,370,10.0,9.1358
2023,A Zampa,36.0,39.0,2.0,6.5,24.0,37.0,3.0,9.25,132,189,8.0,8.5909
2023,AD Russell,39.0,73.0,4.0,11.2308,31.0,61.0,2.0,11.8065,94,173,7.0,11.0426
2023,AJ Hosein,18.0,31.0,0.0,10.3333,0.0,0.0,0.0,0.0,24,41,1.0,10.25
2023,AK Markram,12.0,17.0,0.0,8.5,1.0,1.0,0.0,6.0,49,71,1.0,8.6939
2023,AR Patel,66.0,86.0,2.0,7.8182,6.0,17.0,0.0,17.0,282,344,11.0,7.3191
2023,AS Joseph,12.0,18.0,0.0,9.0,42.0,71.0,4.0,10.1429,144,226,7.0,9.4167
2023,AS Roy,0.0,0.0,0.0,0.0,6.0,6.0,1.0,6.0,48,65,3.0,8.125
2023,AU Rashid,0.0,0.0,0.0,0.0,6.0,10.0,0.0,10.0,42,56,2.0,8.0
2023,Abhishek Sharma,6.0,12.0,0.0,12.0,6.0,31.0,1.0,31.0,72,127,2.0,10.5833
2023,Akash Deep,13.0,25.0,1.0,11.5385,6.0,12.0,0.0,12.0,32,63,1.0,11.8125
2023,Akash Madhwal,30.0,36.0,3.0,7.2,72.0,95.0,6.0,7.9167,158,222,14.0,8.4304
2023,Akash Singh,90.0,144.0,3.0,9.6,6.0,10.0,1.0,10.0,114,188,5.0,9.8947
2023,Arjun Tendulkar,42.0,47.0,1.0,6.7143,12.0,36.0,1.0,18.0,60,95,3.0,9.5
2023,Arshad Khan,42.0,90.0,1.0,12.8571,25.0,70.0,2.0,16.8,85,192,5.0,13.5529
2023,Arshdeep Singh,132.0,228.0,6.0,10.3636,101.0,161.0,8.0,9.5644,305,497,17.0,9.777
2023,Avesh Khan,72.0,131.0,0.0,10.9167,72.0,117.0,7.0,9.75,174,287,8.0,9.8966
2023,B Kumar,168.0,216.0,7.0,7.7143,114.0,176.0,9.0,9.2632,306,432,16.0,8.4706
2023,BA Stokes,6.0,18.0,0.0,18.0,0.0,0.0,0.0,0.0,6,18,0.0,18.0
2023,C Green,91.0,138.0,2.0,9.0989,48.0,109.0,2.0,13.625,229,370,6.0,9.6943
2023,C Sakariya,18.0,14.0,1.0,4.6667,19.0,57.0,1.0,18.0,49,89,3.0,10.898
2023,CJ Jordan,36.0,56.0,1.0,9.3333,60.0,119.0,2.0,11.9,132,241,3.0,10.9545
2023,CV Varun,96.0,138.0,5.0,8.625,76.0,115.0,4.0,9.0789,316,445,20.0,8.4494
2023,D Jansen,6.0,16.0,0.0,16.0,12.0,24.0,1.0,12.0,24,53,1.0,13.25
2023,D Pretorius,0.0,0.0,0.0,0.0,12.0,20.0,0.0,10.0,24,29,0.0,7.25
2023,D Wiese,12.0,23.0,0.0,11.5,0.0,0.0,0.0,0.0,18,38,0.0,12.6667
2023,DG Nalkande,13.0,22.0,0.0,10.1538,0.0,0.0,0.0,0.0,25,45,1.0,10.8
2023,DJ Hooda,0.0,0.0,0.0,0.0,0.0,0.0,0.0,0.0,6,8,0.0,8.0
2023,DJ Willey,54.0,55.0,2.0,6.1111,18.0,33.0,0.0,11.0,90,106,3.0,7.0667
2023,DL Chahar,162.0,228.0,10.0,8.4444,24.0,57.0,0.0,14.25,204,302,13.0,8.8824
2023,Fazalhaq Farooqi,42.0,65.0,2.0,9.2857,14.0,23.0,1.0,9.8571,80,119,4.0,8.925
2023,GD Phillips,6.0,4.0,1.0,4.0,0.0,0.0,0.0,0.0,18,20,1.0,6.6667
2023,GJ Maxwell,18.0,21.0,1.0,7.0,8.0,17.0,1.0,12.75,62,95,3.0,9.1935
2023,Gurnoor Brar,13.0,18.0,0.0,8.3077,0.0,0.0,0.0,0.0,20,42,0.0,12.6
2023,H Sharma,0.0,0.0,0.0,0.0,0.0,0.0,0.0,0.0,18,33,0.0,11.0
2023,HH Pandya,103.0,175.0,3.0,10.1942,0.0,0.0,0.0,0.0,151,241,3.0,9.5762
2023,HR Shokeen,30.0,41.0,1.0,8.2,0.0,0.0,0.0,0.0,116,190,3.0,9.8276
2023,HV Patel,0.0,0.0,0.0,0.0,129.0,237.0,11.0,11.0233,287,468,14.0,9.784
2023,Harpreet Brar,48.0,74.0,0.0,9.25,25.0,51.0,2.0,12.24,163,219,9.0,8.0613
2023,Harshit Rana,85.0,117.0,4.0,8.2588,6.0,21.0,0.0,21.0,103,153,5.0,8.9126
2023,I Sharma,102.0,137.0,6.0,8.0588,25.0,49.0,2.0,11.76,151,210,10.0,8.3444
2023,J Little,66.0,88.0,2.0,8.0,54.0,90.0,0.0,10.0,204,296,7.0,8.7059
2023,J Yadav,12.0,16.0,0.0,8.0,6.0,3.0,0.0,3.0,24,26,0.0,6.5
2023,JC Archer,55.0,81.0,0.0,8.8364,30.0,70.0,1.0,14.0,122,202,2.0,9.9344
2023,JD Unadkat,24.0,34.0,0.0,8.5,18.0,44.0,0.0,14.6667,48,92,0.0,11.5
2023,JE Root,0.0,0.0,0.0,0.0,0.0,0.0,0.0,0.0,12,15,0.0,7.5
2023,JO Holder,30.0,45.0,0.0,9.0,75.0,138.0,1.0,11.04,171,290,4.0,10.1754
2023,JP Behrendorff,162.0,214.0,8.0,7.9259,54.0,110.0,5.0,12.2222,252,395,14.0,9.4048
2023,JR Hazlewood,36.0,51.0,2.0,8.5,7.0,8.0,1.0,6.8571,56,76,3.0,8.1429
2023,K Gowtham,36.0,56.0,2.0,9.3333,6.0,4.0,0.0,4.0,96,118,3.0,7.375
2023,K Kartikeya,0.0,0.0,0.0,0.0,24.0,49.0,0.0,12.25,156,231,5.0,8.8846
2023,K Khejroliya,12.0,27.0,0.0,13.5,16.0,37.0,2.0,13.875,28,64,2.0,13.7143
2023,K Rabada,73.0,114.0,4.0,9.3699,38.0,81.0,1.0,12.7895,141,243,7.0,10.3404
2023,K Yadav,12.0,13.0,0.0,6.5,12.0,28.0,2.0,14.0,42,68,2.0,9.7143
2023,KH Pandya,114.0,154.0,2.0,8.1053,12.0,10.0,0.0,5.0,252,320,9.0,7.619
2023,KK Ahmed,108.0,133.0,2.0,7.3889,68.0,135.0,6.0,11.9118,200,309,9.0,9.27
2023,KM Asif,18.0,35.0,0.0,11.6667,19.0,45.0,0.0,14.2105,85,139,3.0,9.8118
2023,KR Mayers,37.0,43.0,0.0,6.973,0.0,0.0,0.0,0.0,44,59,0.0,8.0455
2023,KR Sen,6.0,3.0,0.0,3.0,0.0,0.0,0.0,0.0,19,29,0.0,9.1579
2023,KV Sharma,0.0,0.0,0.0,0.0,12.0,22.0,2.0,11.0,129,229,10.0,10.6512
2023,Kartik Tyagi,20.0,49.0,1.0,14.7,8.0,15.0,0.0,11.25,41,92,1.0,13.4634
2023,Kuldeep Yadav,0.0,0.0,0.0,0.0,48.0,55.0,1.0,6.875,294,366,10.0,7.4694
2023,LH Ferguson,12.0,21.0,0.0,10.5,17.0,38.0,1.0,13.4118,48,98,1.0,12.25
2023,LS Livingstone,0.0,0.0,0.0,0.0,0.0,0.0,0.0,0.0,42,94,2.0,13.4286
2023,Lalit Yadav,30.0,40.0,0.0,8.0,12.0,24.0,0.0,12.0,78,120,2.0,9.2308
2023,M Ashwin,0.0,0.0,0.0,0.0,7.0,11.0,0.0,9.4286,25,53,0.0,12.72
2023,M Jansen,116.0,171.0,7.0,8.8448,7.0,17.0,0.0,14.5714,167,273,10.0,9.8084
2023,M Markande,0.0,0.0,0.0,0.0,36.0,60.0,2.0,10.0,228,300,12.0,7.8947
2023,M Pathirana,0.0,0.0,0.0,0.0,177.0,247.0,18.0,8.3729,279,386,19.0,8.3011
2023,M Theekshana,84.0,123.0,3.0,8.7857,60.0,81.0,4.0,8.1,294,401,11.0,8.1837
2023,MA Wood,25.0,40.0,2.0,9.6,42.0,78.0,7.0,11.1429,97,142,11.0,8.7835
2023,MG Bracewell,12.0,13.0,3.0,6.5,0.0,0.0,0.0,0.0,66,95,6.0,8.6364
2023,MJ Santner,12.0,18.0,0.0,9.0,6.0,7.0,0.0,7.0,72,82,3.0,6.8333
2023,MK Lomror,0.0,0.0,0.0,0.0,0.0,0.0,0.0,0.0,12,17,0.0,8.5
2023,MM Ali,12.0,10.0,2.0,5.0,6.0,3.0,1.0,3.0,156,198,9.0,7.6154
2023,MM Sharma,18.0,28.0,0.0,9.3333,115.0,169.0,14.0,8.8174,265,362,27.0,8.1962
2023,MP Stoinis,17.0,33.0,1.0,11.6471,12.0,22.0,2.0,11.0,65,101,5.0,9.3231
2023,MR Marsh,12.0,14.0,2.0,7.0,19.0,32.0,3.0,10.1053,122,172,12.0,8.459
2023,MW Short,12.0,14.0,0.0,7.0,0.0,0.0,0.0,0.0,24,25,0.0,6.25
2023,Mayank Dagar,6.0,9.0,0.0,9.0,12.0,12.0,0.0,6.0,66,83,1.0,7.5455
2023,Mohammed Shami,265.0,335.0,17.0,7.5849,91.0,151.0,9.0,9.956,392,532,28.0,8.1429
2023,Mohammed Siraj,180.0,192.0,10.0,6.4,80.0,139.0,8.0,10.425,302,395,19.0,7.8477
2023,Mohit Rathee,0.0,0.0,0.0,0.0,0.0,0.0,0.0,0.0,12,29,0.0,14.5
2023,Mohsin Khan,24.0,62.0,0.0,15.5,24.0,27.0,3.0,6.75,60,111,3.0,11.1
2023,Mukesh Kumar,72.0,103.0,1.0,8.5833,78.0,154.0,5.0,11.8462,187,328,7.0,10.5241
2023,Mustafizur Rahman,12.0,23.0,0.0,11.5,18.0,35.0,1.0,11.6667,42,79,1.0,11.2857
2023,N Rana,6.0,26.0,0.0,26.0,17.0,22.0,1.0,7.7647,53,75,3.0,8.4906
2023,NT Ellis,60.0,74.0,4.0,7.4,72.0,132.0,5.0,11.0,230,342,13.0,8.9217
2023,Navdeep Saini,6.0,12.0,1.0,12.0,13.0,31.0,0.0,14.3077,39,75,3.0,11.5385
2023,Naveen-ul-Haq,66.0,82.0,2.0,7.4545,80.0,124.0,6.0,9.3,170,227,11.0,8.0118
2023,Nithish Kumar Reddy,12.0,19.0,0.0,9.5,0.0,0.0,0.0,0.0,31,54,0.0,10.4516
2023,Noor Ahmad,30.0,42.0,0.0,8.4,43.0,53.0,4.0,7.3953,284,375,15.0,7.9225
2023,OC McCoy,0.0,0.0,0.0,0.0,6.0,13.0,0.0,13.0,6,13,0.0,13.0
2023,P Dubey,0.0,0.0,0.0,0.0,0.0,0.0,0.0,0.0,18,19,1.0,6.3333
2023,PP Chawla,60.0,83.0,2.0,8.3,18.0,18.0,0.0,6.0,366,499,20.0,8.1803
2023,PWH de Silva,30.0,43.0,4.0,8.6,12.0,4.0,2.0,2.0,174,259,9.0,8.931
2023,R Ashwin,78.0,111.0,1.0,8.5385,30.0,25.0,2.0,5.0,294,370,14.0,7.551
2023,R Dhawan,36.0,49.0,1.0,8.1667,0.0,0.0,0.0,0.0,42,64,1.0,9.1429
2023,R Goyal,0.0,0.0,0.0,0.0,0.0,0.0,0.0,0.0,24,34,0.0,8.5
2023,R Powell,0.0,0.0,0.0,0.0,7.0,14.0,0.0,12.0,13,18,1.0,8.3077
2023,R Tewatia,0.0,0.0,0.0,0.0,7.0,7.0,0.0,6.0,13,15,0.0,6.9231
2023,RA Jadeja,0.0,0.0,0.0,0.0,12.0,33.0,0.0,16.5,342,432,20.0,7.5789
2023,RD Chahar,6.0,9.0,0.0,9.0,34.0,57.0,2.0,10.0588,298,388,8.0,7.8121
2023,RJW Topley,12.0,14.0,1.0,7.0,0.0,0.0,0.0,0.0,12,14,1.0,7.0
2023,RP Meredith,24.0,43.0,0.0,10.75,53.0,99.0,5.0,11.2075,119,209,7.0,10.5378
2023,RS Hangargekar,7.0,12.0,1.0,10.2857,12.0,16.0,1.0,8.0,37,60,3.0,9.7297
2023,Rashid Khan,72.0,115.0,2.0,9.5833,78.0,116.0,10.0,8.9231,402,557,27.0,8.3134
2023,Ravi Bishnoi,12.0,16.0,0.0,8.0,46.0,68.0,4.0,8.8696,305,394,16.0,7.7508
2023,SM Curran,114.0,167.0,0.0,8.7895,102.0,177.0,7.0,10.4118,288,497,10.0,10.3542
2023,SN Thakur,24.0,51.0,1.0,12.75,47.0,89.0,3.0,11.3617,128,222,7.0,10.4062
2023,SP Narine,42.0,69.0,2.0,9.8571,48.0,69.0,3.0,8.625,288,389,11.0,8.1042
2023,SSB Magala,12.0,28.0,0.0,14.0,12.0,10.0,1.0,5.0,36,52,1.0,8.6667
2023,Sandeep Sharma,153.0,195.0,2.0,7.6471,91.0,144.0,8.0,9.4945,280,398,10.0,8.5286
2023,Shahbaz Ahmed,12.0,41.0,0.0,20.5,6.0,19.0,0.0,19.0,42,95,1.0,13.5714
2023,Sikandar Raza,12.0,28.0,0.0,14.0,0.0,0.0,0.0,0.0,73,124,3.0,10.1918
2023,Suyash Sharma,18.0,22.0,3.0,7.3333,37.0,68.0,1.0,11.027,235,330,10.0,8.4255
2023,Swapnil Singh,0.0,0.0,0.0,0.0,0.0,0.0,0.0,0.0,12,18,0.0,9.0
2023,T Natarajan,72.0,104.0,2.0,8.6667,132.0,219.0,8.0,9.9545,270,416,10.0,9.2444
2023,T Stubbs,0.0,0.0,0.0,0.0,6.0,5.0,0.0,5.0,12,14,1.0,7.0
2023,TA Boult,156.0,180.0,10.0,6.9231,30.0,65.0,1.0,13.0,228,316,13.0,8.3158
2023,TG Southee,24.0,51.0,1.0,12.75,6.0,15.0,0.0,15.0,36,79,2.0,13.1667
2023,TU Deshpande,195.0,261.0,7.0,8.0308,138.0,301.0,11.0,13.087,345,580,21.0,10.087
2023,Tilak Varma,0.0,0.0,0.0,0.0,0.0,0.0,0.0,0.0,6,7,0.0,7.0
2023,UT Yadav,84.0,124.0,0.0,8.8571,6.0,13.0,0.0,13.0,114,190,1.0,10.0
2023,Umran Malik,6.0,28.0,0.0,28.0,24.0,55.0,1.0,13.75,120,219,5.0,10.95
2023,VG Arora,56.0,80.0,0.0,8.5714,38.0,68.0,3.0,10.7368,100,149,5.0,8.94
2023,Vijaykumar Vyshak,36.0,57.0,1.0,9.5,37.0,75.0,4.0,12.1622,145,253,9.0,10.469
2023,Vivrant Sharma,0.0,0.0,0.0,0.0,0.0,0.0,0.0,0.0,19,37,0.0,11.6842
2023,WD Parnell,102.0,142.0,6.0,8.3529,26.0,48.0,2.0,11.0769,152,237,9.0,9.3553
2023,Washington Sundar,24.0,56.0,0.0,14.0,10.0,13.0,0.0,7.8,106,146,3.0,8.2642
2023,YS Chahal,12.0,12.0,1.0,6.0,84.0,112.0,11.0,8.0,317,434,21.0,8.2145
2023,Yash Dayal,24.0,39.0,1.0,9.75,18.0,54.0,0.0,18.0,84,165,2.0,11.7857
2023,Yash Thakur,36.0,56.0,2.0,9.3333,84.0,139.0,8.0,9.9286,193,297,13.0,9.2332
2023,Yudhvir Singh,42.0,62.0,3.0,8.8571,0.0,0.0,0.0,0.0,48,73,3.0,9.125
2024,A Badoni,0.0,0.0,0.0,0.0,6.0,6.0,0.0,6.0,12,25,0.0,12.5
2024,A Kamboj,32.0,62.0,1.0,11.625,0.0,0.0,0.0,0.0,62,115,2.0,11.129
2024,A Mishra,0.0,0.0,0.0,0.0,0.0,0.0,0.0,0.0,12,20,1.0,10.0
2024,A Nortje,36.0,70.0,2.0,11.6667,55.0,161.0,3.0,17.5636,133,298,7.0,13.4436
2024,AD Russell,0.0,0.0,0.0,0.0,56.0,92.0,7.0,9.8571,176,304,19.0,10.3636
2024,AK Markram,0.0,0.0,0.0,0.0,0.0,0.0,0.0,0.0,13,15,0.0,6.9231
2024,AR Patel,24.0,54.0,2.0,13.5,18.0,16.0,0.0,5.3333,264,340,11.0,7.7273
2024,AS Joseph,18.0,35.0,0.0,11.6667,22.0,55.0,0.0,15.0,58,123,1.0,12.7241
2024,AS Roy,24.0,51.0,0.0,12.75,4.0,6.0,0.0,9.0,34,60,0.0,10.5882
2024,Abhishek Sharma,18.0,27.0,0.0,9.0,6.0,11.0,0.0,11.0,42,51,2.0,7.2857
2024,Akash Deep,6.0,9.0,0.0,9.0,3.0,11.0,0.0,22.0,21,55,1.0,15.7143
2024,Akash Madhwal,42.0,56.0,2.0,8.0,27.0,83.0,0.0,18.4444,111,209,5.0,11.2973
2024,Arjun Tendulkar,12.0,10.0,0.0,5.0,0.0,0.0,0.0,0.0,14,22,0.0,9.4286
2024,Arshad Khan,42.0,66.0,1.0,9.4286,7.0,24.0,0.0,20.5714,61,115,1.0,11.3115
2024,Arshdeep Singh,162.0,244.0,7.0,9.037,98.0,200.0,10.0,12.2449,302,514,19.0,10.2119
2024,Atharva Taide,0.0,0.0,0.0,0.0,1.0,4.0,0.0,24.0,1,4,0.0,24.0
2024,Avesh Khan,78.0,138.0,5.0,10.6154,131.0,201.0,8.0,9.2061,330,533,19.0,9.6909
2024,Azmatullah Omarzai,108.0,168.0,3.0,9.3333,6.0,16.0,0.0,16.0,126,194,4.0,9.2381
2024,B Kumar,240.0,347.0,10.0,8.675,67.0,150.0,1.0,13.4328,343,555,11.0,9.7085
2024,C Green,6.0,5.0,1.0,5.0,49.0,85.0,2.0,10.4082,211,305,10.0,8.673
2024,CV Varun,24.0,34.0,2.0,8.5,48.0,72.0,2.0,9.0,302,411,21.0,8.1656
2024,DG Nalkande,0.0,0.0,0.0,0.0,17.0,25.0,1.0,8.8235,29,46,3.0,9.5172
2024,DJ Hooda,0.0,0.0,0.0,0.0,0.0,0.0,0.0,0.0,18,22,0.0,7.3333
2024,DJ Mitchell,0.0,0.0,0.0,0.0,0.0,0.0,0.0,0.0,36,70,1.0,11.6667
2024,DL Chahar,122.0,169.0,5.0,8.3115,1.0,6.0,0.0,36.0,141,202,5.0,8.5957
2024,G Coetzee,67.0,120.0,3.0,10.7463,69.0,114.0,7.0,9.913,202,357,13.0,10.604
2024,GJ Maxwell,30.0,45.0,2.0,9.0,6.0,10.0,0.0,10.0,96,129,6.0,8.0625
2024,Gulbadin Naib,0.0,0.0,0.0,0.0,0.0,0.0,0.0,0.0,6,12,0.0,12.0
2024,H Sharma,0.0,0.0,0.0,0.0,0.0,0.0,0.0,0.0,12,29,0.0,14.5
2024,HH Pandya,54.0,97.0,2.0,10.7778,36.0,74.0,6.0,12.3333,216,389,11.0,10.8056
2024,HV Patel,43.0,71.0,1.0,9.907,126.0,225.0,16.0,10.7143,296,485,24.0,9.8311
2024,Harpreet Brar,18.0,29.0,0.0,9.6667,12.0,17.0,1.0,8.5,228,309,7.0,8.1316
2024,Harshit Rana,84.0,140.0,4.0,10.0,85.0,130.0,8.0,9.1765,253,385,19.0,9.1304
2024,I Sharma,108.0,168.0,7.0,9.3333,24.0,47.0,2.0,11.75,163,266,10.0,9.7914
2024,J Little,12.0,34.0,1.0,17.0,0.0,0.0,0.0,0.0,24,45,4.0,11.25
2024,JA Richardson,6.0,13.0,0.0,13.0,6.0,12.0,0.0,12.0,24,40,0.0,10.0
2024,JD Unadkat,12.0,29.0,0.0,14.5,43.0,85.0,2.0,11.8605,187,321,8.0,10.2995
2024,JJ Bumrah,127.0,128.0,6.0,6.0472,101.0,112.0,11.0,6.6535,315,341,20.0,6.4952
2024,K Gowtham,12.0,30.0,0.0,15.0,0.0,0.0,0.0,0.0,12,30,0.0,15.0
2024,K Rabada,120.0,177.0,4.0,8.85,48.0,93.0,4.0,11.625,252,386,11.0,9.1905
2024,KA Maharaj,6.0,8.0,0.0,8.0,0.0,0.0,0.0,0.0,36,39,2.0,6.5
2024,KH Pandya,30.0,54.0,0.0,10.8,18.0,29.0,0.0,9.6667,198,258,6.0,7.8182
2024,KK Ahmed,186.0,285.0,8.0,9.1935,67.0,138.0,7.0,12.3582,301,493,17.0,9.8272
2024,KR Sen,12.0,29.0,0.0,14.5,19.0,46.0,1.0,14.5263,73,127,6.0,10.4384
2024,KT Maphaka,24.0,52.0,1.0,13.0,6.0,18.0,0.0,18.0,36,90,1.0,15.0
2024,KV Sharma,0.0,0.0,0.0,0.0,6.0,19.0,0.0,19.0,144,256,6.0,10.6667
2024,Kartik Tyagi,6.0,10.0,0.0,10.0,6.0,19.0,0.0,19.0,24,52,0.0,13.0
2024,Kuldeep Yadav,6.0,20.0,0.0,20.0,48.0,81.0,4.0,10.125,259,376,16.0,8.7104
2024,L Wood,12.0,26.0,0.0,13.0,13.0,45.0,0.0,20.7692,37,94,1.0,15.2432
2024,LB Williams,26.0,56.0,0.0,12.9231,6.0,14.0,0.0,14.0,38,74,1.0,11.6842
2024,LH Ferguson,24.0,62.0,2.0,15.5,43.0,79.0,3.0,11.0233,147,260,9.0,10.6122
2024,LS Livingstone,6.0,7.0,0.0,7.0,0.0,0.0,0.0,0.0,72,86,3.0,7.1667
2024,Lalit Yadav,18.0,57.0,0.0,19.0,0.0,0.0,0.0,0.0,18,57,0.0,19.0
2024,M Jansen,26.0,53.0,1.0,12.2308,6.0,15.0,0.0,15.0,62,134,1.0,12.9677
2024,M Markande,0.0,0.0,0.0,0.0,18.0,57.0,0.0,19.0,133,259,7.0,11.6842
2024,M Pathirana,0.0,0.0,0.0,0.0,66.0,103.0,5.0,9.3636,132,175,13.0,7.9545
2024,M Shahrukh Khan,0.0,0.0,0.0,0.0,6.0,7.0,0.0,7.0,12,16,0.0,8.0
2024,M Siddharth,51.0,63.0,1.0,7.4118,0.0,0.0,0.0,0.0,57,72,1.0,7.5789
2024,M Theekshana,48.0,60.0,0.0,7.5,6.0,14.0,0.0,14.0,120,146,2.0,7.3
2024,MA Starc,174.0,297.0,11.0,10.2414,65.0,135.0,6.0,12.4615,251,450,17.0,10.757
2024,MJ Henry,60.0,94.0,1.0,9.4,6.0,10.0,0.0,10.0,72,112,1.0,9.3333
2024,MJ Santner,24.0,20.0,0.0,5.0,0.0,0.0,0.0,0.0,54,64,2.0,7.1111
2024,MJ Suthar,12.0,26.0,0.0,13.0,0.0,0.0,0.0,0.0,12,26,0.0,13.0
2024,MK Lomror,0.0,0.0,0.0,0.0,0.0,0.0,0.0,0.0,6,18,0.0,18.0
2024,MM Ali,0.0,0.0,0.0,0.0,12.0,19.0,1.0,9.5,48,71,2.0,8.875
2024,MM Sharma,24.0,51.0,1.0,12.75,114.0,217.0,8.0,11.4211,235,428,13.0,10.9277
2024,MP Stoinis,24.0,29.0,1.0,7.25,6.0,15.0,0.0,15.0,84,127,4.0,9.0714
2024,MP Yadav,12.0,19.0,1.0,9.5,7.0,4.0,2.0,3.4286,74,88,7.0,7.1351
2024,MR Marsh,12.0,16.0,0.0,8.0,12.0,37.0,0.0,18.5,48,103,1.0,12.875
2024,Mayank Dagar,6.0,20.0,0.0,20.0,5.0,10.0,0.0,12.0,71,122,1.0,10.3099
2024,Mohammad Nabi,18.0,22.0,0.0,7.3333,2.0,3.0,0.0,9.0,74,110,2.0,8.9189
2024,Mohammed Siraj,168.0,274.0,5.0,9.7857,96.0,140.0,5.0,8.75,324,507,15.0,9.3889
2024,Mohsin Khan,114.0,164.0,5.0,8.6316,66.0,142.0,3.0,12.9091,228,385,10.0,10.1316
2024,Mukesh Choudhary,7.0,27.0,0.0,23.1429,0.0,0.0,0.0,0.0,7,27,0.0,23.1429
2024,Mukesh Kumar,67.0,114.0,4.0,10.209,94.0,184.0,9.0,11.7447,216,379,17.0,10.5278
2024,Mustafizur Rahman,73.0,102.0,3.0,8.3836,89.0,164.0,7.0,11.0562,210,324,14.0,9.2571
2024,N Burger,60.0,105.0,4.0,10.5,18.0,13.0,1.0,4.3333,102,152,7.0,8.9412
2024,N Thushara,78.0,126.0,6.0,9.6923,62.0,100.0,2.0,9.6774,158,259,8.0,9.8354
2024,N Wadhera,0.0,0.0,0.0,0.0,0.0,0.0,0.0,0.0,12,13,0.0,6.5
2024,NT Ellis,6.0,3.0,0.0,3.0,12.0,18.0,0.0,9.0,24,24,1.0,6.0
2024,Naman Dhir,6.0,6.0,0.0,6.0,0.0,0.0,0.0,0.0,28,55,0.0,11.7857
2024,Naveen-ul-Haq,78.0,150.0,3.0,11.5385,84.0,142.0,6.0,10.1429,222,375,14.0,10.1351
2024,Nithish Kumar Reddy,6.0,9.0,0.0,9.0,25.0,58.0,2.0,13.92,80,154,3.0,11.55
2024,Noor Ahmad,6.0,6.0,1.0,6.0,6.0,14.0,1.0,14.0,209,297,8.0,8.5263
2024,PJ Cummins,114.0,182.0,5.0,9.5789,114.0,214.0,5.0,11.2632,366,571,18.0,9.3607
2024,PP Chawla,18.0,32.0,1.0,10.6667,12.0,19.0,2.0,9.5,210,312,13.0,8.9143
2024,PVD Chameera,12.0,31.0,0.0,15.5,6.0,18.0,0.0,18.0,18,49,0.0,16.3333
2024,R Ashwin,66.0,95.0,2.0,8.6364,42.0,94.0,1.0,13.4286,330,469,9.0,8.5273
2024,R Dhawan,18.0,39.0,0.0,13.0,0.0,0.0,0.0,0.0,18,39,0.0,13.0
2024,R Parag,0.0,0.0,0.0,0.0,0.0,0.0,0.0,0.0,18,27,0.0,9.0
2024,R Ravindra,0.0,0.0,0.0,0.0,0.0,0.0,0.0,0.0,12,7,0.0,3.5
2024,R Sai Kishore,12.0,19.0,1.0,9.5,18.0,46.0,2.0,15.3333,90,137,7.0,9.1333
2024,R Shepherd,12.0,22.0,1.0,11.0,18.0,51.0,0.0,17.0,72,162,1.0,13.5
2024,RA Jadeja,0.0,0.0,0.0,0.0,6.0,8.0,0.0,8.0,283,371,8.0,7.8657
2024,RD Chahar,0.0,0.0,0.0,0.0,37.0,55.0,3.0,8.9189,187,280,10.0,8.984
2024,RJ Gleeson,18.0,29.0,1.0,9.6667,18.0,33.0,0.0,11.0,48,72,1.0,9.0
2024,RJW Topley,36.0,56.0,1.0,9.3333,30.0,69.0,2.0,13.8,90,168,4.0,11.2
2024,Ramandeep Singh,0.0,0.0,0.0,0.0,4.0,9.0,0.0,13.5,4,9,0.0,13.5
2024,Rashid Khan,54.0,59.0,3.0,6.5556,60.0,111.0,5.0,11.1,262,372,10.0,8.5191
2024,Rasikh Salam,18.0,43.0,0.0,14.3333,51.0,90.0,3.0,10.5882,147,271,9.0,11.0612
2024,Ravi Bishnoi,12.0,29.0,0.0,14.5,40.0,79.0,3.0,11.85,262,384,10.0,8.7939
2024,S Dube,0.0,0.0,0.0,0.0,0.0,0.0,0.0,0.0,6,14,1.0,14.0
2024,S Gopal,0.0,0.0,0.0,0.0,0.0,0.0,0.0,0.0,42,67,3.0,9.5714
2024,S Joseph,14.0,27.0,0.0,11.5714,0.0,0.0,0.0,0.0,27,51,0.0,11.3333
2024,S Sandeep Warrier,61.0,107.0,6.0,10.5246,0.0,0.0,0.0,0.0,67,122,6.0,10.9254
2024,SH Johnson,36.0,56.0,1.0,9.3333,30.0,38.0,2.0,7.6,96,155,4.0,9.6875
2024,SM Curran,114.0,170.0,3.0,8.9474,73.0,157.0,7.0,12.9041,247,422,16.0,10.251
2024,SN Thakur,58.0,106.0,0.0,10.9655,73.0,126.0,4.0,10.3562,193,315,5.0,9.7927
2024,SP Narine,42.0,65.0,1.0,9.2857,24.0,31.0,3.0,7.75,330,376,17.0,6.8364
2024,SZ Mulani,6.0,12.0,0.0,12.0,6.0,21.0,0.0,21.0,30,57,0.0,11.4
2024,Sandeep Sharma,90.0,116.0,4.0,7.7333,84.0,138.0,8.0,9.8571,228,314,13.0,8.2632
2024,Shahbaz Ahmed,54.0,78.0,2.0,8.6667,0.0,0.0,0.0,0.0,166,277,7.0,10.012
2024,Shashank Singh,0.0,0.0,0.0,0.0,0.0,0.0,0.0,0.0,6,5,1.0,5.0
2024,Sikandar Raza,0.0,0.0,0.0,0.0,0.0,0.0,0.0,0.0,12,22,0.0,11.0
2024,Simarjeet Singh,6.0,12.0,0.0,12.0,18.0,35.0,0.0,11.6667,72,122,5.0,10.1667
2024,Sumit Kumar,0.0,0.0,0.0,0.0,2.0,8.0,0.0,24.0,20,38,0.0,11.4
2024,Suyash Sharma,0.0,0.0,0.0,0.0,0.0,0.0,0.0,0.0,24,51,0.0,12.75
2024,Swapnil Singh,43.0,62.0,5.0,8.6512,0.0,0.0,0.0,0.0,91,133,6.0,8.7692
2024,T Natarajan,96.0,139.0,4.0,8.6875,116.0,192.0,11.0,9.931,308,469,19.0,9.1364
2024,T Stubbs,0.0,0.0,0.0,0.0,0.0,0.0,0.0,0.0,12,15,2.0,7.5
2024,TA Boult,228.0,271.0,12.0,7.1316,56.0,95.0,4.0,10.1786,320,448,16.0,8.4
2024,TM Head,0.0,0.0,0.0,0.0,0.0,0.0,0.0,0.0,10,32,0.0,19.2
2024,TU Deshpande,150.0,212.0,6.0,8.48,97.0,163.0,10.0,10.0825,290,435,17.0,9.0
2024,Tilak Varma,0.0,0.0,0.0,0.0,4.0,8.0,0.0,12.0,4,8,0.0,12.0
2024,UT Yadav,102.0,150.0,5.0,8.8235,12.0,31.0,2.0,15.5,126,211,8.0,10.0476
2024,Umran Malik,0.0,0.0,0.0,0.0,0.0,0.0,0.0,0.0,6,15,0.0,15.0
2024,V Kaverappa,18.0,20.0,2.0,6.6667,0.0,0.0,0.0,0.0,24,36,2.0,9.0
2024,V Viyaskanth,0.0,0.0,0.0,0.0,0.0,0.0,0.0,0.0,60,90,1.0,9.0
2024,VG Arora,149.0,218.0,9.0,8.7785,24.0,33.0,2.0,8.25,186,284,11.0,9.1613
2024,VR Iyer,0.0,0.0,0.0,0.0,0.0,0.0,0.0,0.0,6,28,0.0,28.0
2024,Vijaykumar Vyshak,0.0,0.0,0.0,0.0,9.0,21.0,2.0,14.0,87,143,4.0,9.8621
2024,WG Jacks,24.0,34.0,1.0,8.5,0.0,0.0,0.0,0.0,54,100,2.0,11.1111
2024,Washington Sundar,12.0,46.0,1.0,23.0,0.0,0.0,0.0,0.0,30,73,1.0,14.6
2024,YS Chahal,0.0,0.0,0.0,0.0,85.0,170.0,4.0,12.0,349,548,17.0,9.4212
2024,Yash Dayal,180.0,277.0,6.0,9.2333,94.0,155.0,9.0,9.8936,304,472,15.0,9.3158
2024,Yash Thakur,54.0,87.0,5.0,9.6667,84.0,178.0,4.0,12.7143,214,405,11.0,11.3551
2024,Yudhvir Singh,6.0,16.0,0.0,16.0,18.0,36.0,1.0,12.0,24,52,1.0,13.0
2025,A Badoni,0.0,0.0,0.0,0.0,10.0,13.0,2.0,7.8,10,13,2.0,7.8
2025,A Kamboj,127.0,170.0,7.0,8.0315,3.0,3.0,1.0,6.0,130,173,8.0,7.9846
2025,A Nortje,18.0,40.0,0.0,13.3333,12.0,32.0,0.0,16.0,42,87,1.0,12.4286
2025,A Zampa,0.0,0.0,0.0,0.0,12.0,35.0,0.0,17.5,48,94,2.0,11.75
2025,AD Russell,7.0,11.0,1.0,9.4286,63.0,113.0,3.0,10.7619,112,218,8.0,11.6786
2025,AK Markram,12.0,24.0,1.0,12.0,0.0,0.0,0.0,0.0,66,102,4.0,9.2727
2025,AR Patel,90.0,124.0,2.0,8.2667,18.0,28.0,0.0,9.3333,216,314,5.0,8.7222
2025,AS Roy,12.0,15.0,1.0,7.5,0.0,0.0,0.0,0.0,24,27,1.0,6.75
2025,Abdul Samad,0.0,0.0,0.0,0.0,2.0,6.0,0.0,18.0,2,6,0.0,18.0
2025,Abhishek Sharma,24.0,38.0,0.0,9.5,0.0,0.0,0.0,0.0,66,113,0.0,10.2727
2025,Akash Deep,72.0,146.0,2.0,12.1667,18.0,37.0,1.0,12.3333,114,230,3.0,12.1053
2025,Akash Madhwal,6.0,13.0,0.0,13.0,42.0,82.0,3.0,11.7143,90,167,4.0,11.1333
2025,Akash Singh,43.0,61.0,3.0,8.5116,0.0,0.0,0.0,0.0,67,99,4.0,8.8657
2025,Arshad Khan,102.0,170.0,5.0,10.0,25.0,50.0,1.0,12.0,127,220,6.0,10.3937
2025,Arshdeep Singh,192.0,281.0,8.0,8.7812,116.0,190.0,11.0,9.8276,350,527,21.0,9.0343
2025,Ashwani Kumar,30.0,61.0,3.0,12.2,40.0,95.0,4.0,14.25,125,234,11.0,11.232
2025,Avesh Khan,83.0,165.0,1.0,11.9277,111.0,203.0,8.0,10.973,284,487,13.0,10.2887
2025,Azmatullah Omarzai,54.0,98.0,0.0,10.8889,42.0,80.0,3.0,11.4286,162,282,8.0,10.4444
2025,B Kumar,186.0,255.0,8.0,8.2258,108.0,200.0,8.0,11.1111,312,490,17.0,9.4231
2025,C Bosch,6.0,11.0,0.0,11.0,12.0,9.0,1.0,4.5,42,56,1.0,8.0
2025,C Sakariya,12.0,21.0,0.0,10.5,0.0,0.0,0.0,0.0,18,39,0.0,13.0
2025,CV Varun,66.0,82.0,2.0,7.4545,42.0,51.0,5.0,7.2857,300,390,17.0,7.8
2025,DJ Hooda,0.0,0.0,0.0,0.0,0.0,0.0,0.0,0.0,6,15,0.0,15.0
2025,DL Chahar,199.0,288.0,8.0,8.6834,19.0,43.0,2.0,13.5789,248,378,11.0,9.1452
2025,DS Rathi,91.0,128.0,2.0,8.4396,61.0,98.0,4.0,9.6393,314,435,14.0,8.3121
2025,E Malinga,24.0,55.0,0.0,13.75,58.0,89.0,7.0,9.2069,160,244,13.0,9.15
2025,Fazalhaq Farooqi,60.0,103.0,0.0,10.3,18.0,53.0,0.0,17.6667,102,211,0.0,12.4118
2025,G Coetzee,0.0,0.0,0.0,0.0,30.0,69.0,0.0,13.8,72,133,2.0,11.0833
2025,GJ Maxwell,30.0,43.0,2.0,8.6,0.0,0.0,0.0,0.0,78,111,4.0,8.5385
2025,HH Pandya,6.0,14.0,0.0,14.0,36.0,93.0,4.0,15.5,213,345,14.0,9.7183
2025,HV Patel,61.0,101.0,3.0,9.9344,92.0,152.0,8.0,9.913,267,434,16.0,9.7528
2025,Harpreet Brar,30.0,58.0,2.0,11.6,12.0,20.0,0.0,10.0,133,190,10.0,8.5714
2025,Harsh Dubey,12.0,25.0,0.0,12.5,0.0,0.0,0.0,0.0,60,98,5.0,9.8
2025,Harshit Rana,115.0,201.0,7.0,10.487,67.0,106.0,6.0,9.4925,266,457,15.0,10.3083
2025,I Sharma,48.0,95.0,0.0,11.875,26.0,46.0,2.0,10.6154,110,210,4.0,11.4545
2025,Ishan Kishan,0.0,0.0,0.0,0.0,1.0,4.0,0.0,24.0,1,4,0.0,24.0
2025,J Overton,24.0,59.0,0.0,14.75,0.0,0.0,0.0,0.0,36,84,0.0,14.0
2025,JC Archer,150.0,209.0,6.0,8.36,89.0,180.0,4.0,12.1348,275,445,11.0,9.7091
2025,JD Unadkat,72.0,96.0,3.0,8.0,23.0,26.0,6.0,6.7826,143,177,11.0,7.4266
2025,JJ Bumrah,90.0,123.0,4.0,8.2,98.0,115.0,10.0,7.0408,284,322,18.0,6.8028
2025,JR Hazlewood,132.0,160.0,10.0,7.2727,83.0,150.0,7.0,10.8434,264,389,22.0,8.8409
2025,K Kartikeya,0.0,0.0,0.0,0.0,0.0,0.0,0.0,0.0,48,78,2.0,9.75
2025,K Khejroliya,0.0,0.0,0.0,0.0,0.0,0.0,0.0,0.0,18,29,1.0,9.6667
2025,K Rabada,42.0,86.0,1.0,12.2857,24.0,45.0,1.0,11.25,84,164,2.0,11.7143
2025,KA Jamieson,48.0,69.0,2.0,8.625,18.0,41.0,1.0,13.6667,90,147,5.0,9.8
2025,KH Pandya,36.0,57.0,2.0,9.5,24.0,43.0,3.0,10.75,276,380,17.0,8.2609
2025,KK Ahmed,224.0,335.0,10.0,8.9732,53.0,115.0,5.0,13.0189,283,454,15.0,9.6254
2025,KT Maphaka,18.0,31.0,1.0,10.3333,6.0,16.0,0.0,16.0,30,58,1.0,11.6
2025,KV Sharma,0.0,0.0,0.0,0.0,18.0,15.0,2.0,5.0,90,133,7.0,8.8667
2025,Karim Janat,0.0,0.0,0.0,0.0,0.0,0.0,0.0,0.0,6,30,0.0,30.0
2025,Kuldeep Yadav,0.0,0.0,0.0,0.0,60.0,67.0,4.0,6.7,319,392,15.0,7.373
2025,L Ngidi,18.0,30.0,2.0,10.0,12.0,21.0,2.0,10.5,48,81,4.0,10.125
2025,LH Ferguson,20.0,25.0,1.0,7.5,18.0,33.0,1.0,11.0,68,107,5.0,9.4412
2025,LS Livingstone,0.0,0.0,0.0,0.0,12.0,7.0,1.0,3.5,54,76,2.0,8.4444
2025,M Jansen,121.0,192.0,4.0,9.5207,55.0,95.0,8.0,10.3636,285,448,16.0,9.4316
2025,M Pathirana,0.0,0.0,0.0,0.0,143.0,257.0,10.0,10.7832,252,430,13.0,10.2381
2025,M Prasidh Krishna,78.0,128.0,3.0,9.8462,108.0,187.0,15.0,10.3889,354,506,25.0,8.5763
2025,M Shahrukh Khan,0.0,0.0,0.0,0.0,0.0,0.0,0.0,0.0,6,13,1.0,13.0
2025,M Siddharth,12.0,17.0,1.0,8.5,0.0,0.0,0.0,0.0,42,68,2.0,9.7143
2025,M Theekshana,92.0,146.0,1.0,9.5217,48.0,101.0,4.0,12.625,254,412,11.0,9.7323
2025,M Tiwari,0.0,0.0,0.0,0.0,0.0,0.0,0.0,0.0,6,14,0.0,14.0
2025,MA Starc,141.0,272.0,5.0,11.5745,54.0,88.0,7.0,9.7778,231,402,14.0,10.4416
2025,MJ Santner,24.0,36.0,0.0,9.0,27.0,58.0,2.0,12.8889,237,316,9.0,8.0
2025,MM Ali,42.0,41.0,3.0,5.8571,0.0,0.0,0.0,0.0,96,136,6.0,8.5
2025,MM Sharma,18.0,25.0,0.0,8.3333,62.0,124.0,0.0,12.0,153,259,2.0,10.1569
2025,MP Stoinis,11.0,21.0,1.0,11.4545,9.0,28.0,0.0,18.6667,86,177,1.0,12.3488
2025,MP Yadav,24.0,55.0,1.0,13.75,12.0,20.0,1.0,10.0,48,100,2.0,12.5
2025,Mohammed Shami,133.0,237.0,5.0,10.6917,12.0,39.0,0.0,19.5,181,348,6.0,11.5359
2025,Mohammed Siraj,240.0,352.0,9.0,8.8,78.0,143.0,6.0,11.0,342,540,16.0,9.4737
2025,Mujeeb Ur Rahman,6.0,15.0,0.0,15.0,0.0,0.0,0.0,0.0,12,28,1.0,14.0
2025,Mukesh Choudhary,24.0,48.0,1.0,12.0,12.0,23.0,0.0,11.5,36,71,1.0,11.8333
2025,Mukesh Kumar,126.0,179.0,3.0,8.5238,71.0,178.0,4.0,15.0423,239,411,12.0,10.318
2025,Musheer Khan,0.0,0.0,0.0,0.0,0.0,0.0,0.0,0.0,12,27,1.0,13.5
2025,Mustafizur Rahman,36.0,47.0,2.0,7.8333,24.0,31.0,2.0,7.75,66,87,4.0,7.9091
2025,N Rana,0.0,0.0,0.0,0.0,0.0,0.0,0.0,0.0,12,18,0.0,9.0
2025,N Thushara,19.0,23.0,1.0,7.2632,6.0,7.0,0.0,7.0,25,30,1.0,7.2
2025,N Wadhera,0.0,0.0,0.0,0.0,5.0,9.0,0.0,10.8,5,9,0.0,10.8
2025,NT Ellis,6.0,9.0,0.0,9.0,18.0,30.0,1.0,10.0,24,39,1.0,9.75
2025,Naman Dhir,0.0,0.0,0.0,0.0,12.0,8.0,0.0,4.0,24,21,0.0,5.25
2025,Nithish Kumar Reddy,0.0,0.0,0.0,0.0,6.0,20.0,1.0,20.0,30,47,2.0,9.4
2025,Noor Ahmad,18.0,29.0,1.0,9.6667,80.0,111.0,8.0,8.325,303,416,24.0,8.2376
2025,P Dubey,0.0,0.0,0.0,0.0,0.0,0.0,0.0,0.0,12,21,1.0,10.5
2025,PHKD Mendis,0.0,0.0,0.0,0.0,0.0,0.0,0.0,0.0,42,60,2.0,8.5714
2025,PJ Cummins,150.0,237.0,7.0,9.48,71.0,120.0,4.0,10.1408,299,460,16.0,9.2308
2025,PVD Chameera,37.0,81.0,0.0,13.1351,36.0,68.0,3.0,11.3333,103,198,4.0,11.534
2025,PVSN Raju,6.0,13.0,0.0,13.0,12.0,29.0,1.0,14.5,24,54,1.0,13.5
2025,PWA Mulder,0.0,0.0,0.0,0.0,6.0,16.0,0.0,16.0,6,16,0.0,16.0
2025,PWH de Silva,0.0,0.0,0.0,0.0,30.0,52.0,3.0,10.4,246,376,11.0,9.1707
2025,Prince Yadav,24.0,33.0,0.0,8.25,35.0,79.0,1.0,13.5429,137,226,3.0,9.8978
2025,R Ashwin,54.0,113.0,1.0,12.5556,6.0,18.0,0.0,18.0,186,286,6.0,9.2258
2025,R Parag,6.0,6.0,0.0,6.0,6.0,13.0,0.0,13.0,120,171,3.0,8.55
2025,R Sai Kishore,6.0,14.0,0.0,14.0,51.0,79.0,5.0,9.2941,255,396,19.0,9.3176
2025,R Shepherd,0.0,0.0,0.0,0.0,12.0,24.0,2.0,12.0,84,156,6.0,11.1429
2025,RA Jadeja,12.0,13.0,0.0,6.5,10.0,21.0,1.0,12.6,229,325,10.0,8.5153
2025,RD Chahar,0.0,0.0,0.0,0.0,0.0,0.0,0.0,0.0,6,9,0.0,9.0
2025,RJ Gleeson,6.0,11.0,0.0,11.0,9.0,17.0,1.0,11.3333,21,39,1.0,11.1429
2025,RJW Topley,12.0,21.0,0.0,10.5,0.0,0.0,0.0,0.0,18,40,0.0,13.3333
2025,Rashid Khan,18.0,19.0,1.0,6.3333,60.0,121.0,2.0,12.1,330,523,9.0,9.5091
2025,Rasikh Salam,6.0,16.0,0.0,16.0,6.0,7.0,0.0,7.0,36,71,1.0,11.8333
2025,Ravi Bishnoi,18.0,31.0,0.0,10.3333,24.0,49.0,1.0,12.25,222,402,9.0,10.8649
2025,S Dube,0.0,0.0,0.0,0.0,0.0,0.0,0.0,0.0,12,33,0.0,16.5
2025,SH Johnson,48.0,87.0,0.0,10.875,14.0,31.0,1.0,13.2857,68,134,1.0,11.8235
2025,SM Curran,18.0,29.0,0.0,9.6667,6.0,19.0,0.0,19.0,72,135,1.0,11.25
2025,SN Thakur,96.0,178.0,5.0,11.125,67.0,129.0,6.0,11.5522,205,376,13.0,11.0049
2025,SP Narine,0.0,0.0,0.0,0.0,30.0,27.0,2.0,5.4,272,357,12.0,7.875
2025,Sandeep Sharma,72.0,83.0,2.0,6.9167,100.0,202.0,7.0,12.12,220,363,9.0,9.9
2025,Shahbaz Ahmed,6.0,11.0,0.0,11.0,9.0,14.0,1.0,9.3333,51,103,1.0,12.1176
2025,Shashank Singh,0.0,0.0,0.0,0.0,6.0,16.0,0.0,16.0,12,27,0.0,13.5
2025,Simarjeet Singh,30.0,76.0,2.0,15.2,6.0,17.0,0.0,17.0,61,146,2.0,14.3607
2025,Suryansh Shedge,0.0,0.0,0.0,0.0,7.0,26.0,0.0,22.2857,19,40,0.0,12.6316
2025,Suyash Sharma,0.0,0.0,0.0,0.0,36.0,60.0,1.0,10.0,300,454,8.0,9.08
2025,T Natarajan,12.0,24.0,0.0,12.0,6.0,18.0,0.0,18.0,25,53,1.0,12.72
2025,T Stubbs,0.0,0.0,0.0,0.0,0.0,0.0,0.0,0.0,12,40,0.0,20.0
2025,TA Boult,180.0,259.0,10.0,8.6333,94.0,145.0,10.0,9.2553,346,520,22.0,9.0173
2025,TU Deshpande,66.0,123.0,3.0,11.1818,54.0,107.0,5.0,11.8889,192,342,9.0,10.6875
2025,V Nigam,49.0,76.0,3.0,9.3061,37.0,37.0,2.0,6.0,238,361,10.0,9.1008
2025,V Puthur,0.0,0.0,0.0,0.0,12.0,24.0,0.0,12.0,72,109,6.0,9.0833
2025,VG Arora,150.0,227.0,6.0,9.08,63.0,116.0,8.0,11.0476,255,431,17.0,10.1412
2025,Vijaykumar Vyshak,6.0,9.0,0.0,9.0,36.0,79.0,1.0,13.1667,103,181,4.0,10.5437
2025,W O'Rourke,24.0,52.0,2.0,13.0,14.0,30.0,2.0,12.8571,62,132,6.0,12.7742
2025,WG Jacks,13.0,26.0,1.0,12.0,6.0,12.0,0.0,12.0,85,121,6.0,8.5412
2025,Washington Sundar,6.0,21.0,0.0,21.0,17.0,22.0,1.0,7.7647,65,112,1.0,10.3385
2025,XC Bartlett,48.0,72.0,2.0,9.0,0.0,0.0,0.0,0.0,60,96,2.0,9.6
2025,YS Chahal,6.0,4.0,1.0,4.0,30.0,52.0,6.0,10.4,270,431,16.0,9.5778
2025,Yash Dayal,147.0,245.0,4.0,10.0,66.0,133.0,4.0,12.0909,298,479,13.0,9.6443
2025,Yash Thakur,19.0,41.0,0.0,12.9474,15.0,29.0,1.0,11.6,40,80,1.0,12.0
2025,Yudhvir Singh,37.0,70.0,3.0,11.3514,0.0,0.0,0.0,0.0,67,132,4.0,11.8209
2025,Zeeshan Ansari,0.0,0.0,0.0,0.0,23.0,50.0,0.0,13.0435,204,334,6.0,9.8235
2026,A Badoni,0.0,0.0,0.0,0.0,0.0,0.0,0.0,0.0,6,14,0.0,14.0
2026,A Kamboj,127.0,219.0,5.0,10.3465,131.0,239.0,13.0,10.9466,306,535,21.0,10.4902
2026,A Nortje,0.0,0.0,0.0,0.0,6.0,13.0,0.0,13.0,24,39,0.0,9.75
2026,AF Milne,12.0,23.0,0.0,11.5,8.0,19.0,0.0,14.25,20,42,0.0,12.6
2026,AJ Hosein,68.0,93.0,3.0,8.2059,10.0,14.0,1.0,8.4,150,198,8.0,7.92
2026,AK Markram,0.0,0.0,0.0,0.0,12.0,29.0,0.0,14.5,36,83,0.0,13.8333
2026,AM Ghazanfar,60.0,108.0,7.0,10.8,35.0,74.0,4.0,12.6857,233,390,15.0,10.0429
2026,AR Patel,84.0,125.0,2.0,8.9286,12.0,7.0,1.0,3.5,264,365,11.0,8.2955
2026,AS Roy,60.0,94.0,1.0,9.4,25.0,44.0,2.0,10.56,163,264,8.0,9.7178
2026,Abdul Samad,0.0,0.0,0.0,0.0,1.0,6.0,0.0,36.0,1,6,0.0,36.0
2026,Abhinandan Singh,24.0,69.0,0.0,17.25,10.0,16.0,2.0,9.6,58,122,3.0,12.6207
2026,Abhishek Sharma,18.0,29.0,0.0,9.6667,5.0,7.0,0.0,8.4,29,49,0.0,10.1379
2026,Akash Singh,24.0,39.0,2.0,9.75,0.0,0.0,0.0,0.0,42,80,4.0,11.4286
2026,Arjun Tendulkar,0.0,0.0,0.0,0.0,6.0,5.0,0.0,5.0,24,36,1.0,9.0
2026,Arshad Khan,0.0,0.0,0.0,0.0,38.0,61.0,3.0,9.6316,104,173,6.0,9.9808
2026,Arshdeep Singh,168.0,260.0,7.0,9.2857,79.0,154.0,4.0,11.6962,319,542,14.0,10.1944
2026,Ashok Sharma,24.0,61.0,0.0,15.25,48.0,95.0,5.0,11.875,127,233,6.0,11.0079
2026,Ashwani Kumar,6.0,6.0,1.0,6.0,6.0,15.0,1.0,15.0,60,102,6.0,10.2
2026,Auqib Nabi,75.0,141.0,0.0,11.28,0.0,0.0,0.0,0.0,81,151,0.0,11.1852
2026,Avesh Khan,24.0,67.0,0.0,16.75,40.0,68.0,3.0,10.2,148,278,6.0,11.2703
2026,Azmatullah Omarzai,30.0,53.0,1.0,10.6,18.0,21.0,1.0,7.0,66,103,3.0,9.3636
2026,B Kumar,204.0,238.0,17.0,7.0,145.0,217.0,10.0,8.9793,379,504,28.0,7.9789
2026,B Muzarabani,18.0,40.0,0.0,13.3333,12.0,25.0,2.0,12.5,42,79,4.0,11.2857
2026,BJ Dwarshuis,0.0,0.0,0.0,0.0,6.0,17.0,1.0,17.0,24,51,1.0,12.75
2026,Brijesh Sharma,73.0,131.0,1.0,10.7671,96.0,164.0,8.0,10.25,277,452,14.0,9.7906
2026,C Bosch,12.0,20.0,2.0,10.0,37.0,76.0,4.0,12.3243,123,197,12.0,9.6098
2026,C Green,60.0,123.0,2.0,12.3,12.0,26.0,1.0,13.0,133,241,7.0,10.8722
2026,CV Varun,12.0,40.0,0.0,20.0,24.0,54.0,2.0,13.5,246,363,11.0,8.8537
2026,D Ferreira,0.0,0.0,0.0,0.0,6.0,16.0,0.0,16.0,18,41,1.0,13.6667
2026,D Madushanka,12.0,16.0,1.0,8.0,0.0,0.0,0.0,0.0,24,36,1.0,9.0
2026,DA Payne,12.0,43.0,0.0,21.5,0.0,0.0,0.0,0.0,30,70,2.0,14.0
2026,DL Chahar,102.0,159.0,6.0,9.3529,33.0,66.0,2.0,12.0,153,269,8.0,10.549
2026,DS Rathi,48.0,89.0,2.0,11.125,24.0,51.0,1.0,12.75,234,399,5.0,10.2308
2026,E Malinga,120.0,180.0,5.0,9.0,98.0,175.0,8.0,10.7143,326,510,20.0,9.3865
2026,GF Linde,0.0,0.0,0.0,0.0,1.0,4.0,0.0,24.0,37,55,1.0,8.9189
2026,Gurjapneet Singh,12.0,14.0,0.0,7.0,43.0,72.0,2.0,10.0465,151,233,4.0,9.2583
2026,HH Pandya,49.0,111.0,1.0,13.5918,17.0,42.0,1.0,14.8235,138,261,4.0,11.3478
2026,HV Patel,6.0,21.0,0.0,21.0,16.0,31.0,0.0,11.625,82,152,0.0,11.122
2026,Harpreet Brar,18.0,21.0,1.0,7.0,0.0,0.0,0.0,0.0,48,60,2.0,7.5
2026,Harsh Dubey,42.0,70.0,1.0,10.0,30.0,43.0,5.0,8.6,132,230,8.0,10.4545
2026,J Overton,6.0,17.0,0.0,17.0,66.0,112.0,5.0,10.1818,168,254,14.0,9.0714
2026,JA Duffy,79.0,159.0,6.0,12.0759,12.0,35.0,0.0,17.5,145,266,9.0,11.0069
2026,JC Archer,205.0,346.0,14.0,10.1268,102.0,160.0,7.0,9.4118,361,566,25.0,9.4072
2026,JD Unadkat,42.0,88.0,2.0,12.5714,23.0,42.0,2.0,10.9565,77,145,4.0,11.2987
2026,JJ Bumrah,146.0,218.0,2.0,8.9589,80.0,109.0,1.0,8.175,301,420,4.0,8.3721
2026,JO Holder,12.0,20.0,0.0,10.0,32.0,42.0,4.0,7.875,231,292,17.0,7.5844
2026,JR Hazlewood,156.0,264.0,7.0,10.1538,81.0,140.0,5.0,10.3704,309,506,15.0,9.8252
2026,K Khejroliya,0.0,0.0,0.0,0.0,0.0,0.0,0.0,0.0,14,31,0.0,13.2857
2026,K Rabada,270.0,450.0,20.0,10.0,72.0,112.0,6.0,9.3333,388,631,29.0,9.7577
2026,KA Jamieson,36.0,75.0,2.0,12.5,6.0,15.0,0.0,15.0,42,90,2.0,12.8571
2026,KH Pandya,12.0,20.0,0.0,10.0,15.0,35.0,2.0,14.0,303,427,14.0,8.4554
2026,KK Ahmed,78.0,102.0,2.0,7.8462,11.0,26.0,0.0,14.1818,101,149,2.0,8.8515
2026,Kartik Tyagi,66.0,126.0,4.0,11.4545,123.0,215.0,9.0,10.4878,310,504,18.0,9.7548
2026,Krish Bhagat,18.0,28.0,0.0,9.3333,18.0,35.0,0.0,11.6667,36,63,0.0,10.5
2026,Kuldeep Yadav,0.0,0.0,0.0,0.0,36.0,77.0,1.0,12.8333,222,384,10.0,10.3784
2026,L Ngidi,96.0,134.0,4.0,8.375,104.0,145.0,7.0,8.3654,248,342,13.0,8.2742
2026,LH Ferguson,30.0,66.0,1.0,13.2,24.0,56.0,0.0,14.0,66,141,1.0,12.8182
2026,M Jansen,108.0,187.0,2.0,10.3889,80.0,159.0,4.0,11.925,284,492,9.0,10.3944
2026,M Markande,0.0,0.0,0.0,0.0,0.0,0.0,0.0,0.0,30,76,0.0,15.2
2026,M Pathirana,8.0,9.0,0.0,6.75,0.0,0.0,0.0,0.0,8,9,0.0,6.75
2026,M Prasidh Krishna,12.0,28.0,0.0,14.0,60.0,124.0,3.0,12.4,234,408,16.0,10.4615
2026,M Siddharth,12.0,16.0,0.0,8.0,24.0,43.0,3.0,10.75,90,145,6.0,9.6667
2026,M Tiwari,0.0,0.0,0.0,0.0,12.0,22.0,2.0,11.0,60,91,4.0,9.1
2026,MA Starc,66.0,114.0,1.0,10.3636,36.0,64.0,7.0,10.6667,132,225,11.0,10.2273
2026,MD Shanaka,0.0,0.0,0.0,0.0,6.0,6.0,0.0,6.0,36,62,1.0,10.3333
2026,MJ Henry,36.0,78.0,1.0,13.0,6.0,12.0,1.0,12.0,60,131,2.0,13.1
2026,MJ Santner,18.0,41.0,1.0,13.6667,6.0,7.0,1.0,7.0,84,126,5.0,9.0
2026,MJ Suthar,0.0,0.0,0.0,0.0,18.0,34.0,1.0,11.3333,36,68,2.0,11.3333
2026,MP Stoinis,0.0,0.0,0.0,0.0,11.0,33.0,0.0,18.0,47,98,2.0,12.5106
2026,MP Yadav,18.0,18.0,0.0,6.0,18.0,34.0,0.0,11.3333,96,183,0.0,11.4375
2026,MW Short,18.0,38.0,0.0,12.6667,0.0,0.0,0.0,0.0,19,39,0.0,12.3158
2026,Mohammed Shami,180.0,238.0,9.0,7.9333,54.0,121.0,2.0,13.4444,306,468,12.0,9.1765
2026,Mohammed Siraj,282.0,384.0,15.0,8.1702,72.0,151.0,4.0,12.5833,372,570,19.0,9.1935
2026,Mohsin Khan,84.0,115.0,4.0,8.2143,30.0,43.0,1.0,8.6,168,235,11.0,8.3929
2026,Mukesh Choudhary,108.0,155.0,5.0,8.6111,30.0,58.0,2.0,11.6,168,257,8.0,9.1786
2026,Mukesh Kumar,102.0,194.0,3.0,11.4118,42.0,85.0,1.0,12.1429,189,357,6.0,11.3333
2026,N Burger,156.0,278.0,7.0,10.6923,46.0,73.0,5.0,9.5217,262,465,14.0,10.6489
2026,N Rana,12.0,26.0,0.0,13.0,0.0,0.0,0.0,0.0,24,55,0.0,13.75
2026,Navdeep Saini,6.0,18.0,0.0,18.0,0.0,0.0,0.0,0.0,18,38,0.0,12.6667
2026,Nithish Kumar Reddy,67.0,116.0,3.0,10.3881,12.0,17.0,1.0,8.5,187,326,8.0,10.4599
2026,Noor Ahmad,6.0,19.0,0.0,19.0,24.0,39.0,0.0,9.75,307,443,12.0,8.658
2026,PJ Cummins,91.0,177.0,3.0,11.6703,42.0,65.0,1.0,9.2857,194,310,8.0,9.5876
2026,PP Hinge,66.0,126.0,6.0,11.4545,55.0,97.0,5.0,10.5818,159,307,14.0,11.5849
2026,PR Veer,6.0,18.0,0.0,18.0,0.0,0.0,0.0,0.0,12,25,0.0,12.5
2026,PVD Chameera,12.0,18.0,0.0,9.0,0.0,0.0,0.0,0.0,12,18,0.0,9.0
2026,Prince Yadav,114.0,165.0,6.0,8.6842,102.0,173.0,3.0,10.1765,312,465,16.0,8.9423
2026,R Parag,0.0,0.0,0.0,0.0,0.0,0.0,0.0,0.0,24,38,2.0,9.5
2026,R Sai Kishore,0.0,0.0,0.0,0.0,0.0,0.0,0.0,0.0,24,46,1.0,11.5
2026,R Shepherd,0.0,0.0,0.0,0.0,43.0,98.0,3.0,13.6744,151,303,7.0,12.0397
2026,RA Bawa,0.0,0.0,0.0,0.0,7.0,15.0,1.0,12.8571,25,50,2.0,12.0
2026,RA Jadeja,0.0,0.0,0.0,0.0,0.0,0.0,0.0,0.0,198,283,10.0,8.5758
2026,RD Chahar,0.0,0.0,0.0,0.0,6.0,14.0,0.0,14.0,24,46,0.0,11.5
2026,RS Ghosh,0.0,0.0,0.0,0.0,0.0,0.0,0.0,0.0,18,24,1.0,8.0
2026,Raghu Sharma,0.0,0.0,0.0,0.0,6.0,14.0,0.0,14.0,90,130,1.0,8.6667
2026,Ramandeep Singh,0.0,0.0,0.0,0.0,10.0,17.0,1.0,10.2,16,31,1.0,11.625
2026,Rashid Khan,12.0,9.0,0.0,4.5,54.0,112.0,2.0,12.4444,341,527,21.0,9.2727
2026,Rasikh Salam,102.0,144.0,5.0,8.4706,83.0,139.0,10.0,10.0482,259,407,19.0,9.4286
2026,Ravi Bishnoi,18.0,21.0,3.0,7.0,24.0,46.0,1.0,11.5,157,259,10.0,9.8981
2026,S Dube,0.0,0.0,0.0,0.0,0.0,0.0,0.0,0.0,30,64,1.0,12.8
2026,SH Johnson,42.0,79.0,0.0,11.2857,7.0,13.0,0.0,11.1429,67,114,2.0,10.209
2026,SN Thakur,24.0,59.0,2.0,14.75,38.0,73.0,4.0,11.5263,134,270,12.0,12.0896
2026,SP Narine,72.0,98.0,2.0,8.1667,54.0,51.0,9.0,5.6667,306,349,15.0,6.8431
2026,SR Dubey,52.0,64.0,3.0,7.3846,25.0,46.0,2.0,11.04,77,110,5.0,8.5714
2026,SS Mishra,6.0,13.0,0.0,13.0,8.0,12.0,1.0,9.0,38,68,2.0,10.7368
2026,Sakib Hussain,61.0,110.0,3.0,10.8197,78.0,118.0,7.0,9.0769,253,399,15.0,9.4625
2026,Sandeep Sharma,54.0,94.0,2.0,10.4444,46.0,106.0,1.0,13.8261,118,225,5.0,11.4407
2026,Shahbaz Ahmed,0.0,0.0,0.0,0.0,13.0,37.0,2.0,17.0769,67,130,5.0,11.6418
2026,Shashank Singh,0.0,0.0,0.0,0.0,12.0,27.0,1.0,13.5,60,89,4.0,8.9
2026,Shivang Kumar,6.0,23.0,0.0,23.0,12.0,25.0,2.0,12.5,234,376,9.0,9.641
2026,Suyash Sharma,0.0,0.0,0.0,0.0,23.0,19.0,2.0,4.9565,245,380,9.0,9.3061
2026,T Natarajan,12.0,18.0,0.0,9.0,74.0,130.0,4.0,10.5405,191,357,5.0,11.2147
2026,T Vijay,6.0,18.0,0.0,18.0,0.0,0.0,0.0,0.0,12,29,0.0,14.5
2026,TA Boult,48.0,109.0,0.0,13.625,25.0,41.0,2.0,9.84,97,188,2.0,11.6289
2026,TH David,0.0,0.0,0.0,0.0,0.0,0.0,0.0,0.0,6,18,0.0,18.0
2026,TM Head,0.0,0.0,0.0,0.0,6.0,8.0,1.0,8.0,6,8,1.0,8.0
2026,TU Deshpande,48.0,83.0,0.0,10.375,48.0,99.0,2.0,12.375,138,282,4.0,12.2609
2026,V Nigam,6.0,7.0,0.0,7.0,0.0,0.0,0.0,0.0,55,117,2.0,12.7636
2026,VG Arora,114.0,198.0,4.0,10.4211,90.0,153.0,6.0,10.2,228,396,11.0,10.4211
2026,Vijaykumar Vyshak,36.0,81.0,1.0,13.5,43.0,79.0,4.0,11.0233,187,333,9.0,10.6845
2026,WG Jacks,24.0,51.0,1.0,12.75,5.0,7.0,0.0,8.4,53,94,2.0,10.6415
2026,Washington Sundar,0.0,0.0,0.0,0.0,7.0,21.0,0.0,18.0,55,84,1.0,9.1636
2026,XC Bartlett,89.0,182.0,3.0,12.2697,71.0,127.0,2.0,10.7324,202,390,5.0,11.5842
2026,YS Chahal,0.0,0.0,0.0,0.0,30.0,59.0,1.0,11.8,250,389,12.0,9.336
2026,Yash Raj Punja,6.0,12.0,0.0,12.0,18.0,19.0,1.0,6.3333,180,281,9.0,9.3667
2026,Yash Thakur,12.0,22.0,1.0,11.0,7.0,22.0,1.0,18.8571,25,55,2.0,13.2
